Command line invocation:
    /Applications/Xcode.app/Contents/Developer/usr/bin/xcodebuild -project iOS/shigodeki.xcodeproj -scheme shigodeki -destination "generic/platform=iOS Simulator" build

Resolve Package Graph


Resolved source packages:
  Firebase: https://github.com/firebase/firebase-ios-sdk @ 12.8.0
  GoogleDataTransport: https://github.com/google/GoogleDataTransport.git @ 10.1.0
  leveldb: https://github.com/firebase/leveldb.git @ 1.22.5
  InteropForGoogle: https://github.com/google/interop-ios-for-google-sdks.git @ 101.0.0
  GoogleAdsOnDeviceConversion: https://github.com/googleads/google-ads-on-device-conversion-ios-sdk @ 3.2.0
  abseil: https://github.com/google/abseil-cpp-binary.git @ 1.2024072200.0
  AppCheck: https://github.com/google/app-check.git @ 11.2.0
  GTMSessionFetcher: https://github.com/google/gtm-session-fetcher.git @ 5.0.0
  GoogleUtilities: https://github.com/google/GoogleUtilities.git @ 8.1.0
  gRPC: https://github.com/google/grpc-binary.git @ 1.69.1
  GoogleAppMeasurement: https://github.com/google/GoogleAppMeasurement.git @ 12.8.0
  nanopb: https://github.com/firebase/nanopb.git @ 2.30910.0
  Promises: https://github.com/google/promises.git @ 2.4.0

ComputePackagePrebuildTargetDependencyGraph

Prepare packages

CreateBuildRequest

SendProjectDescription

CreateBuildOperation

ComputeTargetDependencyGraph
note: Building targets in dependency order
note: Target dependency graph (61 targets)
    Target 'shigodeki' in project 'shigodeki'
        ➜ Explicit dependency on target 'FirebaseStorage' in project 'Firebase'
        ➜ Explicit dependency on target 'FirebaseFirestore' in project 'Firebase'
        ➜ Explicit dependency on target 'FirebaseCore' in project 'Firebase'
        ➜ Explicit dependency on target 'FirebaseAuth' in project 'Firebase'
    Target 'FirebaseAuth' in project 'Firebase'
        ➜ Explicit dependency on target 'FirebaseAuth' in project 'Firebase'
        ➜ Explicit dependency on target 'Firebase_FirebaseAuth' in project 'Firebase'
        ➜ Explicit dependency on target 'FirebaseAppCheckInterop' in project 'Firebase'
        ➜ Explicit dependency on target 'FirebaseAuthInterop' in project 'Firebase'
        ➜ Explicit dependency on target 'FirebaseAuthInternal' in project 'Firebase'
        ➜ Explicit dependency on target 'Firebase' in project 'Firebase'
        ➜ Explicit dependency on target 'FirebaseCoreInternal' in project 'Firebase'
        ➜ Explicit dependency on target 'FirebaseCore' in project 'Firebase'
        ➜ Explicit dependency on target 'FirebaseCoreExtension' in project 'Firebase'
        ➜ Explicit dependency on target 'RecaptchaInterop' in project 'InteropForGoogle'
        ➜ Explicit dependency on target 'GULNSData' in project 'GoogleUtilities'
        ➜ Explicit dependency on target 'GULEnvironment' in project 'GoogleUtilities'
        ➜ Explicit dependency on target 'GULLogger' in project 'GoogleUtilities'
        ➜ Explicit dependency on target 'GULAppDelegateSwizzler' in project 'GoogleUtilities'
        ➜ Explicit dependency on target 'GTMSessionFetcherCore' in project 'GTMSessionFetcher'
    Target 'FirebaseAuth' in project 'Firebase'
        ➜ Explicit dependency on target 'Firebase_FirebaseAuth' in project 'Firebase'
        ➜ Explicit dependency on target 'FirebaseAppCheckInterop' in project 'Firebase'
        ➜ Explicit dependency on target 'FirebaseAuthInterop' in project 'Firebase'
        ➜ Explicit dependency on target 'FirebaseAuthInternal' in project 'Firebase'
        ➜ Explicit dependency on target 'Firebase' in project 'Firebase'
        ➜ Explicit dependency on target 'FirebaseCoreInternal' in project 'Firebase'
        ➜ Explicit dependency on target 'FirebaseCore' in project 'Firebase'
        ➜ Explicit dependency on target 'FirebaseCoreExtension' in project 'Firebase'
        ➜ Explicit dependency on target 'RecaptchaInterop' in project 'InteropForGoogle'
        ➜ Explicit dependency on target 'GULNSData' in project 'GoogleUtilities'
        ➜ Explicit dependency on target 'GULEnvironment' in project 'GoogleUtilities'
        ➜ Explicit dependency on target 'GULLogger' in project 'GoogleUtilities'
        ➜ Explicit dependency on target 'GULAppDelegateSwizzler' in project 'GoogleUtilities'
        ➜ Explicit dependency on target 'GTMSessionFetcherCore' in project 'GTMSessionFetcher'
    Target 'GULAppDelegateSwizzler' in project 'GoogleUtilities'
        ➜ Explicit dependency on target 'GoogleUtilities-AppDelegateSwizzler' in project 'GoogleUtilities'
        ➜ Explicit dependency on target 'GoogleUtilities_GoogleUtilities-AppDelegateSwizzler' in project 'GoogleUtilities'
        ➜ Explicit dependency on target 'third-party-IsAppEncrypted' in project 'GoogleUtilities'
        ➜ Explicit dependency on target 'GoogleUtilities-Environment' in project 'GoogleUtilities'
        ➜ Explicit dependency on target 'GoogleUtilities-Logger' in project 'GoogleUtilities'
        ➜ Explicit dependency on target 'GoogleUtilities-NSData' in project 'GoogleUtilities'
        ➜ Explicit dependency on target 'GoogleUtilities-Reachability' in project 'GoogleUtilities'
        ➜ Explicit dependency on target 'GoogleUtilities-Network' in project 'GoogleUtilities'
    Target 'GoogleUtilities-AppDelegateSwizzler' in project 'GoogleUtilities'
        ➜ Explicit dependency on target 'GoogleUtilities_GoogleUtilities-AppDelegateSwizzler' in project 'GoogleUtilities'
        ➜ Explicit dependency on target 'third-party-IsAppEncrypted' in project 'GoogleUtilities'
        ➜ Explicit dependency on target 'GoogleUtilities-Environment' in project 'GoogleUtilities'
        ➜ Explicit dependency on target 'GoogleUtilities-Logger' in project 'GoogleUtilities'
        ➜ Explicit dependency on target 'GoogleUtilities-NSData' in project 'GoogleUtilities'
        ➜ Explicit dependency on target 'GoogleUtilities-Reachability' in project 'GoogleUtilities'
        ➜ Explicit dependency on target 'GoogleUtilities-Network' in project 'GoogleUtilities'
    Target 'GoogleUtilities-Network' in project 'GoogleUtilities'
        ➜ Explicit dependency on target 'GoogleUtilities_GoogleUtilities-Network' in project 'GoogleUtilities'
        ➜ Explicit dependency on target 'third-party-IsAppEncrypted' in project 'GoogleUtilities'
        ➜ Explicit dependency on target 'GoogleUtilities-Environment' in project 'GoogleUtilities'
        ➜ Explicit dependency on target 'GoogleUtilities-Logger' in project 'GoogleUtilities'
        ➜ Explicit dependency on target 'GoogleUtilities-NSData' in project 'GoogleUtilities'
        ➜ Explicit dependency on target 'GoogleUtilities-Reachability' in project 'GoogleUtilities'
    Target 'GoogleUtilities_GoogleUtilities-Network' in project 'GoogleUtilities' (no dependencies)
    Target 'GoogleUtilities-Reachability' in project 'GoogleUtilities'
        ➜ Explicit dependency on target 'GoogleUtilities_GoogleUtilities-Reachability' in project 'GoogleUtilities'
        ➜ Explicit dependency on target 'third-party-IsAppEncrypted' in project 'GoogleUtilities'
        ➜ Explicit dependency on target 'GoogleUtilities-Environment' in project 'GoogleUtilities'
        ➜ Explicit dependency on target 'GoogleUtilities-Logger' in project 'GoogleUtilities'
    Target 'GoogleUtilities_GoogleUtilities-Reachability' in project 'GoogleUtilities' (no dependencies)
    Target 'GoogleUtilities_GoogleUtilities-AppDelegateSwizzler' in project 'GoogleUtilities' (no dependencies)
    Target 'FirebaseAuthInternal' in project 'Firebase'
        ➜ Explicit dependency on target 'RecaptchaInterop' in project 'InteropForGoogle'
    Target 'RecaptchaInterop' in project 'InteropForGoogle'
        ➜ Explicit dependency on target 'RecaptchaInterop' in project 'InteropForGoogle'
    Target 'RecaptchaInterop' in project 'InteropForGoogle' (no dependencies)
    Target 'Firebase_FirebaseAuth' in project 'Firebase' (no dependencies)
    Target 'FirebaseCore' in project 'Firebase'
        ➜ Explicit dependency on target 'FirebaseCore' in project 'Firebase'
        ➜ Explicit dependency on target 'Firebase_FirebaseCore' in project 'Firebase'
        ➜ Explicit dependency on target 'Firebase' in project 'Firebase'
        ➜ Explicit dependency on target 'FirebaseCoreInternal' in project 'Firebase'
        ➜ Explicit dependency on target 'GULNSData' in project 'GoogleUtilities'
        ➜ Explicit dependency on target 'GULEnvironment' in project 'GoogleUtilities'
        ➜ Explicit dependency on target 'GULLogger' in project 'GoogleUtilities'
    Target 'FirebaseFirestore' in project 'Firebase'
        ➜ Explicit dependency on target 'FirebaseFirestoreTarget' in project 'Firebase'
        ➜ Explicit dependency on target 'FirebaseFirestoreInternalWrapper' in project 'Firebase'
        ➜ Explicit dependency on target 'FirebaseAppCheckInterop' in project 'Firebase'
        ➜ Explicit dependency on target 'Firebase' in project 'Firebase'
        ➜ Explicit dependency on target 'FirebaseCoreInternal' in project 'Firebase'
        ➜ Explicit dependency on target 'FirebaseCore' in project 'Firebase'
        ➜ Explicit dependency on target 'FirebaseCoreExtension' in project 'Firebase'
        ➜ Explicit dependency on target 'FirebaseSharedSwift' in project 'Firebase'
        ➜ Explicit dependency on target 'FirebaseFirestore' in project 'Firebase'
        ➜ Explicit dependency on target 'GULNSData' in project 'GoogleUtilities'
        ➜ Explicit dependency on target 'GULEnvironment' in project 'GoogleUtilities'
        ➜ Explicit dependency on target 'GULLogger' in project 'GoogleUtilities'
        ➜ Explicit dependency on target 'abseil' in project 'abseil'
        ➜ Explicit dependency on target 'gRPC-C++' in project 'gRPC'
        ➜ Explicit dependency on target 'nanopb' in project 'nanopb'
        ➜ Explicit dependency on target 'leveldb' in project 'leveldb'
    Target 'FirebaseFirestoreTarget' in project 'Firebase'
        ➜ Explicit dependency on target 'FirebaseFirestoreInternalWrapper' in project 'Firebase'
        ➜ Explicit dependency on target 'FirebaseAppCheckInterop' in project 'Firebase'
        ➜ Explicit dependency on target 'Firebase' in project 'Firebase'
        ➜ Explicit dependency on target 'FirebaseCoreInternal' in project 'Firebase'
        ➜ Explicit dependency on target 'FirebaseCore' in project 'Firebase'
        ➜ Explicit dependency on target 'FirebaseCoreExtension' in project 'Firebase'
        ➜ Explicit dependency on target 'FirebaseSharedSwift' in project 'Firebase'
        ➜ Explicit dependency on target 'FirebaseFirestore' in project 'Firebase'
        ➜ Explicit dependency on target 'GULNSData' in project 'GoogleUtilities'
        ➜ Explicit dependency on target 'GULEnvironment' in project 'GoogleUtilities'
        ➜ Explicit dependency on target 'GULLogger' in project 'GoogleUtilities'
        ➜ Explicit dependency on target 'abseil' in project 'abseil'
        ➜ Explicit dependency on target 'gRPC-C++' in project 'gRPC'
        ➜ Explicit dependency on target 'nanopb' in project 'nanopb'
        ➜ Explicit dependency on target 'leveldb' in project 'leveldb'
    Target 'FirebaseFirestore' in project 'Firebase'
        ➜ Explicit dependency on target 'Firebase_FirebaseFirestore' in project 'Firebase'
        ➜ Explicit dependency on target 'FirebaseFirestoreInternalWrapper' in project 'Firebase'
        ➜ Explicit dependency on target 'FirebaseAppCheckInterop' in project 'Firebase'
        ➜ Explicit dependency on target 'Firebase' in project 'Firebase'
        ➜ Explicit dependency on target 'FirebaseCoreInternal' in project 'Firebase'
        ➜ Explicit dependency on target 'FirebaseCore' in project 'Firebase'
        ➜ Explicit dependency on target 'FirebaseCoreExtension' in project 'Firebase'
        ➜ Explicit dependency on target 'FirebaseSharedSwift' in project 'Firebase'
        ➜ Explicit dependency on target 'GULNSData' in project 'GoogleUtilities'
        ➜ Explicit dependency on target 'GULEnvironment' in project 'GoogleUtilities'
        ➜ Explicit dependency on target 'GULLogger' in project 'GoogleUtilities'
        ➜ Explicit dependency on target 'abseil' in project 'abseil'
        ➜ Explicit dependency on target 'gRPC-C++' in project 'gRPC'
        ➜ Explicit dependency on target 'nanopb' in project 'nanopb'
        ➜ Explicit dependency on target 'leveldb' in project 'leveldb'
    Target 'leveldb' in project 'leveldb'
        ➜ Explicit dependency on target 'leveldb' in project 'leveldb'
        ➜ Explicit dependency on target 'leveldb_leveldb' in project 'leveldb'
    Target 'leveldb' in project 'leveldb'
        ➜ Explicit dependency on target 'leveldb_leveldb' in project 'leveldb'
    Target 'leveldb_leveldb' in project 'leveldb' (no dependencies)
    Target 'nanopb' in project 'nanopb'
        ➜ Explicit dependency on target 'nanopb' in project 'nanopb'
        ➜ Explicit dependency on target 'nanopb_nanopb' in project 'nanopb'
    Target 'nanopb' in project 'nanopb'
        ➜ Explicit dependency on target 'nanopb_nanopb' in project 'nanopb'
    Target 'nanopb_nanopb' in project 'nanopb' (no dependencies)
    Target 'gRPC-C++' in project 'gRPC'
        ➜ Explicit dependency on target 'grpcppWrapper' in project 'gRPC'
        ➜ Explicit dependency on target 'gRPC_grpcppWrapper' in project 'gRPC'
        ➜ Explicit dependency on target 'grpcWrapper' in project 'gRPC'
        ➜ Explicit dependency on target 'opensslWrapper' in project 'gRPC'
        ➜ Explicit dependency on target 'abseil' in project 'abseil'
    Target 'grpcppWrapper' in project 'gRPC'
        ➜ Explicit dependency on target 'gRPC_grpcppWrapper' in project 'gRPC'
        ➜ Explicit dependency on target 'grpcWrapper' in project 'gRPC'
        ➜ Explicit dependency on target 'opensslWrapper' in project 'gRPC'
        ➜ Explicit dependency on target 'abseil' in project 'abseil'
    Target 'opensslWrapper' in project 'gRPC'
        ➜ Explicit dependency on target 'gRPC_opensslWrapper' in project 'gRPC'
    Target 'gRPC_opensslWrapper' in project 'gRPC' (no dependencies)
    Target 'grpcWrapper' in project 'gRPC'
        ➜ Explicit dependency on target 'gRPC_grpcWrapper' in project 'gRPC'
    Target 'gRPC_grpcWrapper' in project 'gRPC' (no dependencies)
    Target 'gRPC_grpcppWrapper' in project 'gRPC' (no dependencies)
    Target 'abseil' in project 'abseil'
        ➜ Explicit dependency on target 'abslWrapper' in project 'abseil'
        ➜ Explicit dependency on target 'abseil_abslWrapper' in project 'abseil'
    Target 'abslWrapper' in project 'abseil'
        ➜ Explicit dependency on target 'abseil_abslWrapper' in project 'abseil'
    Target 'abseil_abslWrapper' in project 'abseil' (no dependencies)
    Target 'Firebase_FirebaseFirestore' in project 'Firebase' (no dependencies)
    Target 'FirebaseSharedSwift' in project 'Firebase' (no dependencies)
    Target 'FirebaseFirestoreInternalWrapper' in project 'Firebase' (no dependencies)
    Target 'FirebaseStorage' in project 'Firebase'
        ➜ Explicit dependency on target 'FirebaseStorage' in project 'Firebase'
        ➜ Explicit dependency on target 'FirebaseAppCheckInterop' in project 'Firebase'
        ➜ Explicit dependency on target 'FirebaseAuthInterop' in project 'Firebase'
        ➜ Explicit dependency on target 'Firebase' in project 'Firebase'
        ➜ Explicit dependency on target 'FirebaseCoreInternal' in project 'Firebase'
        ➜ Explicit dependency on target 'FirebaseCore' in project 'Firebase'
        ➜ Explicit dependency on target 'FirebaseCoreExtension' in project 'Firebase'
        ➜ Explicit dependency on target 'GULNSData' in project 'GoogleUtilities'
        ➜ Explicit dependency on target 'GULEnvironment' in project 'GoogleUtilities'
        ➜ Explicit dependency on target 'GULLogger' in project 'GoogleUtilities'
        ➜ Explicit dependency on target 'GTMSessionFetcherCore' in project 'GTMSessionFetcher'
    Target 'FirebaseStorage' in project 'Firebase'
        ➜ Explicit dependency on target 'FirebaseAppCheckInterop' in project 'Firebase'
        ➜ Explicit dependency on target 'FirebaseAuthInterop' in project 'Firebase'
        ➜ Explicit dependency on target 'Firebase' in project 'Firebase'
        ➜ Explicit dependency on target 'FirebaseCoreInternal' in project 'Firebase'
        ➜ Explicit dependency on target 'FirebaseCore' in project 'Firebase'
        ➜ Explicit dependency on target 'FirebaseCoreExtension' in project 'Firebase'
        ➜ Explicit dependency on target 'GULNSData' in project 'GoogleUtilities'
        ➜ Explicit dependency on target 'GULEnvironment' in project 'GoogleUtilities'
        ➜ Explicit dependency on target 'GULLogger' in project 'GoogleUtilities'
        ➜ Explicit dependency on target 'GTMSessionFetcherCore' in project 'GTMSessionFetcher'
    Target 'GTMSessionFetcherCore' in project 'GTMSessionFetcher'
        ➜ Explicit dependency on target 'GTMSessionFetcherCore' in project 'GTMSessionFetcher'
        ➜ Explicit dependency on target 'GTMSessionFetcher_GTMSessionFetcherCore' in project 'GTMSessionFetcher'
    Target 'GTMSessionFetcherCore' in project 'GTMSessionFetcher'
        ➜ Explicit dependency on target 'GTMSessionFetcher_GTMSessionFetcherCore' in project 'GTMSessionFetcher'
    Target 'GTMSessionFetcher_GTMSessionFetcherCore' in project 'GTMSessionFetcher' (no dependencies)
    Target 'FirebaseCoreExtension' in project 'Firebase'
        ➜ Explicit dependency on target 'Firebase_FirebaseCoreExtension' in project 'Firebase'
    Target 'Firebase_FirebaseCoreExtension' in project 'Firebase' (no dependencies)
    Target 'FirebaseCore' in project 'Firebase'
        ➜ Explicit dependency on target 'Firebase_FirebaseCore' in project 'Firebase'
        ➜ Explicit dependency on target 'Firebase' in project 'Firebase'
        ➜ Explicit dependency on target 'FirebaseCoreInternal' in project 'Firebase'
        ➜ Explicit dependency on target 'GULNSData' in project 'GoogleUtilities'
        ➜ Explicit dependency on target 'GULEnvironment' in project 'GoogleUtilities'
        ➜ Explicit dependency on target 'GULLogger' in project 'GoogleUtilities'
    Target 'GULLogger' in project 'GoogleUtilities'
        ➜ Explicit dependency on target 'GoogleUtilities-Logger' in project 'GoogleUtilities'
        ➜ Explicit dependency on target 'GoogleUtilities_GoogleUtilities-Logger' in project 'GoogleUtilities'
        ➜ Explicit dependency on target 'third-party-IsAppEncrypted' in project 'GoogleUtilities'
        ➜ Explicit dependency on target 'GoogleUtilities-Environment' in project 'GoogleUtilities'
    Target 'GoogleUtilities-Logger' in project 'GoogleUtilities'
        ➜ Explicit dependency on target 'GoogleUtilities_GoogleUtilities-Logger' in project 'GoogleUtilities'
        ➜ Explicit dependency on target 'third-party-IsAppEncrypted' in project 'GoogleUtilities'
        ➜ Explicit dependency on target 'GoogleUtilities-Environment' in project 'GoogleUtilities'
    Target 'GoogleUtilities_GoogleUtilities-Logger' in project 'GoogleUtilities' (no dependencies)
    Target 'GULEnvironment' in project 'GoogleUtilities'
        ➜ Explicit dependency on target 'GoogleUtilities-Environment' in project 'GoogleUtilities'
        ➜ Explicit dependency on target 'GoogleUtilities_GoogleUtilities-Environment' in project 'GoogleUtilities'
        ➜ Explicit dependency on target 'third-party-IsAppEncrypted' in project 'GoogleUtilities'
    Target 'GoogleUtilities-Environment' in project 'GoogleUtilities'
        ➜ Explicit dependency on target 'GoogleUtilities_GoogleUtilities-Environment' in project 'GoogleUtilities'
        ➜ Explicit dependency on target 'third-party-IsAppEncrypted' in project 'GoogleUtilities'
    Target 'third-party-IsAppEncrypted' in project 'GoogleUtilities' (no dependencies)
    Target 'GoogleUtilities_GoogleUtilities-Environment' in project 'GoogleUtilities' (no dependencies)
    Target 'Firebase_FirebaseCore' in project 'Firebase' (no dependencies)
    Target 'FirebaseCoreInternal' in project 'Firebase'
        ➜ Explicit dependency on target 'Firebase_FirebaseCoreInternal' in project 'Firebase'
        ➜ Explicit dependency on target 'GULNSData' in project 'GoogleUtilities'
    Target 'GULNSData' in project 'GoogleUtilities'
        ➜ Explicit dependency on target 'GoogleUtilities-NSData' in project 'GoogleUtilities'
        ➜ Explicit dependency on target 'GoogleUtilities_GoogleUtilities-NSData' in project 'GoogleUtilities'
    Target 'GoogleUtilities-NSData' in project 'GoogleUtilities'
        ➜ Explicit dependency on target 'GoogleUtilities_GoogleUtilities-NSData' in project 'GoogleUtilities'
    Target 'GoogleUtilities_GoogleUtilities-NSData' in project 'GoogleUtilities' (no dependencies)
    Target 'Firebase_FirebaseCoreInternal' in project 'Firebase' (no dependencies)
    Target 'Firebase' in project 'Firebase' (no dependencies)
    Target 'FirebaseAuthInterop' in project 'Firebase' (no dependencies)
    Target 'FirebaseAppCheckInterop' in project 'Firebase' (no dependencies)

GatherProvisioningInputs

CreateBuildDescription

ExecuteExternalTool /Applications/Xcode.app/Contents/Developer/Toolchains/XcodeDefault.xctoolchain/usr/bin/clang -v -E -dM -arch arm64 -isysroot /Applications/Xcode.app/Contents/Developer/Platforms/iPhoneSimulator.platform/Developer/SDKs/iPhoneSimulator26.2.sdk -x objective-c -c /dev/null

ExecuteExternalTool /Applications/Xcode.app/Contents/Developer/Toolchains/XcodeDefault.xctoolchain/usr/bin/swiftc --version

ExecuteExternalTool /Applications/Xcode.app/Contents/Developer/Toolchains/XcodeDefault.xctoolchain/usr/bin/clang -v -E -dM -isysroot /Applications/Xcode.app/Contents/Developer/Platforms/iPhoneSimulator.platform/Developer/SDKs/iPhoneSimulator26.2.sdk -x c -c /dev/null

ExecuteExternalTool /Applications/Xcode.app/Contents/Developer/usr/bin/momc --dry-run --action generate --swift-version 5.0 --sdkroot /Applications/Xcode.app/Contents/Developer/Platforms/iPhoneSimulator.platform/Developer/SDKs/iPhoneSimulator26.2.sdk --iphonesimulator-deployment-target 18.5 --module shigodeki /Users/delaxstudio/src/shigodeki/iOS/shigodeki/shigodeki.xcdatamodeld /Users/delaxstudio/Library/Developer/Xcode/DerivedData/shigodeki-fkaeotsqybievcdjwhonrrgqyvla/Build/Intermediates.noindex/shigodeki.build/Debug-iphonesimulator/shigodeki.build/DerivedSources/CoreDataGenerated/shigodeki

ExecuteExternalTool /Applications/Xcode.app/Contents/Developer/Toolchains/XcodeDefault.xctoolchain/usr/bin/clang -v -E -dM -arch arm64 -isysroot /Applications/Xcode.app/Contents/Developer/Platforms/iPhoneSimulator.platform/Developer/SDKs/iPhoneSimulator26.2.sdk -x c -c /dev/null

ExecuteExternalTool /Applications/Xcode.app/Contents/Developer/usr/bin/actool --print-asset-tag-combinations --output-format xml1 /Users/delaxstudio/src/shigodeki/iOS/shigodeki/Assets.xcassets

ExecuteExternalTool /Applications/Xcode.app/Contents/Developer/Toolchains/XcodeDefault.xctoolchain/usr/bin/ld -version_details

ExecuteExternalTool /Applications/Xcode.app/Contents/Developer/usr/bin/actool --version --output-format xml1

ExecuteExternalTool /Applications/Xcode.app/Contents/Developer/Toolchains/XcodeDefault.xctoolchain/usr/bin/clang -v -E -dM -arch arm64 -isysroot /Applications/Xcode.app/Contents/Developer/Platforms/iPhoneSimulator.platform/Developer/SDKs/iPhoneSimulator26.2.sdk -x c++ -c /dev/null

ExecuteExternalTool /Applications/Xcode.app/Contents/Developer/Toolchains/XcodeDefault.xctoolchain/usr/bin/clang -v -E -dM -arch x86_64 -isysroot /Applications/Xcode.app/Contents/Developer/Platforms/iPhoneSimulator.platform/Developer/SDKs/iPhoneSimulator26.2.sdk -x objective-c -c /dev/null

ExecuteExternalTool /Applications/Xcode.app/Contents/Developer/Toolchains/XcodeDefault.xctoolchain/usr/bin/clang -v -E -dM -arch x86_64 -isysroot /Applications/Xcode.app/Contents/Developer/Platforms/iPhoneSimulator.platform/Developer/SDKs/iPhoneSimulator26.2.sdk -x c -c /dev/null

ExecuteExternalTool /Applications/Xcode.app/Contents/Developer/Toolchains/XcodeDefault.xctoolchain/usr/bin/clang -v -E -dM -arch x86_64 -isysroot /Applications/Xcode.app/Contents/Developer/Platforms/iPhoneSimulator.platform/Developer/SDKs/iPhoneSimulator26.2.sdk -x c++ -c /dev/null

Build description signature: 746070fae60d705c2784c6163ae6180c
Build description path: /Users/delaxstudio/Library/Developer/Xcode/DerivedData/shigodeki-fkaeotsqybievcdjwhonrrgqyvla/Build/Intermediates.noindex/XCBuildData/746070fae60d705c2784c6163ae6180c.xcbuilddata
ClangStatCache /Applications/Xcode.app/Contents/Developer/Toolchains/XcodeDefault.xctoolchain/usr/bin/clang-stat-cache /Applications/Xcode.app/Contents/Developer/Platforms/iPhoneSimulator.platform/Developer/SDKs/iPhoneSimulator26.2.sdk /Users/delaxstudio/Library/Developer/Xcode/DerivedData/SDKStatCaches.noindex/iphonesimulator26.2-23C53-7d00a8b37fbd7999ea79df8ebc024bf0.sdkstatcache
    cd /Users/delaxstudio/src/shigodeki/iOS/shigodeki.xcodeproj
    /Applications/Xcode.app/Contents/Developer/Toolchains/XcodeDefault.xctoolchain/usr/bin/clang-stat-cache /Applications/Xcode.app/Contents/Developer/Platforms/iPhoneSimulator.platform/Developer/SDKs/iPhoneSimulator26.2.sdk -o /Users/delaxstudio/Library/Developer/Xcode/DerivedData/SDKStatCaches.noindex/iphonesimulator26.2-23C53-7d00a8b37fbd7999ea79df8ebc024bf0.sdkstatcache

ProcessInfoPlistFile /Users/delaxstudio/Library/Developer/Xcode/DerivedData/shigodeki-fkaeotsqybievcdjwhonrrgqyvla/Build/Products/Debug-iphonesimulator/abseil_abslWrapper.bundle/Info.plist /Users/delaxstudio/Library/Developer/Xcode/DerivedData/shigodeki-fkaeotsqybievcdjwhonrrgqyvla/Build/Intermediates.noindex/abseil.build/Debug-iphonesimulator/abseil_abslWrapper.build/empty-abseil_abslWrapper.plist (in target 'abseil_abslWrapper' from project 'abseil')
    cd /Users/delaxstudio/Library/Developer/Xcode/DerivedData/shigodeki-fkaeotsqybievcdjwhonrrgqyvla/SourcePackages/checkouts/abseil-cpp-binary
    builtin-infoPlistUtility /Users/delaxstudio/Library/Developer/Xcode/DerivedData/shigodeki-fkaeotsqybievcdjwhonrrgqyvla/Build/Intermediates.noindex/abseil.build/Debug-iphonesimulator/abseil_abslWrapper.build/empty-abseil_abslWrapper.plist -producttype com.apple.product-type.bundle -expandbuildsettings -format binary -platform iphonesimulator -o /Users/delaxstudio/Library/Developer/Xcode/DerivedData/shigodeki-fkaeotsqybievcdjwhonrrgqyvla/Build/Products/Debug-iphonesimulator/abseil_abslWrapper.bundle/Info.plist

ProcessInfoPlistFile /Users/delaxstudio/Library/Developer/Xcode/DerivedData/shigodeki-fkaeotsqybievcdjwhonrrgqyvla/Build/Products/Debug-iphonesimulator/gRPC_grpcWrapper.bundle/Info.plist /Users/delaxstudio/Library/Developer/Xcode/DerivedData/shigodeki-fkaeotsqybievcdjwhonrrgqyvla/Build/Intermediates.noindex/gRPC.build/Debug-iphonesimulator/gRPC_grpcWrapper.build/empty-gRPC_grpcWrapper.plist (in target 'gRPC_grpcWrapper' from project 'gRPC')
    cd /Users/delaxstudio/Library/Developer/Xcode/DerivedData/shigodeki-fkaeotsqybievcdjwhonrrgqyvla/SourcePackages/checkouts/grpc-binary
    builtin-infoPlistUtility /Users/delaxstudio/Library/Developer/Xcode/DerivedData/shigodeki-fkaeotsqybievcdjwhonrrgqyvla/Build/Intermediates.noindex/gRPC.build/Debug-iphonesimulator/gRPC_grpcWrapper.build/empty-gRPC_grpcWrapper.plist -producttype com.apple.product-type.bundle -expandbuildsettings -format binary -platform iphonesimulator -o /Users/delaxstudio/Library/Developer/Xcode/DerivedData/shigodeki-fkaeotsqybievcdjwhonrrgqyvla/Build/Products/Debug-iphonesimulator/gRPC_grpcWrapper.bundle/Info.plist

ProcessInfoPlistFile /Users/delaxstudio/Library/Developer/Xcode/DerivedData/shigodeki-fkaeotsqybievcdjwhonrrgqyvla/Build/Products/Debug-iphonesimulator/GoogleUtilities_GoogleUtilities-Reachability.bundle/Info.plist /Users/delaxstudio/Library/Developer/Xcode/DerivedData/shigodeki-fkaeotsqybievcdjwhonrrgqyvla/Build/Intermediates.noindex/GoogleUtilities.build/Debug-iphonesimulator/GoogleUtilities_GoogleUtilities-Reachability.build/empty-GoogleUtilities_GoogleUtilities-Reachability.plist (in target 'GoogleUtilities_GoogleUtilities-Reachability' from project 'GoogleUtilities')
    cd /Users/delaxstudio/Library/Developer/Xcode/DerivedData/shigodeki-fkaeotsqybievcdjwhonrrgqyvla/SourcePackages/checkouts/GoogleUtilities
    builtin-infoPlistUtility /Users/delaxstudio/Library/Developer/Xcode/DerivedData/shigodeki-fkaeotsqybievcdjwhonrrgqyvla/Build/Intermediates.noindex/GoogleUtilities.build/Debug-iphonesimulator/GoogleUtilities_GoogleUtilities-Reachability.build/empty-GoogleUtilities_GoogleUtilities-Reachability.plist -producttype com.apple.product-type.bundle -expandbuildsettings -format binary -platform iphonesimulator -o /Users/delaxstudio/Library/Developer/Xcode/DerivedData/shigodeki-fkaeotsqybievcdjwhonrrgqyvla/Build/Products/Debug-iphonesimulator/GoogleUtilities_GoogleUtilities-Reachability.bundle/Info.plist

ProcessInfoPlistFile /Users/delaxstudio/Library/Developer/Xcode/DerivedData/shigodeki-fkaeotsqybievcdjwhonrrgqyvla/Build/Products/Debug-iphonesimulator/gRPC_opensslWrapper.bundle/Info.plist /Users/delaxstudio/Library/Developer/Xcode/DerivedData/shigodeki-fkaeotsqybievcdjwhonrrgqyvla/Build/Intermediates.noindex/gRPC.build/Debug-iphonesimulator/gRPC_opensslWrapper.build/empty-gRPC_opensslWrapper.plist (in target 'gRPC_opensslWrapper' from project 'gRPC')
    cd /Users/delaxstudio/Library/Developer/Xcode/DerivedData/shigodeki-fkaeotsqybievcdjwhonrrgqyvla/SourcePackages/checkouts/grpc-binary
    builtin-infoPlistUtility /Users/delaxstudio/Library/Developer/Xcode/DerivedData/shigodeki-fkaeotsqybievcdjwhonrrgqyvla/Build/Intermediates.noindex/gRPC.build/Debug-iphonesimulator/gRPC_opensslWrapper.build/empty-gRPC_opensslWrapper.plist -producttype com.apple.product-type.bundle -expandbuildsettings -format binary -platform iphonesimulator -o /Users/delaxstudio/Library/Developer/Xcode/DerivedData/shigodeki-fkaeotsqybievcdjwhonrrgqyvla/Build/Products/Debug-iphonesimulator/gRPC_opensslWrapper.bundle/Info.plist

ProcessInfoPlistFile /Users/delaxstudio/Library/Developer/Xcode/DerivedData/shigodeki-fkaeotsqybievcdjwhonrrgqyvla/Build/Products/Debug-iphonesimulator/GoogleUtilities_GoogleUtilities-Network.bundle/Info.plist /Users/delaxstudio/Library/Developer/Xcode/DerivedData/shigodeki-fkaeotsqybievcdjwhonrrgqyvla/Build/Intermediates.noindex/GoogleUtilities.build/Debug-iphonesimulator/GoogleUtilities_GoogleUtilities-Network.build/empty-GoogleUtilities_GoogleUtilities-Network.plist (in target 'GoogleUtilities_GoogleUtilities-Network' from project 'GoogleUtilities')
    cd /Users/delaxstudio/Library/Developer/Xcode/DerivedData/shigodeki-fkaeotsqybievcdjwhonrrgqyvla/SourcePackages/checkouts/GoogleUtilities
    builtin-infoPlistUtility /Users/delaxstudio/Library/Developer/Xcode/DerivedData/shigodeki-fkaeotsqybievcdjwhonrrgqyvla/Build/Intermediates.noindex/GoogleUtilities.build/Debug-iphonesimulator/GoogleUtilities_GoogleUtilities-Network.build/empty-GoogleUtilities_GoogleUtilities-Network.plist -producttype com.apple.product-type.bundle -expandbuildsettings -format binary -platform iphonesimulator -o /Users/delaxstudio/Library/Developer/Xcode/DerivedData/shigodeki-fkaeotsqybievcdjwhonrrgqyvla/Build/Products/Debug-iphonesimulator/GoogleUtilities_GoogleUtilities-Network.bundle/Info.plist

ProcessInfoPlistFile /Users/delaxstudio/Library/Developer/Xcode/DerivedData/shigodeki-fkaeotsqybievcdjwhonrrgqyvla/Build/Products/Debug-iphonesimulator/GoogleUtilities_GoogleUtilities-Logger.bundle/Info.plist /Users/delaxstudio/Library/Developer/Xcode/DerivedData/shigodeki-fkaeotsqybievcdjwhonrrgqyvla/Build/Intermediates.noindex/GoogleUtilities.build/Debug-iphonesimulator/GoogleUtilities_GoogleUtilities-Logger.build/empty-GoogleUtilities_GoogleUtilities-Logger.plist (in target 'GoogleUtilities_GoogleUtilities-Logger' from project 'GoogleUtilities')
    cd /Users/delaxstudio/Library/Developer/Xcode/DerivedData/shigodeki-fkaeotsqybievcdjwhonrrgqyvla/SourcePackages/checkouts/GoogleUtilities
    builtin-infoPlistUtility /Users/delaxstudio/Library/Developer/Xcode/DerivedData/shigodeki-fkaeotsqybievcdjwhonrrgqyvla/Build/Intermediates.noindex/GoogleUtilities.build/Debug-iphonesimulator/GoogleUtilities_GoogleUtilities-Logger.build/empty-GoogleUtilities_GoogleUtilities-Logger.plist -producttype com.apple.product-type.bundle -expandbuildsettings -format binary -platform iphonesimulator -o /Users/delaxstudio/Library/Developer/Xcode/DerivedData/shigodeki-fkaeotsqybievcdjwhonrrgqyvla/Build/Products/Debug-iphonesimulator/GoogleUtilities_GoogleUtilities-Logger.bundle/Info.plist

ProcessInfoPlistFile /Users/delaxstudio/Library/Developer/Xcode/DerivedData/shigodeki-fkaeotsqybievcdjwhonrrgqyvla/Build/Products/Debug-iphonesimulator/GoogleUtilities_GoogleUtilities-Environment.bundle/Info.plist /Users/delaxstudio/Library/Developer/Xcode/DerivedData/shigodeki-fkaeotsqybievcdjwhonrrgqyvla/Build/Intermediates.noindex/GoogleUtilities.build/Debug-iphonesimulator/GoogleUtilities_GoogleUtilities-Environment.build/empty-GoogleUtilities_GoogleUtilities-Environment.plist (in target 'GoogleUtilities_GoogleUtilities-Environment' from project 'GoogleUtilities')
    cd /Users/delaxstudio/Library/Developer/Xcode/DerivedData/shigodeki-fkaeotsqybievcdjwhonrrgqyvla/SourcePackages/checkouts/GoogleUtilities
    builtin-infoPlistUtility /Users/delaxstudio/Library/Developer/Xcode/DerivedData/shigodeki-fkaeotsqybievcdjwhonrrgqyvla/Build/Intermediates.noindex/GoogleUtilities.build/Debug-iphonesimulator/GoogleUtilities_GoogleUtilities-Environment.build/empty-GoogleUtilities_GoogleUtilities-Environment.plist -producttype com.apple.product-type.bundle -expandbuildsettings -format binary -platform iphonesimulator -o /Users/delaxstudio/Library/Developer/Xcode/DerivedData/shigodeki-fkaeotsqybievcdjwhonrrgqyvla/Build/Products/Debug-iphonesimulator/GoogleUtilities_GoogleUtilities-Environment.bundle/Info.plist

ProcessInfoPlistFile /Users/delaxstudio/Library/Developer/Xcode/DerivedData/shigodeki-fkaeotsqybievcdjwhonrrgqyvla/Build/Products/Debug-iphonesimulator/GoogleUtilities_GoogleUtilities-AppDelegateSwizzler.bundle/Info.plist /Users/delaxstudio/Library/Developer/Xcode/DerivedData/shigodeki-fkaeotsqybievcdjwhonrrgqyvla/Build/Intermediates.noindex/GoogleUtilities.build/Debug-iphonesimulator/GoogleUtilities_GoogleUtilities-AppDelegateSwizzler.build/empty-GoogleUtilities_GoogleUtilities-AppDelegateSwizzler.plist (in target 'GoogleUtilities_GoogleUtilities-AppDelegateSwizzler' from project 'GoogleUtilities')
    cd /Users/delaxstudio/Library/Developer/Xcode/DerivedData/shigodeki-fkaeotsqybievcdjwhonrrgqyvla/SourcePackages/checkouts/GoogleUtilities
    builtin-infoPlistUtility /Users/delaxstudio/Library/Developer/Xcode/DerivedData/shigodeki-fkaeotsqybievcdjwhonrrgqyvla/Build/Intermediates.noindex/GoogleUtilities.build/Debug-iphonesimulator/GoogleUtilities_GoogleUtilities-AppDelegateSwizzler.build/empty-GoogleUtilities_GoogleUtilities-AppDelegateSwizzler.plist -producttype com.apple.product-type.bundle -expandbuildsettings -format binary -platform iphonesimulator -o /Users/delaxstudio/Library/Developer/Xcode/DerivedData/shigodeki-fkaeotsqybievcdjwhonrrgqyvla/Build/Products/Debug-iphonesimulator/GoogleUtilities_GoogleUtilities-AppDelegateSwizzler.bundle/Info.plist

ProcessInfoPlistFile /Users/delaxstudio/Library/Developer/Xcode/DerivedData/shigodeki-fkaeotsqybievcdjwhonrrgqyvla/Build/Products/Debug-iphonesimulator/GTMSessionFetcher_GTMSessionFetcherCore.bundle/Info.plist /Users/delaxstudio/Library/Developer/Xcode/DerivedData/shigodeki-fkaeotsqybievcdjwhonrrgqyvla/Build/Intermediates.noindex/GTMSessionFetcher.build/Debug-iphonesimulator/GTMSessionFetcher_GTMSessionFetcherCore.build/empty-GTMSessionFetcher_GTMSessionFetcherCore.plist (in target 'GTMSessionFetcher_GTMSessionFetcherCore' from project 'GTMSessionFetcher')
    cd /Users/delaxstudio/Library/Developer/Xcode/DerivedData/shigodeki-fkaeotsqybievcdjwhonrrgqyvla/SourcePackages/checkouts/gtm-session-fetcher
    builtin-infoPlistUtility /Users/delaxstudio/Library/Developer/Xcode/DerivedData/shigodeki-fkaeotsqybievcdjwhonrrgqyvla/Build/Intermediates.noindex/GTMSessionFetcher.build/Debug-iphonesimulator/GTMSessionFetcher_GTMSessionFetcherCore.build/empty-GTMSessionFetcher_GTMSessionFetcherCore.plist -producttype com.apple.product-type.bundle -expandbuildsettings -format binary -platform iphonesimulator -o /Users/delaxstudio/Library/Developer/Xcode/DerivedData/shigodeki-fkaeotsqybievcdjwhonrrgqyvla/Build/Products/Debug-iphonesimulator/GTMSessionFetcher_GTMSessionFetcherCore.bundle/Info.plist

ProcessInfoPlistFile /Users/delaxstudio/Library/Developer/Xcode/DerivedData/shigodeki-fkaeotsqybievcdjwhonrrgqyvla/Build/Products/Debug-iphonesimulator/Firebase_FirebaseFirestore.bundle/Info.plist /Users/delaxstudio/Library/Developer/Xcode/DerivedData/shigodeki-fkaeotsqybievcdjwhonrrgqyvla/Build/Intermediates.noindex/Firebase.build/Debug-iphonesimulator/Firebase_FirebaseFirestore.build/empty-Firebase_FirebaseFirestore.plist (in target 'Firebase_FirebaseFirestore' from project 'Firebase')
    cd /Users/delaxstudio/Library/Developer/Xcode/DerivedData/shigodeki-fkaeotsqybievcdjwhonrrgqyvla/SourcePackages/checkouts/firebase-ios-sdk
    builtin-infoPlistUtility /Users/delaxstudio/Library/Developer/Xcode/DerivedData/shigodeki-fkaeotsqybievcdjwhonrrgqyvla/Build/Intermediates.noindex/Firebase.build/Debug-iphonesimulator/Firebase_FirebaseFirestore.build/empty-Firebase_FirebaseFirestore.plist -producttype com.apple.product-type.bundle -expandbuildsettings -format binary -platform iphonesimulator -o /Users/delaxstudio/Library/Developer/Xcode/DerivedData/shigodeki-fkaeotsqybievcdjwhonrrgqyvla/Build/Products/Debug-iphonesimulator/Firebase_FirebaseFirestore.bundle/Info.plist

ProcessInfoPlistFile /Users/delaxstudio/Library/Developer/Xcode/DerivedData/shigodeki-fkaeotsqybievcdjwhonrrgqyvla/Build/Products/Debug-iphonesimulator/nanopb_nanopb.bundle/Info.plist /Users/delaxstudio/Library/Developer/Xcode/DerivedData/shigodeki-fkaeotsqybievcdjwhonrrgqyvla/Build/Intermediates.noindex/nanopb.build/Debug-iphonesimulator/nanopb_nanopb.build/empty-nanopb_nanopb.plist (in target 'nanopb_nanopb' from project 'nanopb')
    cd /Users/delaxstudio/Library/Developer/Xcode/DerivedData/shigodeki-fkaeotsqybievcdjwhonrrgqyvla/SourcePackages/checkouts/nanopb
    builtin-infoPlistUtility /Users/delaxstudio/Library/Developer/Xcode/DerivedData/shigodeki-fkaeotsqybievcdjwhonrrgqyvla/Build/Intermediates.noindex/nanopb.build/Debug-iphonesimulator/nanopb_nanopb.build/empty-nanopb_nanopb.plist -producttype com.apple.product-type.bundle -expandbuildsettings -format binary -platform iphonesimulator -o /Users/delaxstudio/Library/Developer/Xcode/DerivedData/shigodeki-fkaeotsqybievcdjwhonrrgqyvla/Build/Products/Debug-iphonesimulator/nanopb_nanopb.bundle/Info.plist

ProcessInfoPlistFile /Users/delaxstudio/Library/Developer/Xcode/DerivedData/shigodeki-fkaeotsqybievcdjwhonrrgqyvla/Build/Products/Debug-iphonesimulator/GoogleUtilities_GoogleUtilities-NSData.bundle/Info.plist /Users/delaxstudio/Library/Developer/Xcode/DerivedData/shigodeki-fkaeotsqybievcdjwhonrrgqyvla/Build/Intermediates.noindex/GoogleUtilities.build/Debug-iphonesimulator/GoogleUtilities_GoogleUtilities-NSData.build/empty-GoogleUtilities_GoogleUtilities-NSData.plist (in target 'GoogleUtilities_GoogleUtilities-NSData' from project 'GoogleUtilities')
    cd /Users/delaxstudio/Library/Developer/Xcode/DerivedData/shigodeki-fkaeotsqybievcdjwhonrrgqyvla/SourcePackages/checkouts/GoogleUtilities
    builtin-infoPlistUtility /Users/delaxstudio/Library/Developer/Xcode/DerivedData/shigodeki-fkaeotsqybievcdjwhonrrgqyvla/Build/Intermediates.noindex/GoogleUtilities.build/Debug-iphonesimulator/GoogleUtilities_GoogleUtilities-NSData.build/empty-GoogleUtilities_GoogleUtilities-NSData.plist -producttype com.apple.product-type.bundle -expandbuildsettings -format binary -platform iphonesimulator -o /Users/delaxstudio/Library/Developer/Xcode/DerivedData/shigodeki-fkaeotsqybievcdjwhonrrgqyvla/Build/Products/Debug-iphonesimulator/GoogleUtilities_GoogleUtilities-NSData.bundle/Info.plist

ProcessInfoPlistFile /Users/delaxstudio/Library/Developer/Xcode/DerivedData/shigodeki-fkaeotsqybievcdjwhonrrgqyvla/Build/Products/Debug-iphonesimulator/Firebase_FirebaseCoreInternal.bundle/Info.plist /Users/delaxstudio/Library/Developer/Xcode/DerivedData/shigodeki-fkaeotsqybievcdjwhonrrgqyvla/Build/Intermediates.noindex/Firebase.build/Debug-iphonesimulator/Firebase_FirebaseCoreInternal.build/empty-Firebase_FirebaseCoreInternal.plist (in target 'Firebase_FirebaseCoreInternal' from project 'Firebase')
    cd /Users/delaxstudio/Library/Developer/Xcode/DerivedData/shigodeki-fkaeotsqybievcdjwhonrrgqyvla/SourcePackages/checkouts/firebase-ios-sdk
    builtin-infoPlistUtility /Users/delaxstudio/Library/Developer/Xcode/DerivedData/shigodeki-fkaeotsqybievcdjwhonrrgqyvla/Build/Intermediates.noindex/Firebase.build/Debug-iphonesimulator/Firebase_FirebaseCoreInternal.build/empty-Firebase_FirebaseCoreInternal.plist -producttype com.apple.product-type.bundle -expandbuildsettings -format binary -platform iphonesimulator -o /Users/delaxstudio/Library/Developer/Xcode/DerivedData/shigodeki-fkaeotsqybievcdjwhonrrgqyvla/Build/Products/Debug-iphonesimulator/Firebase_FirebaseCoreInternal.bundle/Info.plist

ProcessInfoPlistFile /Users/delaxstudio/Library/Developer/Xcode/DerivedData/shigodeki-fkaeotsqybievcdjwhonrrgqyvla/Build/Products/Debug-iphonesimulator/gRPC_grpcppWrapper.bundle/Info.plist /Users/delaxstudio/Library/Developer/Xcode/DerivedData/shigodeki-fkaeotsqybievcdjwhonrrgqyvla/Build/Intermediates.noindex/gRPC.build/Debug-iphonesimulator/gRPC_grpcppWrapper.build/empty-gRPC_grpcppWrapper.plist (in target 'gRPC_grpcppWrapper' from project 'gRPC')
    cd /Users/delaxstudio/Library/Developer/Xcode/DerivedData/shigodeki-fkaeotsqybievcdjwhonrrgqyvla/SourcePackages/checkouts/grpc-binary
    builtin-infoPlistUtility /Users/delaxstudio/Library/Developer/Xcode/DerivedData/shigodeki-fkaeotsqybievcdjwhonrrgqyvla/Build/Intermediates.noindex/gRPC.build/Debug-iphonesimulator/gRPC_grpcppWrapper.build/empty-gRPC_grpcppWrapper.plist -producttype com.apple.product-type.bundle -expandbuildsettings -format binary -platform iphonesimulator -o /Users/delaxstudio/Library/Developer/Xcode/DerivedData/shigodeki-fkaeotsqybievcdjwhonrrgqyvla/Build/Products/Debug-iphonesimulator/gRPC_grpcppWrapper.bundle/Info.plist

ProcessInfoPlistFile /Users/delaxstudio/Library/Developer/Xcode/DerivedData/shigodeki-fkaeotsqybievcdjwhonrrgqyvla/Build/Products/Debug-iphonesimulator/Firebase_FirebaseCoreExtension.bundle/Info.plist /Users/delaxstudio/Library/Developer/Xcode/DerivedData/shigodeki-fkaeotsqybievcdjwhonrrgqyvla/Build/Intermediates.noindex/Firebase.build/Debug-iphonesimulator/Firebase_FirebaseCoreExtension.build/empty-Firebase_FirebaseCoreExtension.plist (in target 'Firebase_FirebaseCoreExtension' from project 'Firebase')
    cd /Users/delaxstudio/Library/Developer/Xcode/DerivedData/shigodeki-fkaeotsqybievcdjwhonrrgqyvla/SourcePackages/checkouts/firebase-ios-sdk
    builtin-infoPlistUtility /Users/delaxstudio/Library/Developer/Xcode/DerivedData/shigodeki-fkaeotsqybievcdjwhonrrgqyvla/Build/Intermediates.noindex/Firebase.build/Debug-iphonesimulator/Firebase_FirebaseCoreExtension.build/empty-Firebase_FirebaseCoreExtension.plist -producttype com.apple.product-type.bundle -expandbuildsettings -format binary -platform iphonesimulator -o /Users/delaxstudio/Library/Developer/Xcode/DerivedData/shigodeki-fkaeotsqybievcdjwhonrrgqyvla/Build/Products/Debug-iphonesimulator/Firebase_FirebaseCoreExtension.bundle/Info.plist

ProcessInfoPlistFile /Users/delaxstudio/Library/Developer/Xcode/DerivedData/shigodeki-fkaeotsqybievcdjwhonrrgqyvla/Build/Products/Debug-iphonesimulator/Firebase_FirebaseCore.bundle/Info.plist /Users/delaxstudio/Library/Developer/Xcode/DerivedData/shigodeki-fkaeotsqybievcdjwhonrrgqyvla/Build/Intermediates.noindex/Firebase.build/Debug-iphonesimulator/Firebase_FirebaseCore.build/empty-Firebase_FirebaseCore.plist (in target 'Firebase_FirebaseCore' from project 'Firebase')
    cd /Users/delaxstudio/Library/Developer/Xcode/DerivedData/shigodeki-fkaeotsqybievcdjwhonrrgqyvla/SourcePackages/checkouts/firebase-ios-sdk
    builtin-infoPlistUtility /Users/delaxstudio/Library/Developer/Xcode/DerivedData/shigodeki-fkaeotsqybievcdjwhonrrgqyvla/Build/Intermediates.noindex/Firebase.build/Debug-iphonesimulator/Firebase_FirebaseCore.build/empty-Firebase_FirebaseCore.plist -producttype com.apple.product-type.bundle -expandbuildsettings -format binary -platform iphonesimulator -o /Users/delaxstudio/Library/Developer/Xcode/DerivedData/shigodeki-fkaeotsqybievcdjwhonrrgqyvla/Build/Products/Debug-iphonesimulator/Firebase_FirebaseCore.bundle/Info.plist

ProcessInfoPlistFile /Users/delaxstudio/Library/Developer/Xcode/DerivedData/shigodeki-fkaeotsqybievcdjwhonrrgqyvla/Build/Products/Debug-iphonesimulator/leveldb_leveldb.bundle/Info.plist /Users/delaxstudio/Library/Developer/Xcode/DerivedData/shigodeki-fkaeotsqybievcdjwhonrrgqyvla/Build/Intermediates.noindex/leveldb.build/Debug-iphonesimulator/leveldb_leveldb.build/empty-leveldb_leveldb.plist (in target 'leveldb_leveldb' from project 'leveldb')
    cd /Users/delaxstudio/Library/Developer/Xcode/DerivedData/shigodeki-fkaeotsqybievcdjwhonrrgqyvla/SourcePackages/checkouts/leveldb
    builtin-infoPlistUtility /Users/delaxstudio/Library/Developer/Xcode/DerivedData/shigodeki-fkaeotsqybievcdjwhonrrgqyvla/Build/Intermediates.noindex/leveldb.build/Debug-iphonesimulator/leveldb_leveldb.build/empty-leveldb_leveldb.plist -producttype com.apple.product-type.bundle -expandbuildsettings -format binary -platform iphonesimulator -o /Users/delaxstudio/Library/Developer/Xcode/DerivedData/shigodeki-fkaeotsqybievcdjwhonrrgqyvla/Build/Products/Debug-iphonesimulator/leveldb_leveldb.bundle/Info.plist

ProcessInfoPlistFile /Users/delaxstudio/Library/Developer/Xcode/DerivedData/shigodeki-fkaeotsqybievcdjwhonrrgqyvla/Build/Products/Debug-iphonesimulator/Firebase_FirebaseAuth.bundle/Info.plist /Users/delaxstudio/Library/Developer/Xcode/DerivedData/shigodeki-fkaeotsqybievcdjwhonrrgqyvla/Build/Intermediates.noindex/Firebase.build/Debug-iphonesimulator/Firebase_FirebaseAuth.build/empty-Firebase_FirebaseAuth.plist (in target 'Firebase_FirebaseAuth' from project 'Firebase')
    cd /Users/delaxstudio/Library/Developer/Xcode/DerivedData/shigodeki-fkaeotsqybievcdjwhonrrgqyvla/SourcePackages/checkouts/firebase-ios-sdk
    builtin-infoPlistUtility /Users/delaxstudio/Library/Developer/Xcode/DerivedData/shigodeki-fkaeotsqybievcdjwhonrrgqyvla/Build/Intermediates.noindex/Firebase.build/Debug-iphonesimulator/Firebase_FirebaseAuth.build/empty-Firebase_FirebaseAuth.plist -producttype com.apple.product-type.bundle -expandbuildsettings -format binary -platform iphonesimulator -o /Users/delaxstudio/Library/Developer/Xcode/DerivedData/shigodeki-fkaeotsqybievcdjwhonrrgqyvla/Build/Products/Debug-iphonesimulator/Firebase_FirebaseAuth.bundle/Info.plist

note: Run script build phase 'Run Script' will be run during every build because the option to run the script phase "Based on dependency analysis" is unchecked. (in target 'shigodeki' from project 'shigodeki')
SwiftDriver shigodeki normal x86_64 com.apple.xcode.tools.swift.compiler (in target 'shigodeki' from project 'shigodeki')
    cd /Users/delaxstudio/src/shigodeki/iOS
    builtin-SwiftDriver -- /Applications/Xcode.app/Contents/Developer/Toolchains/XcodeDefault.xctoolchain/usr/bin/swiftc -module-name shigodeki -Onone -enforce-exclusivity\=checked @/Users/delaxstudio/Library/Developer/Xcode/DerivedData/shigodeki-fkaeotsqybievcdjwhonrrgqyvla/Build/Intermediates.noindex/shigodeki.build/Debug-iphonesimulator/shigodeki.build/Objects-normal/x86_64/shigodeki.SwiftFileList -DDEBUG -Xcc -fmodule-map-file\=/Users/delaxstudio/Library/Developer/Xcode/DerivedData/shigodeki-fkaeotsqybievcdjwhonrrgqyvla/Build/Intermediates.noindex/GeneratedModuleMaps-iphonesimulator/abslWrapper.modulemap -Xcc -fmodule-map-file\=/Users/delaxstudio/Library/Developer/Xcode/DerivedData/shigodeki-fkaeotsqybievcdjwhonrrgqyvla/Build/Intermediates.noindex/GeneratedModuleMaps-iphonesimulator/opensslWrapper.modulemap -Xcc -fmodule-map-file\=/Users/delaxstudio/Library/Developer/Xcode/DerivedData/shigodeki-fkaeotsqybievcdjwhonrrgqyvla/Build/Intermediates.noindex/GeneratedModuleMaps-iphonesimulator/grpcWrapper.modulemap -Xcc -fmodule-map-file\=/Users/delaxstudio/Library/Developer/Xcode/DerivedData/shigodeki-fkaeotsqybievcdjwhonrrgqyvla/Build/Intermediates.noindex/GeneratedModuleMaps-iphonesimulator/grpcppWrapper.modulemap -Xcc -fmodule-map-file\=/Users/delaxstudio/Library/Developer/Xcode/DerivedData/shigodeki-fkaeotsqybievcdjwhonrrgqyvla/Build/Intermediates.noindex/GeneratedModuleMaps-iphonesimulator/nanopb.modulemap -Xcc -fmodule-map-file\=/Users/delaxstudio/Library/Developer/Xcode/DerivedData/shigodeki-fkaeotsqybievcdjwhonrrgqyvla/Build/Intermediates.noindex/GeneratedModuleMaps-iphonesimulator/leveldb.modulemap -Xcc -fmodule-map-file\=/Users/delaxstudio/Library/Developer/Xcode/DerivedData/shigodeki-fkaeotsqybievcdjwhonrrgqyvla/Build/Intermediates.noindex/GeneratedModuleMaps-iphonesimulator/FirebaseFirestoreInternalWrapper.modulemap -Xcc -fmodule-map-file\=/Users/delaxstudio/Library/Developer/Xcode/DerivedData/shigodeki-fkaeotsqybievcdjwhonrrgqyvla/Build/Intermediates.noindex/GeneratedModuleMaps-iphonesimulator/FirebaseFirestoreTarget.modulemap -Xcc -fmodule-map-file\=/Users/delaxstudio/Library/Developer/Xcode/DerivedData/shigodeki-fkaeotsqybievcdjwhonrrgqyvla/Build/Intermediates.noindex/GeneratedModuleMaps-iphonesimulator/RecaptchaInterop.modulemap -Xcc -fmodule-map-file\=/Users/delaxstudio/Library/Developer/Xcode/DerivedData/shigodeki-fkaeotsqybievcdjwhonrrgqyvla/Build/Intermediates.noindex/GeneratedModuleMaps-iphonesimulator/GoogleUtilities-Network.modulemap -Xcc -fmodule-map-file\=/Users/delaxstudio/Library/Developer/Xcode/DerivedData/shigodeki-fkaeotsqybievcdjwhonrrgqyvla/Build/Intermediates.noindex/GeneratedModuleMaps-iphonesimulator/GoogleUtilities-Reachability.modulemap -Xcc -fmodule-map-file\=/Users/delaxstudio/Library/Developer/Xcode/DerivedData/shigodeki-fkaeotsqybievcdjwhonrrgqyvla/Build/Intermediates.noindex/GeneratedModuleMaps-iphonesimulator/GoogleUtilities-NSData.modulemap -Xcc -fmodule-map-file\=/Users/delaxstudio/Library/Developer/Xcode/DerivedData/shigodeki-fkaeotsqybievcdjwhonrrgqyvla/Build/Intermediates.noindex/GeneratedModuleMaps-iphonesimulator/GoogleUtilities-Logger.modulemap -Xcc -fmodule-map-file\=/Users/delaxstudio/Library/Developer/Xcode/DerivedData/shigodeki-fkaeotsqybievcdjwhonrrgqyvla/Build/Intermediates.noindex/GeneratedModuleMaps-iphonesimulator/GoogleUtilities-Environment.modulemap -Xcc -fmodule-map-file\=/Users/delaxstudio/Library/Developer/Xcode/DerivedData/shigodeki-fkaeotsqybievcdjwhonrrgqyvla/Build/Intermediates.noindex/GeneratedModuleMaps-iphonesimulator/third-party-IsAppEncrypted.modulemap -Xcc -fmodule-map-file\=/Users/delaxstudio/Library/Developer/Xcode/DerivedData/shigodeki-fkaeotsqybievcdjwhonrrgqyvla/Build/Intermediates.noindex/GeneratedModuleMaps-iphonesimulator/GoogleUtilities-AppDelegateSwizzler.modulemap -Xcc -fmodule-map-file\=/Users/delaxstudio/Library/Developer/Xcode/DerivedData/shigodeki-fkaeotsqybievcdjwhonrrgqyvla/Build/Intermediates.noindex/GeneratedModuleMaps-iphonesimulator/GTMSessionFetcherCore.modulemap -Xcc -fmodule-map-file\=/Users/delaxstudio/Library/Developer/Xcode/DerivedData/shigodeki-fkaeotsqybievcdjwhonrrgqyvla/Build/Intermediates.noindex/GeneratedModuleMaps-iphonesimulator/FirebaseCoreExtension.modulemap -Xcc -fmodule-map-file\=/Users/delaxstudio/Library/Developer/Xcode/DerivedData/shigodeki-fkaeotsqybievcdjwhonrrgqyvla/Build/Intermediates.noindex/GeneratedModuleMaps-iphonesimulator/FirebaseCore.modulemap -Xcc -fmodule-map-file\=/Users/delaxstudio/Library/Developer/Xcode/DerivedData/shigodeki-fkaeotsqybievcdjwhonrrgqyvla/Build/Intermediates.noindex/GeneratedModuleMaps-iphonesimulator/FirebaseAuthInternal.modulemap -Xcc -fmodule-map-file\=/Users/delaxstudio/Library/Developer/Xcode/DerivedData/shigodeki-fkaeotsqybievcdjwhonrrgqyvla/Build/Intermediates.noindex/GeneratedModuleMaps-iphonesimulator/FirebaseAuthInterop.modulemap -Xcc -fmodule-map-file\=/Users/delaxstudio/Library/Developer/Xcode/DerivedData/shigodeki-fkaeotsqybievcdjwhonrrgqyvla/Build/Intermediates.noindex/GeneratedModuleMaps-iphonesimulator/FirebaseAppCheckInterop.modulemap -enable-bare-slash-regex -enable-experimental-feature DebugDescriptionMacro -sdk /Applications/Xcode.app/Contents/Developer/Platforms/iPhoneSimulator.platform/Developer/SDKs/iPhoneSimulator26.2.sdk -target x86_64-apple-ios18.5-simulator -g -module-cache-path /Users/delaxstudio/Library/Developer/Xcode/DerivedData/ModuleCache.noindex -Xfrontend -serialize-debugging-options -enable-testing -index-store-path /Users/delaxstudio/Library/Developer/Xcode/DerivedData/shigodeki-fkaeotsqybievcdjwhonrrgqyvla/Index.noindex/DataStore -Xcc -D_LIBCPP_HARDENING_MODE\=_LIBCPP_HARDENING_MODE_DEBUG -swift-version 5 -I /Users/delaxstudio/Library/Developer/Xcode/DerivedData/shigodeki-fkaeotsqybievcdjwhonrrgqyvla/Build/Products/Debug-iphonesimulator -F /Users/delaxstudio/Library/Developer/Xcode/DerivedData/shigodeki-fkaeotsqybievcdjwhonrrgqyvla/Build/Products/Debug-iphonesimulator/PackageFrameworks -F /Users/delaxstudio/Library/Developer/Xcode/DerivedData/shigodeki-fkaeotsqybievcdjwhonrrgqyvla/Build/Products/Debug-iphonesimulator/PackageFrameworks -F /Users/delaxstudio/Library/Developer/Xcode/DerivedData/shigodeki-fkaeotsqybievcdjwhonrrgqyvla/Build/Products/Debug-iphonesimulator/PackageFrameworks -F /Users/delaxstudio/Library/Developer/Xcode/DerivedData/shigodeki-fkaeotsqybievcdjwhonrrgqyvla/Build/Products/Debug-iphonesimulator/PackageFrameworks -F /Users/delaxstudio/Library/Developer/Xcode/DerivedData/shigodeki-fkaeotsqybievcdjwhonrrgqyvla/Build/Products/Debug-iphonesimulator/PackageFrameworks -F /Users/delaxstudio/Library/Developer/Xcode/DerivedData/shigodeki-fkaeotsqybievcdjwhonrrgqyvla/Build/Products/Debug-iphonesimulator/PackageFrameworks -F /Users/delaxstudio/Library/Developer/Xcode/DerivedData/shigodeki-fkaeotsqybievcdjwhonrrgqyvla/Build/Products/Debug-iphonesimulator/PackageFrameworks -F /Users/delaxstudio/Library/Developer/Xcode/DerivedData/shigodeki-fkaeotsqybievcdjwhonrrgqyvla/Build/Products/Debug-iphonesimulator/PackageFrameworks -F /Users/delaxstudio/Library/Developer/Xcode/DerivedData/shigodeki-fkaeotsqybievcdjwhonrrgqyvla/Build/Products/Debug-iphonesimulator/PackageFrameworks -F /Users/delaxstudio/Library/Developer/Xcode/DerivedData/shigodeki-fkaeotsqybievcdjwhonrrgqyvla/Build/Products/Debug-iphonesimulator/PackageFrameworks -F /Users/delaxstudio/Library/Developer/Xcode/DerivedData/shigodeki-fkaeotsqybievcdjwhonrrgqyvla/Build/Products/Debug-iphonesimulator/PackageFrameworks -F /Users/delaxstudio/Library/Developer/Xcode/DerivedData/shigodeki-fkaeotsqybievcdjwhonrrgqyvla/Build/Products/Debug-iphonesimulator/PackageFrameworks -F /Users/delaxstudio/Library/Developer/Xcode/DerivedData/shigodeki-fkaeotsqybievcdjwhonrrgqyvla/Build/Products/Debug-iphonesimulator/PackageFrameworks -F /Users/delaxstudio/Library/Developer/Xcode/DerivedData/shigodeki-fkaeotsqybievcdjwhonrrgqyvla/Build/Products/Debug-iphonesimulator/PackageFrameworks -F /Users/delaxstudio/Library/Developer/Xcode/DerivedData/shigodeki-fkaeotsqybievcdjwhonrrgqyvla/Build/Products/Debug-iphonesimulator/PackageFrameworks -F /Users/delaxstudio/Library/Developer/Xcode/DerivedData/shigodeki-fkaeotsqybievcdjwhonrrgqyvla/Build/Products/Debug-iphonesimulator/PackageFrameworks -F /Users/delaxstudio/Library/Developer/Xcode/DerivedData/shigodeki-fkaeotsqybievcdjwhonrrgqyvla/Build/Products/Debug-iphonesimulator/PackageFrameworks -F /Users/delaxstudio/Library/Developer/Xcode/DerivedData/shigodeki-fkaeotsqybievcdjwhonrrgqyvla/Build/Products/Debug-iphonesimulator/PackageFrameworks -F /Users/delaxstudio/Library/Developer/Xcode/DerivedData/shigodeki-fkaeotsqybievcdjwhonrrgqyvla/Build/Products/Debug-iphonesimulator/PackageFrameworks -F /Users/delaxstudio/Library/Developer/Xcode/DerivedData/shigodeki-fkaeotsqybievcdjwhonrrgqyvla/Build/Products/Debug-iphonesimulator/PackageFrameworks -F /Users/delaxstudio/Library/Developer/Xcode/DerivedData/shigodeki-fkaeotsqybievcdjwhonrrgqyvla/Build/Products/Debug-iphonesimulator/PackageFrameworks -F /Users/delaxstudio/Library/Developer/Xcode/DerivedData/shigodeki-fkaeotsqybievcdjwhonrrgqyvla/Build/Products/Debug-iphonesimulator/PackageFrameworks -F /Users/delaxstudio/Library/Developer/Xcode/DerivedData/shigodeki-fkaeotsqybievcdjwhonrrgqyvla/Build/Products/Debug-iphonesimulator/PackageFrameworks -F /Users/delaxstudio/Library/Developer/Xcode/DerivedData/shigodeki-fkaeotsqybievcdjwhonrrgqyvla/Build/Products/Debug-iphonesimulator/PackageFrameworks -F /Users/delaxstudio/Library/Developer/Xcode/DerivedData/shigodeki-fkaeotsqybievcdjwhonrrgqyvla/Build/Products/Debug-iphonesimulator/PackageFrameworks -F /Users/delaxstudio/Library/Developer/Xcode/DerivedData/shigodeki-fkaeotsqybievcdjwhonrrgqyvla/Build/Products/Debug-iphonesimulator/PackageFrameworks -F /Users/delaxstudio/Library/Developer/Xcode/DerivedData/shigodeki-fkaeotsqybievcdjwhonrrgqyvla/Build/Products/Debug-iphonesimulator/PackageFrameworks -F /Users/delaxstudio/Library/Developer/Xcode/DerivedData/shigodeki-fkaeotsqybievcdjwhonrrgqyvla/Build/Products/Debug-iphonesimulator/PackageFrameworks -F /Users/delaxstudio/Library/Developer/Xcode/DerivedData/shigodeki-fkaeotsqybievcdjwhonrrgqyvla/Build/Products/Debug-iphonesimulator -emit-localized-strings -emit-localized-strings-path /Users/delaxstudio/Library/Developer/Xcode/DerivedData/shigodeki-fkaeotsqybievcdjwhonrrgqyvla/Build/Intermediates.noindex/shigodeki.build/Debug-iphonesimulator/shigodeki.build/Objects-normal/x86_64 -c -j20 -enable-batch-mode -incremental -Xcc -ivfsstatcache -Xcc /Users/delaxstudio/Library/Developer/Xcode/DerivedData/SDKStatCaches.noindex/iphonesimulator26.2-23C53-7d00a8b37fbd7999ea79df8ebc024bf0.sdkstatcache -output-file-map /Users/delaxstudio/Library/Developer/Xcode/DerivedData/shigodeki-fkaeotsqybievcdjwhonrrgqyvla/Build/Intermediates.noindex/shigodeki.build/Debug-iphonesimulator/shigodeki.build/Objects-normal/x86_64/shigodeki-OutputFileMap.json -use-frontend-parseable-output -save-temps -no-color-diagnostics -explicit-module-build -module-cache-path /Users/delaxstudio/Library/Developer/Xcode/DerivedData/shigodeki-fkaeotsqybievcdjwhonrrgqyvla/Build/Intermediates.noindex/SwiftExplicitPrecompiledModules -clang-scanner-module-cache-path /Users/delaxstudio/Library/Developer/Xcode/DerivedData/ModuleCache.noindex -sdk-module-cache-path /Users/delaxstudio/Library/Developer/Xcode/DerivedData/ModuleCache.noindex -serialize-diagnostics -emit-dependencies -emit-module -emit-module-path /Users/delaxstudio/Library/Developer/Xcode/DerivedData/shigodeki-fkaeotsqybievcdjwhonrrgqyvla/Build/Intermediates.noindex/shigodeki.build/Debug-iphonesimulator/shigodeki.build/Objects-normal/x86_64/shigodeki.swiftmodule -validate-clang-modules-once -clang-build-session-file /Users/delaxstudio/Library/Developer/Xcode/DerivedData/ModuleCache.noindex/Session.modulevalidation -Xcc -I/Users/delaxstudio/Library/Developer/Xcode/DerivedData/shigodeki-fkaeotsqybievcdjwhonrrgqyvla/Build/Intermediates.noindex/shigodeki.build/Debug-iphonesimulator/shigodeki.build/swift-overrides.hmap -emit-const-values -Xfrontend -const-gather-protocols-file -Xfrontend /Users/delaxstudio/Library/Developer/Xcode/DerivedData/shigodeki-fkaeotsqybievcdjwhonrrgqyvla/Build/Intermediates.noindex/shigodeki.build/Debug-iphonesimulator/shigodeki.build/Objects-normal/x86_64/shigodeki_const_extract_protocols.json -Xcc -iquote -Xcc /Users/delaxstudio/Library/Developer/Xcode/DerivedData/shigodeki-fkaeotsqybievcdjwhonrrgqyvla/Build/Intermediates.noindex/shigodeki.build/Debug-iphonesimulator/shigodeki.build/shigodeki-generated-files.hmap -Xcc -I/Users/delaxstudio/Library/Developer/Xcode/DerivedData/shigodeki-fkaeotsqybievcdjwhonrrgqyvla/Build/Intermediates.noindex/shigodeki.build/Debug-iphonesimulator/shigodeki.build/shigodeki-own-target-headers.hmap -Xcc -I/Users/delaxstudio/Library/Developer/Xcode/DerivedData/shigodeki-fkaeotsqybievcdjwhonrrgqyvla/Build/Intermediates.noindex/shigodeki.build/Debug-iphonesimulator/shigodeki.build/shigodeki-all-non-framework-target-headers.hmap -Xcc -ivfsoverlay -Xcc /Users/delaxstudio/Library/Developer/Xcode/DerivedData/shigodeki-fkaeotsqybievcdjwhonrrgqyvla/Build/Intermediates.noindex/shigodeki.build/Debug-iphonesimulator/shigodeki-778cd99806b7a64fcaf3138ab8d360b6-VFS-iphonesimulator/all-product-headers.yaml -Xcc -iquote -Xcc /Users/delaxstudio/Library/Developer/Xcode/DerivedData/shigodeki-fkaeotsqybievcdjwhonrrgqyvla/Build/Intermediates.noindex/shigodeki.build/Debug-iphonesimulator/shigodeki.build/shigodeki-project-headers.hmap -Xcc -I/Users/delaxstudio/Library/Developer/Xcode/DerivedData/shigodeki-fkaeotsqybievcdjwhonrrgqyvla/SourcePackages/checkouts/abseil-cpp-binary/absl-Wrapper/include -Xcc -I/Users/delaxstudio/Library/Developer/Xcode/DerivedData/shigodeki-fkaeotsqybievcdjwhonrrgqyvla/SourcePackages/checkouts/grpc-binary/openssl-grpc-Wrapper/include -Xcc -I/Users/delaxstudio/Library/Developer/Xcode/DerivedData/shigodeki-fkaeotsqybievcdjwhonrrgqyvla/SourcePackages/checkouts/grpc-binary/grpc-Wrapper/include -Xcc -I/Users/delaxstudio/Library/Developer/Xcode/DerivedData/shigodeki-fkaeotsqybievcdjwhonrrgqyvla/SourcePackages/checkouts/grpc-binary/grpcpp-Wrapper/include -Xcc -I/Users/delaxstudio/Library/Developer/Xcode/DerivedData/shigodeki-fkaeotsqybievcdjwhonrrgqyvla/SourcePackages/checkouts/nanopb/spm_headers -Xcc -I/Users/delaxstudio/Library/Developer/Xcode/DerivedData/shigodeki-fkaeotsqybievcdjwhonrrgqyvla/SourcePackages/checkouts/leveldb/include -Xcc -I/Users/delaxstudio/Library/Developer/Xcode/DerivedData/shigodeki-fkaeotsqybievcdjwhonrrgqyvla/SourcePackages/checkouts/firebase-ios-sdk/FirebaseFirestoreInternal -Xcc -I/Users/delaxstudio/Library/Developer/Xcode/DerivedData/shigodeki-fkaeotsqybievcdjwhonrrgqyvla/SourcePackages/checkouts/firebase-ios-sdk/SwiftPM-PlatformExclude/FirebaseFirestoreWrap/include -Xcc -I/Users/delaxstudio/Library/Developer/Xcode/DerivedData/shigodeki-fkaeotsqybievcdjwhonrrgqyvla/SourcePackages/checkouts/interop-ios-for-google-sdks/RecaptchaEnterprise/RecaptchaInterop/Public -Xcc -I/Users/delaxstudio/Library/Developer/Xcode/DerivedData/shigodeki-fkaeotsqybievcdjwhonrrgqyvla/SourcePackages/checkouts/GoogleUtilities/GoogleUtilities/Network/Public -Xcc -I/Users/delaxstudio/Library/Developer/Xcode/DerivedData/shigodeki-fkaeotsqybievcdjwhonrrgqyvla/SourcePackages/checkouts/GoogleUtilities/GoogleUtilities/Reachability/Public -Xcc -I/Users/delaxstudio/Library/Developer/Xcode/DerivedData/shigodeki-fkaeotsqybievcdjwhonrrgqyvla/SourcePackages/checkouts/GoogleUtilities/GoogleUtilities/NSData+zlib/Public -Xcc -I/Users/delaxstudio/Library/Developer/Xcode/DerivedData/shigodeki-fkaeotsqybievcdjwhonrrgqyvla/SourcePackages/checkouts/GoogleUtilities/GoogleUtilities/Logger/Public -Xcc -I/Users/delaxstudio/Library/Developer/Xcode/DerivedData/shigodeki-fkaeotsqybievcdjwhonrrgqyvla/SourcePackages/checkouts/GoogleUtilities/GoogleUtilities/Environment/Public -Xcc -I/Users/delaxstudio/Library/Developer/Xcode/DerivedData/shigodeki-fkaeotsqybievcdjwhonrrgqyvla/SourcePackages/checkouts/GoogleUtilities/third_party/IsAppEncrypted/Public -Xcc -I/Users/delaxstudio/Library/Developer/Xcode/DerivedData/shigodeki-fkaeotsqybievcdjwhonrrgqyvla/SourcePackages/checkouts/GoogleUtilities/GoogleUtilities/AppDelegateSwizzler/Public -Xcc -I/Users/delaxstudio/Library/Developer/Xcode/DerivedData/shigodeki-fkaeotsqybievcdjwhonrrgqyvla/SourcePackages/checkouts/gtm-session-fetcher/Sources/Core/Public -Xcc -I/Users/delaxstudio/Library/Developer/Xcode/DerivedData/shigodeki-fkaeotsqybievcdjwhonrrgqyvla/SourcePackages/checkouts/firebase-ios-sdk/FirebaseCore/Extension -Xcc -I/Users/delaxstudio/Library/Developer/Xcode/DerivedData/shigodeki-fkaeotsqybievcdjwhonrrgqyvla/SourcePackages/checkouts/firebase-ios-sdk/FirebaseCore/Sources/Public -Xcc -I/Users/delaxstudio/Library/Developer/Xcode/DerivedData/shigodeki-fkaeotsqybievcdjwhonrrgqyvla/SourcePackages/checkouts/firebase-ios-sdk/CoreOnly/Sources -Xcc -I/Users/delaxstudio/Library/Developer/Xcode/DerivedData/shigodeki-fkaeotsqybievcdjwhonrrgqyvla/SourcePackages/checkouts/firebase-ios-sdk/FirebaseAuth/Sources/Public -Xcc -I/Users/delaxstudio/Library/Developer/Xcode/DerivedData/shigodeki-fkaeotsqybievcdjwhonrrgqyvla/SourcePackages/checkouts/firebase-ios-sdk/FirebaseAuth/Interop/Public -Xcc -I/Users/delaxstudio/Library/Developer/Xcode/DerivedData/shigodeki-fkaeotsqybievcdjwhonrrgqyvla/SourcePackages/checkouts/firebase-ios-sdk/FirebaseAppCheck/Interop/Public -Xcc -I/Users/delaxstudio/Library/Developer/Xcode/DerivedData/shigodeki-fkaeotsqybievcdjwhonrrgqyvla/Build/Products/Debug-iphonesimulator/include -Xcc -I/Users/delaxstudio/Library/Developer/Xcode/DerivedData/shigodeki-fkaeotsqybievcdjwhonrrgqyvla/Build/Intermediates.noindex/shigodeki.build/Debug-iphonesimulator/shigodeki.build/DerivedSources-normal/x86_64 -Xcc -I/Users/delaxstudio/Library/Developer/Xcode/DerivedData/shigodeki-fkaeotsqybievcdjwhonrrgqyvla/Build/Intermediates.noindex/shigodeki.build/Debug-iphonesimulator/shigodeki.build/DerivedSources/x86_64 -Xcc -I/Users/delaxstudio/Library/Developer/Xcode/DerivedData/shigodeki-fkaeotsqybievcdjwhonrrgqyvla/Build/Intermediates.noindex/shigodeki.build/Debug-iphonesimulator/shigodeki.build/DerivedSources -Xcc -DDEBUG\=1 -emit-objc-header -emit-objc-header-path /Users/delaxstudio/Library/Developer/Xcode/DerivedData/shigodeki-fkaeotsqybievcdjwhonrrgqyvla/Build/Intermediates.noindex/shigodeki.build/Debug-iphonesimulator/shigodeki.build/Objects-normal/x86_64/shigodeki-Swift.h -working-directory /Users/delaxstudio/src/shigodeki/iOS -experimental-emit-module-separately -disable-cmo

SwiftDriver shigodeki normal arm64 com.apple.xcode.tools.swift.compiler (in target 'shigodeki' from project 'shigodeki')
    cd /Users/delaxstudio/src/shigodeki/iOS
    builtin-SwiftDriver -- /Applications/Xcode.app/Contents/Developer/Toolchains/XcodeDefault.xctoolchain/usr/bin/swiftc -module-name shigodeki -Onone -enforce-exclusivity\=checked @/Users/delaxstudio/Library/Developer/Xcode/DerivedData/shigodeki-fkaeotsqybievcdjwhonrrgqyvla/Build/Intermediates.noindex/shigodeki.build/Debug-iphonesimulator/shigodeki.build/Objects-normal/arm64/shigodeki.SwiftFileList -DDEBUG -Xcc -fmodule-map-file\=/Users/delaxstudio/Library/Developer/Xcode/DerivedData/shigodeki-fkaeotsqybievcdjwhonrrgqyvla/Build/Intermediates.noindex/GeneratedModuleMaps-iphonesimulator/abslWrapper.modulemap -Xcc -fmodule-map-file\=/Users/delaxstudio/Library/Developer/Xcode/DerivedData/shigodeki-fkaeotsqybievcdjwhonrrgqyvla/Build/Intermediates.noindex/GeneratedModuleMaps-iphonesimulator/opensslWrapper.modulemap -Xcc -fmodule-map-file\=/Users/delaxstudio/Library/Developer/Xcode/DerivedData/shigodeki-fkaeotsqybievcdjwhonrrgqyvla/Build/Intermediates.noindex/GeneratedModuleMaps-iphonesimulator/grpcWrapper.modulemap -Xcc -fmodule-map-file\=/Users/delaxstudio/Library/Developer/Xcode/DerivedData/shigodeki-fkaeotsqybievcdjwhonrrgqyvla/Build/Intermediates.noindex/GeneratedModuleMaps-iphonesimulator/grpcppWrapper.modulemap -Xcc -fmodule-map-file\=/Users/delaxstudio/Library/Developer/Xcode/DerivedData/shigodeki-fkaeotsqybievcdjwhonrrgqyvla/Build/Intermediates.noindex/GeneratedModuleMaps-iphonesimulator/nanopb.modulemap -Xcc -fmodule-map-file\=/Users/delaxstudio/Library/Developer/Xcode/DerivedData/shigodeki-fkaeotsqybievcdjwhonrrgqyvla/Build/Intermediates.noindex/GeneratedModuleMaps-iphonesimulator/leveldb.modulemap -Xcc -fmodule-map-file\=/Users/delaxstudio/Library/Developer/Xcode/DerivedData/shigodeki-fkaeotsqybievcdjwhonrrgqyvla/Build/Intermediates.noindex/GeneratedModuleMaps-iphonesimulator/FirebaseFirestoreInternalWrapper.modulemap -Xcc -fmodule-map-file\=/Users/delaxstudio/Library/Developer/Xcode/DerivedData/shigodeki-fkaeotsqybievcdjwhonrrgqyvla/Build/Intermediates.noindex/GeneratedModuleMaps-iphonesimulator/FirebaseFirestoreTarget.modulemap -Xcc -fmodule-map-file\=/Users/delaxstudio/Library/Developer/Xcode/DerivedData/shigodeki-fkaeotsqybievcdjwhonrrgqyvla/Build/Intermediates.noindex/GeneratedModuleMaps-iphonesimulator/RecaptchaInterop.modulemap -Xcc -fmodule-map-file\=/Users/delaxstudio/Library/Developer/Xcode/DerivedData/shigodeki-fkaeotsqybievcdjwhonrrgqyvla/Build/Intermediates.noindex/GeneratedModuleMaps-iphonesimulator/GoogleUtilities-Network.modulemap -Xcc -fmodule-map-file\=/Users/delaxstudio/Library/Developer/Xcode/DerivedData/shigodeki-fkaeotsqybievcdjwhonrrgqyvla/Build/Intermediates.noindex/GeneratedModuleMaps-iphonesimulator/GoogleUtilities-Reachability.modulemap -Xcc -fmodule-map-file\=/Users/delaxstudio/Library/Developer/Xcode/DerivedData/shigodeki-fkaeotsqybievcdjwhonrrgqyvla/Build/Intermediates.noindex/GeneratedModuleMaps-iphonesimulator/GoogleUtilities-NSData.modulemap -Xcc -fmodule-map-file\=/Users/delaxstudio/Library/Developer/Xcode/DerivedData/shigodeki-fkaeotsqybievcdjwhonrrgqyvla/Build/Intermediates.noindex/GeneratedModuleMaps-iphonesimulator/GoogleUtilities-Logger.modulemap -Xcc -fmodule-map-file\=/Users/delaxstudio/Library/Developer/Xcode/DerivedData/shigodeki-fkaeotsqybievcdjwhonrrgqyvla/Build/Intermediates.noindex/GeneratedModuleMaps-iphonesimulator/GoogleUtilities-Environment.modulemap -Xcc -fmodule-map-file\=/Users/delaxstudio/Library/Developer/Xcode/DerivedData/shigodeki-fkaeotsqybievcdjwhonrrgqyvla/Build/Intermediates.noindex/GeneratedModuleMaps-iphonesimulator/third-party-IsAppEncrypted.modulemap -Xcc -fmodule-map-file\=/Users/delaxstudio/Library/Developer/Xcode/DerivedData/shigodeki-fkaeotsqybievcdjwhonrrgqyvla/Build/Intermediates.noindex/GeneratedModuleMaps-iphonesimulator/GoogleUtilities-AppDelegateSwizzler.modulemap -Xcc -fmodule-map-file\=/Users/delaxstudio/Library/Developer/Xcode/DerivedData/shigodeki-fkaeotsqybievcdjwhonrrgqyvla/Build/Intermediates.noindex/GeneratedModuleMaps-iphonesimulator/GTMSessionFetcherCore.modulemap -Xcc -fmodule-map-file\=/Users/delaxstudio/Library/Developer/Xcode/DerivedData/shigodeki-fkaeotsqybievcdjwhonrrgqyvla/Build/Intermediates.noindex/GeneratedModuleMaps-iphonesimulator/FirebaseCoreExtension.modulemap -Xcc -fmodule-map-file\=/Users/delaxstudio/Library/Developer/Xcode/DerivedData/shigodeki-fkaeotsqybievcdjwhonrrgqyvla/Build/Intermediates.noindex/GeneratedModuleMaps-iphonesimulator/FirebaseCore.modulemap -Xcc -fmodule-map-file\=/Users/delaxstudio/Library/Developer/Xcode/DerivedData/shigodeki-fkaeotsqybievcdjwhonrrgqyvla/Build/Intermediates.noindex/GeneratedModuleMaps-iphonesimulator/FirebaseAuthInternal.modulemap -Xcc -fmodule-map-file\=/Users/delaxstudio/Library/Developer/Xcode/DerivedData/shigodeki-fkaeotsqybievcdjwhonrrgqyvla/Build/Intermediates.noindex/GeneratedModuleMaps-iphonesimulator/FirebaseAuthInterop.modulemap -Xcc -fmodule-map-file\=/Users/delaxstudio/Library/Developer/Xcode/DerivedData/shigodeki-fkaeotsqybievcdjwhonrrgqyvla/Build/Intermediates.noindex/GeneratedModuleMaps-iphonesimulator/FirebaseAppCheckInterop.modulemap -enable-bare-slash-regex -enable-experimental-feature DebugDescriptionMacro -sdk /Applications/Xcode.app/Contents/Developer/Platforms/iPhoneSimulator.platform/Developer/SDKs/iPhoneSimulator26.2.sdk -target arm64-apple-ios18.5-simulator -g -module-cache-path /Users/delaxstudio/Library/Developer/Xcode/DerivedData/ModuleCache.noindex -Xfrontend -serialize-debugging-options -enable-testing -index-store-path /Users/delaxstudio/Library/Developer/Xcode/DerivedData/shigodeki-fkaeotsqybievcdjwhonrrgqyvla/Index.noindex/DataStore -Xcc -D_LIBCPP_HARDENING_MODE\=_LIBCPP_HARDENING_MODE_DEBUG -swift-version 5 -I /Users/delaxstudio/Library/Developer/Xcode/DerivedData/shigodeki-fkaeotsqybievcdjwhonrrgqyvla/Build/Products/Debug-iphonesimulator -F /Users/delaxstudio/Library/Developer/Xcode/DerivedData/shigodeki-fkaeotsqybievcdjwhonrrgqyvla/Build/Products/Debug-iphonesimulator/PackageFrameworks -F /Users/delaxstudio/Library/Developer/Xcode/DerivedData/shigodeki-fkaeotsqybievcdjwhonrrgqyvla/Build/Products/Debug-iphonesimulator/PackageFrameworks -F /Users/delaxstudio/Library/Developer/Xcode/DerivedData/shigodeki-fkaeotsqybievcdjwhonrrgqyvla/Build/Products/Debug-iphonesimulator/PackageFrameworks -F /Users/delaxstudio/Library/Developer/Xcode/DerivedData/shigodeki-fkaeotsqybievcdjwhonrrgqyvla/Build/Products/Debug-iphonesimulator/PackageFrameworks -F /Users/delaxstudio/Library/Developer/Xcode/DerivedData/shigodeki-fkaeotsqybievcdjwhonrrgqyvla/Build/Products/Debug-iphonesimulator/PackageFrameworks -F /Users/delaxstudio/Library/Developer/Xcode/DerivedData/shigodeki-fkaeotsqybievcdjwhonrrgqyvla/Build/Products/Debug-iphonesimulator/PackageFrameworks -F /Users/delaxstudio/Library/Developer/Xcode/DerivedData/shigodeki-fkaeotsqybievcdjwhonrrgqyvla/Build/Products/Debug-iphonesimulator/PackageFrameworks -F /Users/delaxstudio/Library/Developer/Xcode/DerivedData/shigodeki-fkaeotsqybievcdjwhonrrgqyvla/Build/Products/Debug-iphonesimulator/PackageFrameworks -F /Users/delaxstudio/Library/Developer/Xcode/DerivedData/shigodeki-fkaeotsqybievcdjwhonrrgqyvla/Build/Products/Debug-iphonesimulator/PackageFrameworks -F /Users/delaxstudio/Library/Developer/Xcode/DerivedData/shigodeki-fkaeotsqybievcdjwhonrrgqyvla/Build/Products/Debug-iphonesimulator/PackageFrameworks -F /Users/delaxstudio/Library/Developer/Xcode/DerivedData/shigodeki-fkaeotsqybievcdjwhonrrgqyvla/Build/Products/Debug-iphonesimulator/PackageFrameworks -F /Users/delaxstudio/Library/Developer/Xcode/DerivedData/shigodeki-fkaeotsqybievcdjwhonrrgqyvla/Build/Products/Debug-iphonesimulator/PackageFrameworks -F /Users/delaxstudio/Library/Developer/Xcode/DerivedData/shigodeki-fkaeotsqybievcdjwhonrrgqyvla/Build/Products/Debug-iphonesimulator/PackageFrameworks -F /Users/delaxstudio/Library/Developer/Xcode/DerivedData/shigodeki-fkaeotsqybievcdjwhonrrgqyvla/Build/Products/Debug-iphonesimulator/PackageFrameworks -F /Users/delaxstudio/Library/Developer/Xcode/DerivedData/shigodeki-fkaeotsqybievcdjwhonrrgqyvla/Build/Products/Debug-iphonesimulator/PackageFrameworks -F /Users/delaxstudio/Library/Developer/Xcode/DerivedData/shigodeki-fkaeotsqybievcdjwhonrrgqyvla/Build/Products/Debug-iphonesimulator/PackageFrameworks -F /Users/delaxstudio/Library/Developer/Xcode/DerivedData/shigodeki-fkaeotsqybievcdjwhonrrgqyvla/Build/Products/Debug-iphonesimulator/PackageFrameworks -F /Users/delaxstudio/Library/Developer/Xcode/DerivedData/shigodeki-fkaeotsqybievcdjwhonrrgqyvla/Build/Products/Debug-iphonesimulator/PackageFrameworks -F /Users/delaxstudio/Library/Developer/Xcode/DerivedData/shigodeki-fkaeotsqybievcdjwhonrrgqyvla/Build/Products/Debug-iphonesimulator/PackageFrameworks -F /Users/delaxstudio/Library/Developer/Xcode/DerivedData/shigodeki-fkaeotsqybievcdjwhonrrgqyvla/Build/Products/Debug-iphonesimulator/PackageFrameworks -F /Users/delaxstudio/Library/Developer/Xcode/DerivedData/shigodeki-fkaeotsqybievcdjwhonrrgqyvla/Build/Products/Debug-iphonesimulator/PackageFrameworks -F /Users/delaxstudio/Library/Developer/Xcode/DerivedData/shigodeki-fkaeotsqybievcdjwhonrrgqyvla/Build/Products/Debug-iphonesimulator/PackageFrameworks -F /Users/delaxstudio/Library/Developer/Xcode/DerivedData/shigodeki-fkaeotsqybievcdjwhonrrgqyvla/Build/Products/Debug-iphonesimulator/PackageFrameworks -F /Users/delaxstudio/Library/Developer/Xcode/DerivedData/shigodeki-fkaeotsqybievcdjwhonrrgqyvla/Build/Products/Debug-iphonesimulator/PackageFrameworks -F /Users/delaxstudio/Library/Developer/Xcode/DerivedData/shigodeki-fkaeotsqybievcdjwhonrrgqyvla/Build/Products/Debug-iphonesimulator/PackageFrameworks -F /Users/delaxstudio/Library/Developer/Xcode/DerivedData/shigodeki-fkaeotsqybievcdjwhonrrgqyvla/Build/Products/Debug-iphonesimulator/PackageFrameworks -F /Users/delaxstudio/Library/Developer/Xcode/DerivedData/shigodeki-fkaeotsqybievcdjwhonrrgqyvla/Build/Products/Debug-iphonesimulator/PackageFrameworks -F /Users/delaxstudio/Library/Developer/Xcode/DerivedData/shigodeki-fkaeotsqybievcdjwhonrrgqyvla/Build/Products/Debug-iphonesimulator/PackageFrameworks -F /Users/delaxstudio/Library/Developer/Xcode/DerivedData/shigodeki-fkaeotsqybievcdjwhonrrgqyvla/Build/Products/Debug-iphonesimulator -emit-localized-strings -emit-localized-strings-path /Users/delaxstudio/Library/Developer/Xcode/DerivedData/shigodeki-fkaeotsqybievcdjwhonrrgqyvla/Build/Intermediates.noindex/shigodeki.build/Debug-iphonesimulator/shigodeki.build/Objects-normal/arm64 -c -j20 -enable-batch-mode -incremental -Xcc -ivfsstatcache -Xcc /Users/delaxstudio/Library/Developer/Xcode/DerivedData/SDKStatCaches.noindex/iphonesimulator26.2-23C53-7d00a8b37fbd7999ea79df8ebc024bf0.sdkstatcache -output-file-map /Users/delaxstudio/Library/Developer/Xcode/DerivedData/shigodeki-fkaeotsqybievcdjwhonrrgqyvla/Build/Intermediates.noindex/shigodeki.build/Debug-iphonesimulator/shigodeki.build/Objects-normal/arm64/shigodeki-OutputFileMap.json -use-frontend-parseable-output -save-temps -no-color-diagnostics -explicit-module-build -module-cache-path /Users/delaxstudio/Library/Developer/Xcode/DerivedData/shigodeki-fkaeotsqybievcdjwhonrrgqyvla/Build/Intermediates.noindex/SwiftExplicitPrecompiledModules -clang-scanner-module-cache-path /Users/delaxstudio/Library/Developer/Xcode/DerivedData/ModuleCache.noindex -sdk-module-cache-path /Users/delaxstudio/Library/Developer/Xcode/DerivedData/ModuleCache.noindex -serialize-diagnostics -emit-dependencies -emit-module -emit-module-path /Users/delaxstudio/Library/Developer/Xcode/DerivedData/shigodeki-fkaeotsqybievcdjwhonrrgqyvla/Build/Intermediates.noindex/shigodeki.build/Debug-iphonesimulator/shigodeki.build/Objects-normal/arm64/shigodeki.swiftmodule -validate-clang-modules-once -clang-build-session-file /Users/delaxstudio/Library/Developer/Xcode/DerivedData/ModuleCache.noindex/Session.modulevalidation -Xcc -I/Users/delaxstudio/Library/Developer/Xcode/DerivedData/shigodeki-fkaeotsqybievcdjwhonrrgqyvla/Build/Intermediates.noindex/shigodeki.build/Debug-iphonesimulator/shigodeki.build/swift-overrides.hmap -emit-const-values -Xfrontend -const-gather-protocols-file -Xfrontend /Users/delaxstudio/Library/Developer/Xcode/DerivedData/shigodeki-fkaeotsqybievcdjwhonrrgqyvla/Build/Intermediates.noindex/shigodeki.build/Debug-iphonesimulator/shigodeki.build/Objects-normal/arm64/shigodeki_const_extract_protocols.json -Xcc -iquote -Xcc /Users/delaxstudio/Library/Developer/Xcode/DerivedData/shigodeki-fkaeotsqybievcdjwhonrrgqyvla/Build/Intermediates.noindex/shigodeki.build/Debug-iphonesimulator/shigodeki.build/shigodeki-generated-files.hmap -Xcc -I/Users/delaxstudio/Library/Developer/Xcode/DerivedData/shigodeki-fkaeotsqybievcdjwhonrrgqyvla/Build/Intermediates.noindex/shigodeki.build/Debug-iphonesimulator/shigodeki.build/shigodeki-own-target-headers.hmap -Xcc -I/Users/delaxstudio/Library/Developer/Xcode/DerivedData/shigodeki-fkaeotsqybievcdjwhonrrgqyvla/Build/Intermediates.noindex/shigodeki.build/Debug-iphonesimulator/shigodeki.build/shigodeki-all-non-framework-target-headers.hmap -Xcc -ivfsoverlay -Xcc /Users/delaxstudio/Library/Developer/Xcode/DerivedData/shigodeki-fkaeotsqybievcdjwhonrrgqyvla/Build/Intermediates.noindex/shigodeki.build/Debug-iphonesimulator/shigodeki-778cd99806b7a64fcaf3138ab8d360b6-VFS-iphonesimulator/all-product-headers.yaml -Xcc -iquote -Xcc /Users/delaxstudio/Library/Developer/Xcode/DerivedData/shigodeki-fkaeotsqybievcdjwhonrrgqyvla/Build/Intermediates.noindex/shigodeki.build/Debug-iphonesimulator/shigodeki.build/shigodeki-project-headers.hmap -Xcc -I/Users/delaxstudio/Library/Developer/Xcode/DerivedData/shigodeki-fkaeotsqybievcdjwhonrrgqyvla/SourcePackages/checkouts/abseil-cpp-binary/absl-Wrapper/include -Xcc -I/Users/delaxstudio/Library/Developer/Xcode/DerivedData/shigodeki-fkaeotsqybievcdjwhonrrgqyvla/SourcePackages/checkouts/grpc-binary/openssl-grpc-Wrapper/include -Xcc -I/Users/delaxstudio/Library/Developer/Xcode/DerivedData/shigodeki-fkaeotsqybievcdjwhonrrgqyvla/SourcePackages/checkouts/grpc-binary/grpc-Wrapper/include -Xcc -I/Users/delaxstudio/Library/Developer/Xcode/DerivedData/shigodeki-fkaeotsqybievcdjwhonrrgqyvla/SourcePackages/checkouts/grpc-binary/grpcpp-Wrapper/include -Xcc -I/Users/delaxstudio/Library/Developer/Xcode/DerivedData/shigodeki-fkaeotsqybievcdjwhonrrgqyvla/SourcePackages/checkouts/nanopb/spm_headers -Xcc -I/Users/delaxstudio/Library/Developer/Xcode/DerivedData/shigodeki-fkaeotsqybievcdjwhonrrgqyvla/SourcePackages/checkouts/leveldb/include -Xcc -I/Users/delaxstudio/Library/Developer/Xcode/DerivedData/shigodeki-fkaeotsqybievcdjwhonrrgqyvla/SourcePackages/checkouts/firebase-ios-sdk/FirebaseFirestoreInternal -Xcc -I/Users/delaxstudio/Library/Developer/Xcode/DerivedData/shigodeki-fkaeotsqybievcdjwhonrrgqyvla/SourcePackages/checkouts/firebase-ios-sdk/SwiftPM-PlatformExclude/FirebaseFirestoreWrap/include -Xcc -I/Users/delaxstudio/Library/Developer/Xcode/DerivedData/shigodeki-fkaeotsqybievcdjwhonrrgqyvla/SourcePackages/checkouts/interop-ios-for-google-sdks/RecaptchaEnterprise/RecaptchaInterop/Public -Xcc -I/Users/delaxstudio/Library/Developer/Xcode/DerivedData/shigodeki-fkaeotsqybievcdjwhonrrgqyvla/SourcePackages/checkouts/GoogleUtilities/GoogleUtilities/Network/Public -Xcc -I/Users/delaxstudio/Library/Developer/Xcode/DerivedData/shigodeki-fkaeotsqybievcdjwhonrrgqyvla/SourcePackages/checkouts/GoogleUtilities/GoogleUtilities/Reachability/Public -Xcc -I/Users/delaxstudio/Library/Developer/Xcode/DerivedData/shigodeki-fkaeotsqybievcdjwhonrrgqyvla/SourcePackages/checkouts/GoogleUtilities/GoogleUtilities/NSData+zlib/Public -Xcc -I/Users/delaxstudio/Library/Developer/Xcode/DerivedData/shigodeki-fkaeotsqybievcdjwhonrrgqyvla/SourcePackages/checkouts/GoogleUtilities/GoogleUtilities/Logger/Public -Xcc -I/Users/delaxstudio/Library/Developer/Xcode/DerivedData/shigodeki-fkaeotsqybievcdjwhonrrgqyvla/SourcePackages/checkouts/GoogleUtilities/GoogleUtilities/Environment/Public -Xcc -I/Users/delaxstudio/Library/Developer/Xcode/DerivedData/shigodeki-fkaeotsqybievcdjwhonrrgqyvla/SourcePackages/checkouts/GoogleUtilities/third_party/IsAppEncrypted/Public -Xcc -I/Users/delaxstudio/Library/Developer/Xcode/DerivedData/shigodeki-fkaeotsqybievcdjwhonrrgqyvla/SourcePackages/checkouts/GoogleUtilities/GoogleUtilities/AppDelegateSwizzler/Public -Xcc -I/Users/delaxstudio/Library/Developer/Xcode/DerivedData/shigodeki-fkaeotsqybievcdjwhonrrgqyvla/SourcePackages/checkouts/gtm-session-fetcher/Sources/Core/Public -Xcc -I/Users/delaxstudio/Library/Developer/Xcode/DerivedData/shigodeki-fkaeotsqybievcdjwhonrrgqyvla/SourcePackages/checkouts/firebase-ios-sdk/FirebaseCore/Extension -Xcc -I/Users/delaxstudio/Library/Developer/Xcode/DerivedData/shigodeki-fkaeotsqybievcdjwhonrrgqyvla/SourcePackages/checkouts/firebase-ios-sdk/FirebaseCore/Sources/Public -Xcc -I/Users/delaxstudio/Library/Developer/Xcode/DerivedData/shigodeki-fkaeotsqybievcdjwhonrrgqyvla/SourcePackages/checkouts/firebase-ios-sdk/CoreOnly/Sources -Xcc -I/Users/delaxstudio/Library/Developer/Xcode/DerivedData/shigodeki-fkaeotsqybievcdjwhonrrgqyvla/SourcePackages/checkouts/firebase-ios-sdk/FirebaseAuth/Sources/Public -Xcc -I/Users/delaxstudio/Library/Developer/Xcode/DerivedData/shigodeki-fkaeotsqybievcdjwhonrrgqyvla/SourcePackages/checkouts/firebase-ios-sdk/FirebaseAuth/Interop/Public -Xcc -I/Users/delaxstudio/Library/Developer/Xcode/DerivedData/shigodeki-fkaeotsqybievcdjwhonrrgqyvla/SourcePackages/checkouts/firebase-ios-sdk/FirebaseAppCheck/Interop/Public -Xcc -I/Users/delaxstudio/Library/Developer/Xcode/DerivedData/shigodeki-fkaeotsqybievcdjwhonrrgqyvla/Build/Products/Debug-iphonesimulator/include -Xcc -I/Users/delaxstudio/Library/Developer/Xcode/DerivedData/shigodeki-fkaeotsqybievcdjwhonrrgqyvla/Build/Intermediates.noindex/shigodeki.build/Debug-iphonesimulator/shigodeki.build/DerivedSources-normal/arm64 -Xcc -I/Users/delaxstudio/Library/Developer/Xcode/DerivedData/shigodeki-fkaeotsqybievcdjwhonrrgqyvla/Build/Intermediates.noindex/shigodeki.build/Debug-iphonesimulator/shigodeki.build/DerivedSources/arm64 -Xcc -I/Users/delaxstudio/Library/Developer/Xcode/DerivedData/shigodeki-fkaeotsqybievcdjwhonrrgqyvla/Build/Intermediates.noindex/shigodeki.build/Debug-iphonesimulator/shigodeki.build/DerivedSources -Xcc -DDEBUG\=1 -emit-objc-header -emit-objc-header-path /Users/delaxstudio/Library/Developer/Xcode/DerivedData/shigodeki-fkaeotsqybievcdjwhonrrgqyvla/Build/Intermediates.noindex/shigodeki.build/Debug-iphonesimulator/shigodeki.build/Objects-normal/arm64/shigodeki-Swift.h -working-directory /Users/delaxstudio/src/shigodeki/iOS -experimental-emit-module-separately -disable-cmo

ProcessInfoPlistFile /Users/delaxstudio/Library/Developer/Xcode/DerivedData/shigodeki-fkaeotsqybievcdjwhonrrgqyvla/Build/Products/Debug-iphonesimulator/shigodeki.app/Info.plist /Users/delaxstudio/src/shigodeki/iOS/shigodeki/Info.plist (in target 'shigodeki' from project 'shigodeki')
    cd /Users/delaxstudio/src/shigodeki/iOS
    builtin-infoPlistUtility /Users/delaxstudio/src/shigodeki/iOS/shigodeki/Info.plist -producttype com.apple.product-type.application -genpkginfo /Users/delaxstudio/Library/Developer/Xcode/DerivedData/shigodeki-fkaeotsqybievcdjwhonrrgqyvla/Build/Products/Debug-iphonesimulator/shigodeki.app/PkgInfo -expandbuildsettings -format binary -platform iphonesimulator -additionalcontentfile /Users/delaxstudio/Library/Developer/Xcode/DerivedData/shigodeki-fkaeotsqybievcdjwhonrrgqyvla/Build/Intermediates.noindex/shigodeki.build/Debug-iphonesimulator/shigodeki.build/assetcatalog_generated_info.plist -scanforprivacyfile /Users/delaxstudio/Library/Developer/Xcode/DerivedData/shigodeki-fkaeotsqybievcdjwhonrrgqyvla/Build/Products/Debug-iphonesimulator/shigodeki.app/Firebase_FirebaseAuth.bundle -scanforprivacyfile /Users/delaxstudio/Library/Developer/Xcode/DerivedData/shigodeki-fkaeotsqybievcdjwhonrrgqyvla/Build/Products/Debug-iphonesimulator/shigodeki.app/Firebase_FirebaseCore.bundle -scanforprivacyfile /Users/delaxstudio/Library/Developer/Xcode/DerivedData/shigodeki-fkaeotsqybievcdjwhonrrgqyvla/Build/Products/Debug-iphonesimulator/shigodeki.app/Firebase_FirebaseCoreExtension.bundle -scanforprivacyfile /Users/delaxstudio/Library/Developer/Xcode/DerivedData/shigodeki-fkaeotsqybievcdjwhonrrgqyvla/Build/Products/Debug-iphonesimulator/shigodeki.app/Firebase_FirebaseCoreInternal.bundle -scanforprivacyfile /Users/delaxstudio/Library/Developer/Xcode/DerivedData/shigodeki-fkaeotsqybievcdjwhonrrgqyvla/Build/Products/Debug-iphonesimulator/shigodeki.app/Firebase_FirebaseFirestore.bundle -scanforprivacyfile /Users/delaxstudio/Library/Developer/Xcode/DerivedData/shigodeki-fkaeotsqybievcdjwhonrrgqyvla/Build/Products/Debug-iphonesimulator/shigodeki.app/Frameworks/FirebaseFirestoreInternal.framework -scanforprivacyfile /Users/delaxstudio/Library/Developer/Xcode/DerivedData/shigodeki-fkaeotsqybievcdjwhonrrgqyvla/Build/Products/Debug-iphonesimulator/shigodeki.app/Frameworks/absl.framework -scanforprivacyfile /Users/delaxstudio/Library/Developer/Xcode/DerivedData/shigodeki-fkaeotsqybievcdjwhonrrgqyvla/Build/Products/Debug-iphonesimulator/shigodeki.app/Frameworks/grpc.framework -scanforprivacyfile /Users/delaxstudio/Library/Developer/Xcode/DerivedData/shigodeki-fkaeotsqybievcdjwhonrrgqyvla/Build/Products/Debug-iphonesimulator/shigodeki.app/Frameworks/grpcpp.framework -scanforprivacyfile /Users/delaxstudio/Library/Developer/Xcode/DerivedData/shigodeki-fkaeotsqybievcdjwhonrrgqyvla/Build/Products/Debug-iphonesimulator/shigodeki.app/Frameworks/openssl_grpc.framework -scanforprivacyfile /Users/delaxstudio/Library/Developer/Xcode/DerivedData/shigodeki-fkaeotsqybievcdjwhonrrgqyvla/Build/Products/Debug-iphonesimulator/shigodeki.app/GTMSessionFetcher_GTMSessionFetcherCore.bundle -scanforprivacyfile /Users/delaxstudio/Library/Developer/Xcode/DerivedData/shigodeki-fkaeotsqybievcdjwhonrrgqyvla/Build/Products/Debug-iphonesimulator/shigodeki.app/GoogleUtilities_GoogleUtilities-AppDelegateSwizzler.bundle -scanforprivacyfile /Users/delaxstudio/Library/Developer/Xcode/DerivedData/shigodeki-fkaeotsqybievcdjwhonrrgqyvla/Build/Products/Debug-iphonesimulator/shigodeki.app/GoogleUtilities_GoogleUtilities-Environment.bundle -scanforprivacyfile /Users/delaxstudio/Library/Developer/Xcode/DerivedData/shigodeki-fkaeotsqybievcdjwhonrrgqyvla/Build/Products/Debug-iphonesimulator/shigodeki.app/GoogleUtilities_GoogleUtilities-Logger.bundle -scanforprivacyfile /Users/delaxstudio/Library/Developer/Xcode/DerivedData/shigodeki-fkaeotsqybievcdjwhonrrgqyvla/Build/Products/Debug-iphonesimulator/shigodeki.app/GoogleUtilities_GoogleUtilities-NSData.bundle -scanforprivacyfile /Users/delaxstudio/Library/Developer/Xcode/DerivedData/shigodeki-fkaeotsqybievcdjwhonrrgqyvla/Build/Products/Debug-iphonesimulator/shigodeki.app/GoogleUtilities_GoogleUtilities-Network.bundle -scanforprivacyfile /Users/delaxstudio/Library/Developer/Xcode/DerivedData/shigodeki-fkaeotsqybievcdjwhonrrgqyvla/Build/Products/Debug-iphonesimulator/shigodeki.app/GoogleUtilities_GoogleUtilities-Reachability.bundle -scanforprivacyfile /Users/delaxstudio/Library/Developer/Xcode/DerivedData/shigodeki-fkaeotsqybievcdjwhonrrgqyvla/Build/Products/Debug-iphonesimulator/shigodeki.app/abseil_abslWrapper.bundle -scanforprivacyfile /Users/delaxstudio/Library/Developer/Xcode/DerivedData/shigodeki-fkaeotsqybievcdjwhonrrgqyvla/Build/Products/Debug-iphonesimulator/shigodeki.app/gRPC_grpcWrapper.bundle -scanforprivacyfile /Users/delaxstudio/Library/Developer/Xcode/DerivedData/shigodeki-fkaeotsqybievcdjwhonrrgqyvla/Build/Products/Debug-iphonesimulator/shigodeki.app/gRPC_grpcppWrapper.bundle -scanforprivacyfile /Users/delaxstudio/Library/Developer/Xcode/DerivedData/shigodeki-fkaeotsqybievcdjwhonrrgqyvla/Build/Products/Debug-iphonesimulator/shigodeki.app/gRPC_opensslWrapper.bundle -scanforprivacyfile /Users/delaxstudio/Library/Developer/Xcode/DerivedData/shigodeki-fkaeotsqybievcdjwhonrrgqyvla/Build/Products/Debug-iphonesimulator/shigodeki.app/leveldb_leveldb.bundle -scanforprivacyfile /Users/delaxstudio/Library/Developer/Xcode/DerivedData/shigodeki-fkaeotsqybievcdjwhonrrgqyvla/Build/Products/Debug-iphonesimulator/shigodeki.app/nanopb_nanopb.bundle -o /Users/delaxstudio/Library/Developer/Xcode/DerivedData/shigodeki-fkaeotsqybievcdjwhonrrgqyvla/Build/Products/Debug-iphonesimulator/shigodeki.app/Info.plist

SwiftCompile normal x86_64 Compiling\ TemplateCategoryExtensions.swift,\ TemplateLegacySupport.swift,\ User.swift,\ FamilyRepository.swift,\ FirestoreFamilyRepository.swift,\ AIDraftMapper.swift,\ DashboardDataService.swift,\ DraftSaveFacade.swift,\ TaskDraftSource.swift,\ KPIDataSource.swift,\ KPIRefreshScheduler.swift,\ KPIStore.swift,\ PortfolioKPIEngine.swift,\ TaskModelMigrationService.swift,\ PhotoDraftBuilder.swift,\ EntitlementResolverLive.swift,\ EntitlementStore.swift /Users/delaxstudio/src/shigodeki/iOS/shigodeki/Models/TemplateCategoryExtensions.swift /Users/delaxstudio/src/shigodeki/iOS/shigodeki/Models/TemplateLegacySupport.swift /Users/delaxstudio/src/shigodeki/iOS/shigodeki/Models/User.swift /Users/delaxstudio/src/shigodeki/iOS/shigodeki/Repository/FamilyRepository.swift /Users/delaxstudio/src/shigodeki/iOS/shigodeki/Repository/FirestoreFamilyRepository.swift /Users/delaxstudio/src/shigodeki/iOS/shigodeki/Services/AI/AIDraftMapper.swift /Users/delaxstudio/src/shigodeki/iOS/shigodeki/Services/Dashboard/DashboardDataService.swift /Users/delaxstudio/src/shigodeki/iOS/shigodeki/Services/DraftPipeline/DraftSaveFacade.swift /Users/delaxstudio/src/shigodeki/iOS/shigodeki/Services/DraftPipeline/TaskDraftSource.swift /Users/delaxstudio/src/shigodeki/iOS/shigodeki/Services/KPI/KPIDataSource.swift /Users/delaxstudio/src/shigodeki/iOS/shigodeki/Services/KPI/KPIRefreshScheduler.swift /Users/delaxstudio/src/shigodeki/iOS/shigodeki/Services/KPI/KPIStore.swift /Users/delaxstudio/src/shigodeki/iOS/shigodeki/Services/KPI/PortfolioKPIEngine.swift /Users/delaxstudio/src/shigodeki/iOS/shigodeki/Services/Migrations/TaskModelMigrationService.swift /Users/delaxstudio/src/shigodeki/iOS/shigodeki/Services/Photo/PhotoDraftBuilder.swift /Users/delaxstudio/src/shigodeki/iOS/shigodeki/Services/Purchases/EntitlementResolverLive.swift /Users/delaxstudio/src/shigodeki/iOS/shigodeki/Services/Purchases/EntitlementStore.swift (in target 'shigodeki' from project 'shigodeki')

SwiftCompile normal x86_64 /Users/delaxstudio/src/shigodeki/iOS/shigodeki/Models/TemplateCategoryExtensions.swift (in target 'shigodeki' from project 'shigodeki')
    cd /Users/delaxstudio/src/shigodeki/iOS
    

SwiftCompile normal x86_64 /Users/delaxstudio/src/shigodeki/iOS/shigodeki/Models/TemplateLegacySupport.swift (in target 'shigodeki' from project 'shigodeki')
    cd /Users/delaxstudio/src/shigodeki/iOS
    

SwiftCompile normal x86_64 /Users/delaxstudio/src/shigodeki/iOS/shigodeki/Models/User.swift (in target 'shigodeki' from project 'shigodeki')
    cd /Users/delaxstudio/src/shigodeki/iOS
    

SwiftCompile normal x86_64 /Users/delaxstudio/src/shigodeki/iOS/shigodeki/Repository/FamilyRepository.swift (in target 'shigodeki' from project 'shigodeki')
    cd /Users/delaxstudio/src/shigodeki/iOS
    

SwiftCompile normal x86_64 /Users/delaxstudio/src/shigodeki/iOS/shigodeki/Repository/FirestoreFamilyRepository.swift (in target 'shigodeki' from project 'shigodeki')
    cd /Users/delaxstudio/src/shigodeki/iOS
    

SwiftCompile normal x86_64 /Users/delaxstudio/src/shigodeki/iOS/shigodeki/Services/AI/AIDraftMapper.swift (in target 'shigodeki' from project 'shigodeki')
    cd /Users/delaxstudio/src/shigodeki/iOS
    

SwiftCompile normal x86_64 /Users/delaxstudio/src/shigodeki/iOS/shigodeki/Services/Dashboard/DashboardDataService.swift (in target 'shigodeki' from project 'shigodeki')
    cd /Users/delaxstudio/src/shigodeki/iOS
    

SwiftCompile normal x86_64 /Users/delaxstudio/src/shigodeki/iOS/shigodeki/Services/DraftPipeline/DraftSaveFacade.swift (in target 'shigodeki' from project 'shigodeki')
    cd /Users/delaxstudio/src/shigodeki/iOS
    

SwiftCompile normal x86_64 /Users/delaxstudio/src/shigodeki/iOS/shigodeki/Services/DraftPipeline/TaskDraftSource.swift (in target 'shigodeki' from project 'shigodeki')
    cd /Users/delaxstudio/src/shigodeki/iOS
    

SwiftCompile normal x86_64 /Users/delaxstudio/src/shigodeki/iOS/shigodeki/Services/KPI/KPIDataSource.swift (in target 'shigodeki' from project 'shigodeki')
    cd /Users/delaxstudio/src/shigodeki/iOS
    

SwiftCompile normal x86_64 /Users/delaxstudio/src/shigodeki/iOS/shigodeki/Services/KPI/KPIRefreshScheduler.swift (in target 'shigodeki' from project 'shigodeki')
    cd /Users/delaxstudio/src/shigodeki/iOS
    

SwiftCompile normal x86_64 /Users/delaxstudio/src/shigodeki/iOS/shigodeki/Services/KPI/KPIStore.swift (in target 'shigodeki' from project 'shigodeki')
    cd /Users/delaxstudio/src/shigodeki/iOS
    

SwiftCompile normal x86_64 /Users/delaxstudio/src/shigodeki/iOS/shigodeki/Services/KPI/PortfolioKPIEngine.swift (in target 'shigodeki' from project 'shigodeki')
    cd /Users/delaxstudio/src/shigodeki/iOS
    

SwiftCompile normal x86_64 /Users/delaxstudio/src/shigodeki/iOS/shigodeki/Services/Migrations/TaskModelMigrationService.swift (in target 'shigodeki' from project 'shigodeki')
    cd /Users/delaxstudio/src/shigodeki/iOS
    

SwiftCompile normal x86_64 /Users/delaxstudio/src/shigodeki/iOS/shigodeki/Services/Photo/PhotoDraftBuilder.swift (in target 'shigodeki' from project 'shigodeki')
    cd /Users/delaxstudio/src/shigodeki/iOS
    

SwiftCompile normal x86_64 /Users/delaxstudio/src/shigodeki/iOS/shigodeki/Services/Purchases/EntitlementResolverLive.swift (in target 'shigodeki' from project 'shigodeki')
    cd /Users/delaxstudio/src/shigodeki/iOS
    

SwiftCompile normal x86_64 /Users/delaxstudio/src/shigodeki/iOS/shigodeki/Services/Purchases/EntitlementStore.swift (in target 'shigodeki' from project 'shigodeki')
    cd /Users/delaxstudio/src/shigodeki/iOS
    

SwiftCompile normal x86_64 Compiling\ TemplateEditorComponents.swift,\ TemplateHeaderComponents.swift,\ TemplatePreviewComponents.swift,\ VoiceOverExtensions.swift,\ ZoomableView.swift,\ Phase2PerformanceValidationView.swift,\ DIContainer.swift,\ DateFormatter+Extensions.swift,\ AIStateManager.swift,\ AuthenticationManager.swift,\ EnhancedTaskManager.swift,\ FamilyCreationService.swift,\ FamilyInvitationService.swift,\ FamilyListenerService.swift,\ FamilyManager.swift,\ FamilyMembershipService.swift,\ FamilyOptimisticUpdates.swift /Users/delaxstudio/src/shigodeki/iOS/shigodeki/Components/TemplateEditorComponents.swift /Users/delaxstudio/src/shigodeki/iOS/shigodeki/Components/TemplateHeaderComponents.swift /Users/delaxstudio/src/shigodeki/iOS/shigodeki/Components/TemplatePreviewComponents.swift /Users/delaxstudio/src/shigodeki/iOS/shigodeki/Components/VoiceOverExtensions.swift /Users/delaxstudio/src/shigodeki/iOS/shigodeki/Components/ZoomableView.swift /Users/delaxstudio/src/shigodeki/iOS/shigodeki/Debug/Phase2PerformanceValidationView.swift /Users/delaxstudio/src/shigodeki/iOS/shigodeki/DI/DIContainer.swift /Users/delaxstudio/src/shigodeki/iOS/shigodeki/Extensions/DateFormatter+Extensions.swift /Users/delaxstudio/src/shigodeki/iOS/shigodeki/Managers/AIStateManager.swift /Users/delaxstudio/src/shigodeki/iOS/shigodeki/Managers/AuthenticationManager.swift /Users/delaxstudio/src/shigodeki/iOS/shigodeki/Managers/EnhancedTaskManager.swift /Users/delaxstudio/src/shigodeki/iOS/shigodeki/Managers/FamilyCreationService.swift /Users/delaxstudio/src/shigodeki/iOS/shigodeki/Managers/FamilyInvitationService.swift /Users/delaxstudio/src/shigodeki/iOS/shigodeki/Managers/FamilyListenerService.swift /Users/delaxstudio/src/shigodeki/iOS/shigodeki/Managers/FamilyManager.swift /Users/delaxstudio/src/shigodeki/iOS/shigodeki/Managers/FamilyMembershipService.swift /Users/delaxstudio/src/shigodeki/iOS/shigodeki/Managers/FamilyOptimisticUpdates.swift (in target 'shigodeki' from project 'shigodeki')
SwiftCompile normal x86_64 /Users/delaxstudio/src/shigodeki/iOS/shigodeki/Components/TemplateEditorComponents.swift (in target 'shigodeki' from project 'shigodeki')
    cd /Users/delaxstudio/src/shigodeki/iOS
    

SwiftCompile normal x86_64 /Users/delaxstudio/src/shigodeki/iOS/shigodeki/Components/TemplateHeaderComponents.swift (in target 'shigodeki' from project 'shigodeki')
    cd /Users/delaxstudio/src/shigodeki/iOS
    

SwiftCompile normal x86_64 /Users/delaxstudio/src/shigodeki/iOS/shigodeki/Components/TemplatePreviewComponents.swift (in target 'shigodeki' from project 'shigodeki')
    cd /Users/delaxstudio/src/shigodeki/iOS
    

SwiftCompile normal x86_64 /Users/delaxstudio/src/shigodeki/iOS/shigodeki/Components/VoiceOverExtensions.swift (in target 'shigodeki' from project 'shigodeki')
    cd /Users/delaxstudio/src/shigodeki/iOS
    

SwiftCompile normal x86_64 /Users/delaxstudio/src/shigodeki/iOS/shigodeki/Components/ZoomableView.swift (in target 'shigodeki' from project 'shigodeki')
    cd /Users/delaxstudio/src/shigodeki/iOS
    

SwiftCompile normal x86_64 /Users/delaxstudio/src/shigodeki/iOS/shigodeki/Debug/Phase2PerformanceValidationView.swift (in target 'shigodeki' from project 'shigodeki')
    cd /Users/delaxstudio/src/shigodeki/iOS
    

SwiftCompile normal x86_64 /Users/delaxstudio/src/shigodeki/iOS/shigodeki/DI/DIContainer.swift (in target 'shigodeki' from project 'shigodeki')
    cd /Users/delaxstudio/src/shigodeki/iOS
    

SwiftCompile normal x86_64 /Users/delaxstudio/src/shigodeki/iOS/shigodeki/Extensions/DateFormatter+Extensions.swift (in target 'shigodeki' from project 'shigodeki')
    cd /Users/delaxstudio/src/shigodeki/iOS
    

SwiftCompile normal x86_64 /Users/delaxstudio/src/shigodeki/iOS/shigodeki/Managers/AIStateManager.swift (in target 'shigodeki' from project 'shigodeki')
    cd /Users/delaxstudio/src/shigodeki/iOS
    

SwiftCompile normal x86_64 /Users/delaxstudio/src/shigodeki/iOS/shigodeki/Managers/AuthenticationManager.swift (in target 'shigodeki' from project 'shigodeki')
    cd /Users/delaxstudio/src/shigodeki/iOS
    

SwiftCompile normal x86_64 /Users/delaxstudio/src/shigodeki/iOS/shigodeki/Managers/EnhancedTaskManager.swift (in target 'shigodeki' from project 'shigodeki')
    cd /Users/delaxstudio/src/shigodeki/iOS
    

SwiftCompile normal x86_64 /Users/delaxstudio/src/shigodeki/iOS/shigodeki/Managers/FamilyCreationService.swift (in target 'shigodeki' from project 'shigodeki')
    cd /Users/delaxstudio/src/shigodeki/iOS
    

SwiftCompile normal x86_64 /Users/delaxstudio/src/shigodeki/iOS/shigodeki/Managers/FamilyInvitationService.swift (in target 'shigodeki' from project 'shigodeki')
    cd /Users/delaxstudio/src/shigodeki/iOS
    

SwiftCompile normal x86_64 /Users/delaxstudio/src/shigodeki/iOS/shigodeki/Managers/FamilyListenerService.swift (in target 'shigodeki' from project 'shigodeki')
    cd /Users/delaxstudio/src/shigodeki/iOS
    

SwiftCompile normal x86_64 /Users/delaxstudio/src/shigodeki/iOS/shigodeki/Managers/FamilyManager.swift (in target 'shigodeki' from project 'shigodeki')
    cd /Users/delaxstudio/src/shigodeki/iOS
    

SwiftCompile normal x86_64 /Users/delaxstudio/src/shigodeki/iOS/shigodeki/Managers/FamilyMembershipService.swift (in target 'shigodeki' from project 'shigodeki')
    cd /Users/delaxstudio/src/shigodeki/iOS
    

SwiftCompile normal x86_64 /Users/delaxstudio/src/shigodeki/iOS/shigodeki/Managers/FamilyOptimisticUpdates.swift (in target 'shigodeki' from project 'shigodeki')
    cd /Users/delaxstudio/src/shigodeki/iOS
    

SwiftCompile normal x86_64 Compiling\ CameraPicker.swift,\ CardStyle.swift,\ ColorSystem.swift,\ CreateProjectComponents.swift,\ CreateProjectHeader.swift,\ CreateTaskComponents.swift,\ DocumentPickerComponents.swift,\ DynamicTypeExtensions.swift,\ EmptyStateView.swift,\ FamilyMemberOperations.swift,\ FamilyProjectOperations.swift,\ FirebaseListenerManager.swift,\ InstrumentsSetup.swift,\ IntegratedPerformanceMonitor.swift,\ InteractiveButtonStyle.swift,\ KeyboardDismissSupport.swift,\ LegacyDataBridge.swift /Users/delaxstudio/src/shigodeki/iOS/shigodeki/Components/CameraPicker.swift /Users/delaxstudio/src/shigodeki/iOS/shigodeki/Components/CardStyle.swift /Users/delaxstudio/src/shigodeki/iOS/shigodeki/Components/ColorSystem.swift /Users/delaxstudio/src/shigodeki/iOS/shigodeki/Components/CreateProjectComponents.swift /Users/delaxstudio/src/shigodeki/iOS/shigodeki/Components/CreateProjectHeader.swift /Users/delaxstudio/src/shigodeki/iOS/shigodeki/Components/CreateTaskComponents.swift /Users/delaxstudio/src/shigodeki/iOS/shigodeki/Components/DocumentPickerComponents.swift /Users/delaxstudio/src/shigodeki/iOS/shigodeki/Components/DynamicTypeExtensions.swift /Users/delaxstudio/src/shigodeki/iOS/shigodeki/Components/EmptyStateView.swift /Users/delaxstudio/src/shigodeki/iOS/shigodeki/Components/FamilyMemberOperations.swift /Users/delaxstudio/src/shigodeki/iOS/shigodeki/Components/FamilyProjectOperations.swift /Users/delaxstudio/src/shigodeki/iOS/shigodeki/Components/FirebaseListenerManager.swift /Users/delaxstudio/src/shigodeki/iOS/shigodeki/Components/InstrumentsSetup.swift /Users/delaxstudio/src/shigodeki/iOS/shigodeki/Components/IntegratedPerformanceMonitor.swift /Users/delaxstudio/src/shigodeki/iOS/shigodeki/Components/InteractiveButtonStyle.swift /Users/delaxstudio/src/shigodeki/iOS/shigodeki/Components/KeyboardDismissSupport.swift /Users/delaxstudio/src/shigodeki/iOS/shigodeki/Components/LegacyDataBridge.swift (in target 'shigodeki' from project 'shigodeki')
SwiftCompile normal x86_64 /Users/delaxstudio/src/shigodeki/iOS/shigodeki/Components/CameraPicker.swift (in target 'shigodeki' from project 'shigodeki')
    cd /Users/delaxstudio/src/shigodeki/iOS
    

SwiftCompile normal x86_64 /Users/delaxstudio/src/shigodeki/iOS/shigodeki/Components/CardStyle.swift (in target 'shigodeki' from project 'shigodeki')
    cd /Users/delaxstudio/src/shigodeki/iOS
    

SwiftCompile normal x86_64 /Users/delaxstudio/src/shigodeki/iOS/shigodeki/Components/ColorSystem.swift (in target 'shigodeki' from project 'shigodeki')
    cd /Users/delaxstudio/src/shigodeki/iOS
    

SwiftCompile normal x86_64 /Users/delaxstudio/src/shigodeki/iOS/shigodeki/Components/CreateProjectComponents.swift (in target 'shigodeki' from project 'shigodeki')
    cd /Users/delaxstudio/src/shigodeki/iOS
    

SwiftCompile normal x86_64 /Users/delaxstudio/src/shigodeki/iOS/shigodeki/Components/CreateProjectHeader.swift (in target 'shigodeki' from project 'shigodeki')
    cd /Users/delaxstudio/src/shigodeki/iOS
    

SwiftCompile normal x86_64 /Users/delaxstudio/src/shigodeki/iOS/shigodeki/Components/CreateTaskComponents.swift (in target 'shigodeki' from project 'shigodeki')
    cd /Users/delaxstudio/src/shigodeki/iOS
    

SwiftCompile normal x86_64 /Users/delaxstudio/src/shigodeki/iOS/shigodeki/Components/DocumentPickerComponents.swift (in target 'shigodeki' from project 'shigodeki')
    cd /Users/delaxstudio/src/shigodeki/iOS
    

SwiftCompile normal x86_64 /Users/delaxstudio/src/shigodeki/iOS/shigodeki/Components/DynamicTypeExtensions.swift (in target 'shigodeki' from project 'shigodeki')
    cd /Users/delaxstudio/src/shigodeki/iOS
    

SwiftCompile normal x86_64 /Users/delaxstudio/src/shigodeki/iOS/shigodeki/Components/EmptyStateView.swift (in target 'shigodeki' from project 'shigodeki')
    cd /Users/delaxstudio/src/shigodeki/iOS
    

SwiftCompile normal x86_64 /Users/delaxstudio/src/shigodeki/iOS/shigodeki/Components/FamilyMemberOperations.swift (in target 'shigodeki' from project 'shigodeki')
    cd /Users/delaxstudio/src/shigodeki/iOS
    

SwiftCompile normal x86_64 /Users/delaxstudio/src/shigodeki/iOS/shigodeki/Components/FamilyProjectOperations.swift (in target 'shigodeki' from project 'shigodeki')
    cd /Users/delaxstudio/src/shigodeki/iOS
    

SwiftCompile normal x86_64 /Users/delaxstudio/src/shigodeki/iOS/shigodeki/Components/FirebaseListenerManager.swift (in target 'shigodeki' from project 'shigodeki')
    cd /Users/delaxstudio/src/shigodeki/iOS
    

SwiftCompile normal x86_64 /Users/delaxstudio/src/shigodeki/iOS/shigodeki/Components/InstrumentsSetup.swift (in target 'shigodeki' from project 'shigodeki')
    cd /Users/delaxstudio/src/shigodeki/iOS
    

SwiftCompile normal x86_64 /Users/delaxstudio/src/shigodeki/iOS/shigodeki/Components/IntegratedPerformanceMonitor.swift (in target 'shigodeki' from project 'shigodeki')
    cd /Users/delaxstudio/src/shigodeki/iOS
    

SwiftCompile normal x86_64 /Users/delaxstudio/src/shigodeki/iOS/shigodeki/Components/InteractiveButtonStyle.swift (in target 'shigodeki' from project 'shigodeki')
    cd /Users/delaxstudio/src/shigodeki/iOS
    

SwiftCompile normal x86_64 /Users/delaxstudio/src/shigodeki/iOS/shigodeki/Components/KeyboardDismissSupport.swift (in target 'shigodeki' from project 'shigodeki')
    cd /Users/delaxstudio/src/shigodeki/iOS
    

SwiftCompile normal x86_64 /Users/delaxstudio/src/shigodeki/iOS/shigodeki/Components/LegacyDataBridge.swift (in target 'shigodeki' from project 'shigodeki')
    cd /Users/delaxstudio/src/shigodeki/iOS
    

SwiftCompile normal x86_64 Compiling\ UnifiedInvitationService.swift,\ UserDataService.swift,\ WebApiPhaseBuilder.swift,\ WebApiTaskListBuilder.swift,\ WebApiTemplateService.swift,\ WebsiteTemplateService.swift,\ EmailDisplayUtility.swift,\ Environment+Entitlements.swift,\ Environment+Purchases.swift,\ FeatureFlagOverrides.swift,\ FeatureFlags.swift,\ RemoteConfigGate.swift,\ SyncQueue.swift,\ Telemetry.swift,\ ToastCenter.swift,\ DashboardViewModel.swift,\ FamilyViewModel.swift /Users/delaxstudio/src/shigodeki/iOS/shigodeki/Services/UnifiedInvitationService.swift /Users/delaxstudio/src/shigodeki/iOS/shigodeki/Services/UserDataService.swift /Users/delaxstudio/src/shigodeki/iOS/shigodeki/Services/WebApiPhaseBuilder.swift /Users/delaxstudio/src/shigodeki/iOS/shigodeki/Services/WebApiTaskListBuilder.swift /Users/delaxstudio/src/shigodeki/iOS/shigodeki/Services/WebApiTemplateService.swift /Users/delaxstudio/src/shigodeki/iOS/shigodeki/Services/WebsiteTemplateService.swift /Users/delaxstudio/src/shigodeki/iOS/shigodeki/Utilities/EmailDisplayUtility.swift /Users/delaxstudio/src/shigodeki/iOS/shigodeki/Utilities/Environment+Entitlements.swift /Users/delaxstudio/src/shigodeki/iOS/shigodeki/Utilities/Environment+Purchases.swift /Users/delaxstudio/src/shigodeki/iOS/shigodeki/Utilities/FeatureFlagOverrides.swift /Users/delaxstudio/src/shigodeki/iOS/shigodeki/Utilities/FeatureFlags.swift /Users/delaxstudio/src/shigodeki/iOS/shigodeki/Utilities/RemoteConfigGate.swift /Users/delaxstudio/src/shigodeki/iOS/shigodeki/Utilities/SyncQueue.swift /Users/delaxstudio/src/shigodeki/iOS/shigodeki/Utilities/Telemetry.swift /Users/delaxstudio/src/shigodeki/iOS/shigodeki/Utilities/ToastCenter.swift /Users/delaxstudio/src/shigodeki/iOS/shigodeki/ViewModels/DashboardViewModel.swift /Users/delaxstudio/src/shigodeki/iOS/shigodeki/ViewModels/FamilyViewModel.swift (in target 'shigodeki' from project 'shigodeki')

SwiftCompile normal x86_64 /Users/delaxstudio/src/shigodeki/iOS/shigodeki/Services/UnifiedInvitationService.swift (in target 'shigodeki' from project 'shigodeki')
    cd /Users/delaxstudio/src/shigodeki/iOS
    

SwiftCompile normal x86_64 /Users/delaxstudio/src/shigodeki/iOS/shigodeki/Services/UserDataService.swift (in target 'shigodeki' from project 'shigodeki')
    cd /Users/delaxstudio/src/shigodeki/iOS
    

SwiftCompile normal x86_64 /Users/delaxstudio/src/shigodeki/iOS/shigodeki/Services/WebApiPhaseBuilder.swift (in target 'shigodeki' from project 'shigodeki')
    cd /Users/delaxstudio/src/shigodeki/iOS
    

SwiftCompile normal x86_64 /Users/delaxstudio/src/shigodeki/iOS/shigodeki/Services/WebApiTaskListBuilder.swift (in target 'shigodeki' from project 'shigodeki')
    cd /Users/delaxstudio/src/shigodeki/iOS
    

SwiftCompile normal x86_64 /Users/delaxstudio/src/shigodeki/iOS/shigodeki/Services/WebApiTemplateService.swift (in target 'shigodeki' from project 'shigodeki')
    cd /Users/delaxstudio/src/shigodeki/iOS
    

SwiftCompile normal x86_64 /Users/delaxstudio/src/shigodeki/iOS/shigodeki/Services/WebsiteTemplateService.swift (in target 'shigodeki' from project 'shigodeki')
    cd /Users/delaxstudio/src/shigodeki/iOS
    

SwiftCompile normal x86_64 /Users/delaxstudio/src/shigodeki/iOS/shigodeki/Utilities/EmailDisplayUtility.swift (in target 'shigodeki' from project 'shigodeki')
    cd /Users/delaxstudio/src/shigodeki/iOS
    

SwiftCompile normal x86_64 /Users/delaxstudio/src/shigodeki/iOS/shigodeki/Utilities/Environment+Entitlements.swift (in target 'shigodeki' from project 'shigodeki')
    cd /Users/delaxstudio/src/shigodeki/iOS
    

SwiftCompile normal x86_64 /Users/delaxstudio/src/shigodeki/iOS/shigodeki/Utilities/Environment+Purchases.swift (in target 'shigodeki' from project 'shigodeki')
    cd /Users/delaxstudio/src/shigodeki/iOS
    

SwiftCompile normal x86_64 /Users/delaxstudio/src/shigodeki/iOS/shigodeki/Utilities/FeatureFlagOverrides.swift (in target 'shigodeki' from project 'shigodeki')
    cd /Users/delaxstudio/src/shigodeki/iOS
    

SwiftCompile normal x86_64 /Users/delaxstudio/src/shigodeki/iOS/shigodeki/Utilities/FeatureFlags.swift (in target 'shigodeki' from project 'shigodeki')
    cd /Users/delaxstudio/src/shigodeki/iOS
    

SwiftCompile normal x86_64 /Users/delaxstudio/src/shigodeki/iOS/shigodeki/Utilities/RemoteConfigGate.swift (in target 'shigodeki' from project 'shigodeki')
    cd /Users/delaxstudio/src/shigodeki/iOS
    

SwiftCompile normal x86_64 /Users/delaxstudio/src/shigodeki/iOS/shigodeki/Utilities/SyncQueue.swift (in target 'shigodeki' from project 'shigodeki')
    cd /Users/delaxstudio/src/shigodeki/iOS
    

SwiftCompile normal x86_64 /Users/delaxstudio/src/shigodeki/iOS/shigodeki/Utilities/Telemetry.swift (in target 'shigodeki' from project 'shigodeki')
    cd /Users/delaxstudio/src/shigodeki/iOS
    

SwiftCompile normal x86_64 /Users/delaxstudio/src/shigodeki/iOS/shigodeki/Utilities/ToastCenter.swift (in target 'shigodeki' from project 'shigodeki')
    cd /Users/delaxstudio/src/shigodeki/iOS
    

SwiftCompile normal x86_64 /Users/delaxstudio/src/shigodeki/iOS/shigodeki/ViewModels/DashboardViewModel.swift (in target 'shigodeki' from project 'shigodeki')
    cd /Users/delaxstudio/src/shigodeki/iOS
    

SwiftCompile normal x86_64 /Users/delaxstudio/src/shigodeki/iOS/shigodeki/ViewModels/FamilyViewModel.swift (in target 'shigodeki' from project 'shigodeki')
    cd /Users/delaxstudio/src/shigodeki/iOS
    

SwiftCompile normal x86_64 Compiling\ KeychainManager.swift,\ OfflineManager.swift,\ PhaseManager.swift,\ PhaseSectionManager.swift,\ ProjectCreationHelpers.swift,\ ProjectInvitationManager.swift,\ ProjectListenerManager.swift,\ ProjectManager.swift,\ ProjectMemberOperations.swift,\ ProjectTemplateOperations.swift,\ ProjectValidationHelpers.swift,\ StorageManager.swift,\ SubtaskManager.swift,\ TagManager.swift,\ TaskListManager.swift,\ TaskManager.swift,\ TaskOrderingManager.swift /Users/delaxstudio/src/shigodeki/iOS/shigodeki/Managers/KeychainManager.swift /Users/delaxstudio/src/shigodeki/iOS/shigodeki/Managers/OfflineManager.swift /Users/delaxstudio/src/shigodeki/iOS/shigodeki/Managers/PhaseManager.swift /Users/delaxstudio/src/shigodeki/iOS/shigodeki/Managers/PhaseSectionManager.swift /Users/delaxstudio/src/shigodeki/iOS/shigodeki/Managers/ProjectCreationHelpers.swift /Users/delaxstudio/src/shigodeki/iOS/shigodeki/Managers/ProjectInvitationManager.swift /Users/delaxstudio/src/shigodeki/iOS/shigodeki/Managers/ProjectListenerManager.swift /Users/delaxstudio/src/shigodeki/iOS/shigodeki/Managers/ProjectManager.swift /Users/delaxstudio/src/shigodeki/iOS/shigodeki/Managers/ProjectMemberOperations.swift /Users/delaxstudio/src/shigodeki/iOS/shigodeki/Managers/ProjectTemplateOperations.swift /Users/delaxstudio/src/shigodeki/iOS/shigodeki/Managers/ProjectValidationHelpers.swift /Users/delaxstudio/src/shigodeki/iOS/shigodeki/Managers/StorageManager.swift /Users/delaxstudio/src/shigodeki/iOS/shigodeki/Managers/SubtaskManager.swift /Users/delaxstudio/src/shigodeki/iOS/shigodeki/Managers/TagManager.swift /Users/delaxstudio/src/shigodeki/iOS/shigodeki/Managers/TaskListManager.swift /Users/delaxstudio/src/shigodeki/iOS/shigodeki/Managers/TaskManager.swift /Users/delaxstudio/src/shigodeki/iOS/shigodeki/Managers/TaskOrderingManager.swift (in target 'shigodeki' from project 'shigodeki')

SwiftCompile normal x86_64 /Users/delaxstudio/src/shigodeki/iOS/shigodeki/Managers/KeychainManager.swift (in target 'shigodeki' from project 'shigodeki')
    cd /Users/delaxstudio/src/shigodeki/iOS
    

SwiftCompile normal x86_64 /Users/delaxstudio/src/shigodeki/iOS/shigodeki/Managers/OfflineManager.swift (in target 'shigodeki' from project 'shigodeki')
    cd /Users/delaxstudio/src/shigodeki/iOS
    

SwiftCompile normal x86_64 /Users/delaxstudio/src/shigodeki/iOS/shigodeki/Managers/PhaseManager.swift (in target 'shigodeki' from project 'shigodeki')
    cd /Users/delaxstudio/src/shigodeki/iOS
    

SwiftCompile normal x86_64 /Users/delaxstudio/src/shigodeki/iOS/shigodeki/Managers/PhaseSectionManager.swift (in target 'shigodeki' from project 'shigodeki')
    cd /Users/delaxstudio/src/shigodeki/iOS
    

SwiftCompile normal x86_64 /Users/delaxstudio/src/shigodeki/iOS/shigodeki/Managers/ProjectCreationHelpers.swift (in target 'shigodeki' from project 'shigodeki')
    cd /Users/delaxstudio/src/shigodeki/iOS
    

SwiftCompile normal x86_64 /Users/delaxstudio/src/shigodeki/iOS/shigodeki/Managers/ProjectInvitationManager.swift (in target 'shigodeki' from project 'shigodeki')
    cd /Users/delaxstudio/src/shigodeki/iOS
    

SwiftCompile normal x86_64 /Users/delaxstudio/src/shigodeki/iOS/shigodeki/Managers/ProjectListenerManager.swift (in target 'shigodeki' from project 'shigodeki')
    cd /Users/delaxstudio/src/shigodeki/iOS
    

SwiftCompile normal x86_64 /Users/delaxstudio/src/shigodeki/iOS/shigodeki/Managers/ProjectManager.swift (in target 'shigodeki' from project 'shigodeki')
    cd /Users/delaxstudio/src/shigodeki/iOS
    

SwiftCompile normal x86_64 /Users/delaxstudio/src/shigodeki/iOS/shigodeki/Managers/ProjectMemberOperations.swift (in target 'shigodeki' from project 'shigodeki')
    cd /Users/delaxstudio/src/shigodeki/iOS
    

SwiftCompile normal x86_64 /Users/delaxstudio/src/shigodeki/iOS/shigodeki/Managers/ProjectTemplateOperations.swift (in target 'shigodeki' from project 'shigodeki')
    cd /Users/delaxstudio/src/shigodeki/iOS
    

SwiftCompile normal x86_64 /Users/delaxstudio/src/shigodeki/iOS/shigodeki/Managers/ProjectValidationHelpers.swift (in target 'shigodeki' from project 'shigodeki')
    cd /Users/delaxstudio/src/shigodeki/iOS
    

SwiftCompile normal x86_64 /Users/delaxstudio/src/shigodeki/iOS/shigodeki/Managers/StorageManager.swift (in target 'shigodeki' from project 'shigodeki')
    cd /Users/delaxstudio/src/shigodeki/iOS
    

SwiftCompile normal x86_64 /Users/delaxstudio/src/shigodeki/iOS/shigodeki/Managers/SubtaskManager.swift (in target 'shigodeki' from project 'shigodeki')
    cd /Users/delaxstudio/src/shigodeki/iOS
    

SwiftCompile normal x86_64 /Users/delaxstudio/src/shigodeki/iOS/shigodeki/Managers/TagManager.swift (in target 'shigodeki' from project 'shigodeki')
    cd /Users/delaxstudio/src/shigodeki/iOS
    

SwiftCompile normal x86_64 /Users/delaxstudio/src/shigodeki/iOS/shigodeki/Managers/TaskListManager.swift (in target 'shigodeki' from project 'shigodeki')
    cd /Users/delaxstudio/src/shigodeki/iOS
    

SwiftCompile normal x86_64 /Users/delaxstudio/src/shigodeki/iOS/shigodeki/Managers/TaskManager.swift (in target 'shigodeki' from project 'shigodeki')
    cd /Users/delaxstudio/src/shigodeki/iOS
    

SwiftCompile normal x86_64 /Users/delaxstudio/src/shigodeki/iOS/shigodeki/Managers/TaskOrderingManager.swift (in target 'shigodeki' from project 'shigodeki')
    cd /Users/delaxstudio/src/shigodeki/iOS
    

SwiftCompile normal x86_64 Compiling\ AIPromptTemplate.swift,\ AITaskPromptBuilder.swift,\ AITaskSuggestionParser.swift,\ ClaudeClient.swift,\ GeminiClient.swift,\ OpenAIClient.swift,\ AccessibilityComponents.swift,\ AccessibilityFocusManager.swift,\ AccessibilitySystem.swift,\ AnimationSystem.swift,\ AssigneeSectionView.swift,\ AuthDebugComponents.swift,\ AuthHelperViews.swift,\ AuthStatusComponents.swift,\ AuthTestComponents.swift,\ AuthTestControls.swift,\ BreadcrumbBar.swift /Users/delaxstudio/src/shigodeki/iOS/shigodeki/AI/AIPromptTemplate.swift /Users/delaxstudio/src/shigodeki/iOS/shigodeki/AI/AITaskPromptBuilder.swift /Users/delaxstudio/src/shigodeki/iOS/shigodeki/AI/AITaskSuggestionParser.swift /Users/delaxstudio/src/shigodeki/iOS/shigodeki/AI/ClaudeClient.swift /Users/delaxstudio/src/shigodeki/iOS/shigodeki/AI/GeminiClient.swift /Users/delaxstudio/src/shigodeki/iOS/shigodeki/AI/OpenAIClient.swift /Users/delaxstudio/src/shigodeki/iOS/shigodeki/Components/AccessibilityComponents.swift /Users/delaxstudio/src/shigodeki/iOS/shigodeki/Components/AccessibilityFocusManager.swift /Users/delaxstudio/src/shigodeki/iOS/shigodeki/Components/AccessibilitySystem.swift /Users/delaxstudio/src/shigodeki/iOS/shigodeki/Components/AnimationSystem.swift /Users/delaxstudio/src/shigodeki/iOS/shigodeki/Components/AssigneeSectionView.swift /Users/delaxstudio/src/shigodeki/iOS/shigodeki/Components/AuthDebugComponents.swift /Users/delaxstudio/src/shigodeki/iOS/shigodeki/Components/AuthHelperViews.swift /Users/delaxstudio/src/shigodeki/iOS/shigodeki/Components/AuthStatusComponents.swift /Users/delaxstudio/src/shigodeki/iOS/shigodeki/Components/AuthTestComponents.swift /Users/delaxstudio/src/shigodeki/iOS/shigodeki/Components/AuthTestControls.swift /Users/delaxstudio/src/shigodeki/iOS/shigodeki/Components/BreadcrumbBar.swift (in target 'shigodeki' from project 'shigodeki')
SwiftCompile normal x86_64 /Users/delaxstudio/src/shigodeki/iOS/shigodeki/AI/AIPromptTemplate.swift (in target 'shigodeki' from project 'shigodeki')
    cd /Users/delaxstudio/src/shigodeki/iOS
    

SwiftCompile normal x86_64 /Users/delaxstudio/src/shigodeki/iOS/shigodeki/AI/AITaskPromptBuilder.swift (in target 'shigodeki' from project 'shigodeki')
    cd /Users/delaxstudio/src/shigodeki/iOS
    

SwiftCompile normal x86_64 /Users/delaxstudio/src/shigodeki/iOS/shigodeki/AI/AITaskSuggestionParser.swift (in target 'shigodeki' from project 'shigodeki')
    cd /Users/delaxstudio/src/shigodeki/iOS
    

SwiftCompile normal x86_64 /Users/delaxstudio/src/shigodeki/iOS/shigodeki/AI/ClaudeClient.swift (in target 'shigodeki' from project 'shigodeki')
    cd /Users/delaxstudio/src/shigodeki/iOS
    

SwiftCompile normal x86_64 /Users/delaxstudio/src/shigodeki/iOS/shigodeki/AI/GeminiClient.swift (in target 'shigodeki' from project 'shigodeki')
    cd /Users/delaxstudio/src/shigodeki/iOS
    

SwiftCompile normal x86_64 /Users/delaxstudio/src/shigodeki/iOS/shigodeki/AI/OpenAIClient.swift (in target 'shigodeki' from project 'shigodeki')
    cd /Users/delaxstudio/src/shigodeki/iOS
    

SwiftCompile normal x86_64 /Users/delaxstudio/src/shigodeki/iOS/shigodeki/Components/AccessibilityComponents.swift (in target 'shigodeki' from project 'shigodeki')
    cd /Users/delaxstudio/src/shigodeki/iOS
    

SwiftCompile normal x86_64 /Users/delaxstudio/src/shigodeki/iOS/shigodeki/Components/AccessibilityFocusManager.swift (in target 'shigodeki' from project 'shigodeki')
    cd /Users/delaxstudio/src/shigodeki/iOS
    

SwiftCompile normal x86_64 /Users/delaxstudio/src/shigodeki/iOS/shigodeki/Components/AccessibilitySystem.swift (in target 'shigodeki' from project 'shigodeki')
    cd /Users/delaxstudio/src/shigodeki/iOS
    

SwiftCompile normal x86_64 /Users/delaxstudio/src/shigodeki/iOS/shigodeki/Components/AnimationSystem.swift (in target 'shigodeki' from project 'shigodeki')
    cd /Users/delaxstudio/src/shigodeki/iOS
    

SwiftCompile normal x86_64 /Users/delaxstudio/src/shigodeki/iOS/shigodeki/Components/AssigneeSectionView.swift (in target 'shigodeki' from project 'shigodeki')
    cd /Users/delaxstudio/src/shigodeki/iOS
    

SwiftCompile normal x86_64 /Users/delaxstudio/src/shigodeki/iOS/shigodeki/Components/AuthDebugComponents.swift (in target 'shigodeki' from project 'shigodeki')
    cd /Users/delaxstudio/src/shigodeki/iOS
    

SwiftCompile normal x86_64 /Users/delaxstudio/src/shigodeki/iOS/shigodeki/Components/AuthHelperViews.swift (in target 'shigodeki' from project 'shigodeki')
    cd /Users/delaxstudio/src/shigodeki/iOS
    

SwiftCompile normal x86_64 /Users/delaxstudio/src/shigodeki/iOS/shigodeki/Components/AuthStatusComponents.swift (in target 'shigodeki' from project 'shigodeki')
    cd /Users/delaxstudio/src/shigodeki/iOS
    

SwiftCompile normal x86_64 /Users/delaxstudio/src/shigodeki/iOS/shigodeki/Components/AuthTestComponents.swift (in target 'shigodeki' from project 'shigodeki')
    cd /Users/delaxstudio/src/shigodeki/iOS
    

SwiftCompile normal x86_64 /Users/delaxstudio/src/shigodeki/iOS/shigodeki/Components/AuthTestControls.swift (in target 'shigodeki' from project 'shigodeki')
    cd /Users/delaxstudio/src/shigodeki/iOS
    

SwiftCompile normal x86_64 /Users/delaxstudio/src/shigodeki/iOS/shigodeki/Components/BreadcrumbBar.swift (in target 'shigodeki' from project 'shigodeki')
    cd /Users/delaxstudio/src/shigodeki/iOS
    

SwiftCompile normal x86_64 Compiling\ AITaskConverter.swift,\ AITaskGenerator.swift,\ AppleSignInService.swift,\ AppPlanningTaskListBuilder.swift,\ AuthTestDataDeletionService.swift,\ BuiltInTemplates.swift,\ BusinessTemplates.swift,\ CreateProjectService.swift,\ DataMigrationUtility.swift,\ ManagerStatisticsService.swift,\ MemberDataService.swift,\ MemoryManagementService.swift,\ MobileAppTaskListBuilder.swift,\ MobileAppTemplateService.swift,\ ModelJSONUtility.swift,\ ModelValidation.swift,\ OptimisticUpdateManager.swift /Users/delaxstudio/src/shigodeki/iOS/shigodeki/Services/AITaskConverter.swift /Users/delaxstudio/src/shigodeki/iOS/shigodeki/Services/AITaskGenerator.swift /Users/delaxstudio/src/shigodeki/iOS/shigodeki/Services/AppleSignInService.swift /Users/delaxstudio/src/shigodeki/iOS/shigodeki/Services/AppPlanningTaskListBuilder.swift /Users/delaxstudio/src/shigodeki/iOS/shigodeki/Services/AuthTestDataDeletionService.swift /Users/delaxstudio/src/shigodeki/iOS/shigodeki/Services/BuiltInTemplates.swift /Users/delaxstudio/src/shigodeki/iOS/shigodeki/Services/BusinessTemplates.swift /Users/delaxstudio/src/shigodeki/iOS/shigodeki/Services/CreateProjectService.swift /Users/delaxstudio/src/shigodeki/iOS/shigodeki/Services/DataMigrationUtility.swift /Users/delaxstudio/src/shigodeki/iOS/shigodeki/Services/ManagerStatisticsService.swift /Users/delaxstudio/src/shigodeki/iOS/shigodeki/Services/MemberDataService.swift /Users/delaxstudio/src/shigodeki/iOS/shigodeki/Services/MemoryManagementService.swift /Users/delaxstudio/src/shigodeki/iOS/shigodeki/Services/MobileAppTaskListBuilder.swift /Users/delaxstudio/src/shigodeki/iOS/shigodeki/Services/MobileAppTemplateService.swift /Users/delaxstudio/src/shigodeki/iOS/shigodeki/Services/ModelJSONUtility.swift /Users/delaxstudio/src/shigodeki/iOS/shigodeki/Services/ModelValidation.swift /Users/delaxstudio/src/shigodeki/iOS/shigodeki/Services/OptimisticUpdateManager.swift (in target 'shigodeki' from project 'shigodeki')

SwiftCompile normal x86_64 /Users/delaxstudio/src/shigodeki/iOS/shigodeki/Services/AITaskConverter.swift (in target 'shigodeki' from project 'shigodeki')
    cd /Users/delaxstudio/src/shigodeki/iOS
    

SwiftCompile normal x86_64 /Users/delaxstudio/src/shigodeki/iOS/shigodeki/Services/AITaskGenerator.swift (in target 'shigodeki' from project 'shigodeki')
    cd /Users/delaxstudio/src/shigodeki/iOS
    

SwiftCompile normal x86_64 /Users/delaxstudio/src/shigodeki/iOS/shigodeki/Services/AppleSignInService.swift (in target 'shigodeki' from project 'shigodeki')
    cd /Users/delaxstudio/src/shigodeki/iOS
    

SwiftCompile normal x86_64 /Users/delaxstudio/src/shigodeki/iOS/shigodeki/Services/AppPlanningTaskListBuilder.swift (in target 'shigodeki' from project 'shigodeki')
    cd /Users/delaxstudio/src/shigodeki/iOS
    

SwiftCompile normal x86_64 /Users/delaxstudio/src/shigodeki/iOS/shigodeki/Services/AuthTestDataDeletionService.swift (in target 'shigodeki' from project 'shigodeki')
    cd /Users/delaxstudio/src/shigodeki/iOS
    

SwiftCompile normal x86_64 /Users/delaxstudio/src/shigodeki/iOS/shigodeki/Services/BuiltInTemplates.swift (in target 'shigodeki' from project 'shigodeki')
    cd /Users/delaxstudio/src/shigodeki/iOS
    

SwiftCompile normal x86_64 /Users/delaxstudio/src/shigodeki/iOS/shigodeki/Services/BusinessTemplates.swift (in target 'shigodeki' from project 'shigodeki')
    cd /Users/delaxstudio/src/shigodeki/iOS
    

SwiftCompile normal x86_64 /Users/delaxstudio/src/shigodeki/iOS/shigodeki/Services/CreateProjectService.swift (in target 'shigodeki' from project 'shigodeki')
    cd /Users/delaxstudio/src/shigodeki/iOS
    

SwiftCompile normal x86_64 /Users/delaxstudio/src/shigodeki/iOS/shigodeki/Services/DataMigrationUtility.swift (in target 'shigodeki' from project 'shigodeki')
    cd /Users/delaxstudio/src/shigodeki/iOS
    

SwiftCompile normal x86_64 /Users/delaxstudio/src/shigodeki/iOS/shigodeki/Services/ManagerStatisticsService.swift (in target 'shigodeki' from project 'shigodeki')
    cd /Users/delaxstudio/src/shigodeki/iOS
    

SwiftCompile normal x86_64 /Users/delaxstudio/src/shigodeki/iOS/shigodeki/Services/MemberDataService.swift (in target 'shigodeki' from project 'shigodeki')
    cd /Users/delaxstudio/src/shigodeki/iOS
    

SwiftCompile normal x86_64 /Users/delaxstudio/src/shigodeki/iOS/shigodeki/Services/MemoryManagementService.swift (in target 'shigodeki' from project 'shigodeki')
    cd /Users/delaxstudio/src/shigodeki/iOS
    

SwiftCompile normal x86_64 /Users/delaxstudio/src/shigodeki/iOS/shigodeki/Services/MobileAppTaskListBuilder.swift (in target 'shigodeki' from project 'shigodeki')
    cd /Users/delaxstudio/src/shigodeki/iOS
    

SwiftCompile normal x86_64 /Users/delaxstudio/src/shigodeki/iOS/shigodeki/Services/MobileAppTemplateService.swift (in target 'shigodeki' from project 'shigodeki')
    cd /Users/delaxstudio/src/shigodeki/iOS
    

SwiftCompile normal x86_64 /Users/delaxstudio/src/shigodeki/iOS/shigodeki/Services/ModelJSONUtility.swift (in target 'shigodeki' from project 'shigodeki')
    cd /Users/delaxstudio/src/shigodeki/iOS
    

SwiftCompile normal x86_64 /Users/delaxstudio/src/shigodeki/iOS/shigodeki/Services/ModelValidation.swift (in target 'shigodeki' from project 'shigodeki')
    cd /Users/delaxstudio/src/shigodeki/iOS
    

SwiftCompile normal x86_64 /Users/delaxstudio/src/shigodeki/iOS/shigodeki/Services/OptimisticUpdateManager.swift (in target 'shigodeki' from project 'shigodeki')
    cd /Users/delaxstudio/src/shigodeki/iOS
    

SwiftCompile normal x86_64 Compiling\ TemplateComplexityCalculator.swift,\ TemplateContentEncoder.swift,\ TemplateCustomizationService.swift,\ TemplateExporter.swift,\ TemplateExportOptions.swift,\ TemplateFilterService.swift,\ TemplateImportConversion.swift,\ TemplateImporter.swift,\ TemplateImportService.swift,\ TemplateImportValidation.swift,\ TemplateProcessingService.swift,\ TemplateStatisticsService.swift,\ TemplateValidation.swift,\ TemplateValidationHelpers.swift,\ TemplateValidationLogic.swift,\ TemplateValidationTypes.swift,\ TestingTaskListBuilder.swift /Users/delaxstudio/src/shigodeki/iOS/shigodeki/Services/TemplateComplexityCalculator.swift /Users/delaxstudio/src/shigodeki/iOS/shigodeki/Services/TemplateContentEncoder.swift /Users/delaxstudio/src/shigodeki/iOS/shigodeki/Services/TemplateCustomizationService.swift /Users/delaxstudio/src/shigodeki/iOS/shigodeki/Services/TemplateExporter.swift /Users/delaxstudio/src/shigodeki/iOS/shigodeki/Services/TemplateExportOptions.swift /Users/delaxstudio/src/shigodeki/iOS/shigodeki/Services/TemplateFilterService.swift /Users/delaxstudio/src/shigodeki/iOS/shigodeki/Services/TemplateImportConversion.swift /Users/delaxstudio/src/shigodeki/iOS/shigodeki/Services/TemplateImporter.swift /Users/delaxstudio/src/shigodeki/iOS/shigodeki/Services/TemplateImportService.swift /Users/delaxstudio/src/shigodeki/iOS/shigodeki/Services/TemplateImportValidation.swift /Users/delaxstudio/src/shigodeki/iOS/shigodeki/Services/TemplateProcessingService.swift /Users/delaxstudio/src/shigodeki/iOS/shigodeki/Services/TemplateStatisticsService.swift /Users/delaxstudio/src/shigodeki/iOS/shigodeki/Services/TemplateValidation.swift /Users/delaxstudio/src/shigodeki/iOS/shigodeki/Services/TemplateValidationHelpers.swift /Users/delaxstudio/src/shigodeki/iOS/shigodeki/Services/TemplateValidationLogic.swift /Users/delaxstudio/src/shigodeki/iOS/shigodeki/Services/TemplateValidationTypes.swift /Users/delaxstudio/src/shigodeki/iOS/shigodeki/Services/TestingTaskListBuilder.swift (in target 'shigodeki' from project 'shigodeki')

SwiftCompile normal x86_64 /Users/delaxstudio/src/shigodeki/iOS/shigodeki/Services/TemplateComplexityCalculator.swift (in target 'shigodeki' from project 'shigodeki')
    cd /Users/delaxstudio/src/shigodeki/iOS
    

SwiftCompile normal x86_64 /Users/delaxstudio/src/shigodeki/iOS/shigodeki/Services/TemplateContentEncoder.swift (in target 'shigodeki' from project 'shigodeki')
    cd /Users/delaxstudio/src/shigodeki/iOS
    

SwiftCompile normal x86_64 /Users/delaxstudio/src/shigodeki/iOS/shigodeki/Services/TemplateCustomizationService.swift (in target 'shigodeki' from project 'shigodeki')
    cd /Users/delaxstudio/src/shigodeki/iOS
    

SwiftCompile normal x86_64 /Users/delaxstudio/src/shigodeki/iOS/shigodeki/Services/TemplateExporter.swift (in target 'shigodeki' from project 'shigodeki')
    cd /Users/delaxstudio/src/shigodeki/iOS
    

SwiftCompile normal x86_64 /Users/delaxstudio/src/shigodeki/iOS/shigodeki/Services/TemplateExportOptions.swift (in target 'shigodeki' from project 'shigodeki')
    cd /Users/delaxstudio/src/shigodeki/iOS
    

SwiftCompile normal x86_64 /Users/delaxstudio/src/shigodeki/iOS/shigodeki/Services/TemplateFilterService.swift (in target 'shigodeki' from project 'shigodeki')
    cd /Users/delaxstudio/src/shigodeki/iOS
    

SwiftCompile normal x86_64 /Users/delaxstudio/src/shigodeki/iOS/shigodeki/Services/TemplateImportConversion.swift (in target 'shigodeki' from project 'shigodeki')
    cd /Users/delaxstudio/src/shigodeki/iOS
    

SwiftCompile normal x86_64 /Users/delaxstudio/src/shigodeki/iOS/shigodeki/Services/TemplateImporter.swift (in target 'shigodeki' from project 'shigodeki')
    cd /Users/delaxstudio/src/shigodeki/iOS
    

SwiftCompile normal x86_64 /Users/delaxstudio/src/shigodeki/iOS/shigodeki/Services/TemplateImportService.swift (in target 'shigodeki' from project 'shigodeki')
    cd /Users/delaxstudio/src/shigodeki/iOS
    

SwiftCompile normal x86_64 /Users/delaxstudio/src/shigodeki/iOS/shigodeki/Services/TemplateImportValidation.swift (in target 'shigodeki' from project 'shigodeki')
    cd /Users/delaxstudio/src/shigodeki/iOS
    

SwiftCompile normal x86_64 /Users/delaxstudio/src/shigodeki/iOS/shigodeki/Services/TemplateProcessingService.swift (in target 'shigodeki' from project 'shigodeki')
    cd /Users/delaxstudio/src/shigodeki/iOS
    

SwiftCompile normal x86_64 /Users/delaxstudio/src/shigodeki/iOS/shigodeki/Services/TemplateStatisticsService.swift (in target 'shigodeki' from project 'shigodeki')
    cd /Users/delaxstudio/src/shigodeki/iOS
    

SwiftCompile normal x86_64 /Users/delaxstudio/src/shigodeki/iOS/shigodeki/Services/TemplateValidation.swift (in target 'shigodeki' from project 'shigodeki')
    cd /Users/delaxstudio/src/shigodeki/iOS
    

SwiftCompile normal x86_64 /Users/delaxstudio/src/shigodeki/iOS/shigodeki/Services/TemplateValidationHelpers.swift (in target 'shigodeki' from project 'shigodeki')
    cd /Users/delaxstudio/src/shigodeki/iOS
    

SwiftCompile normal x86_64 /Users/delaxstudio/src/shigodeki/iOS/shigodeki/Services/TemplateValidationLogic.swift (in target 'shigodeki' from project 'shigodeki')
    cd /Users/delaxstudio/src/shigodeki/iOS
    

SwiftCompile normal x86_64 /Users/delaxstudio/src/shigodeki/iOS/shigodeki/Services/TemplateValidationTypes.swift (in target 'shigodeki' from project 'shigodeki')
    cd /Users/delaxstudio/src/shigodeki/iOS
    

SwiftCompile normal x86_64 /Users/delaxstudio/src/shigodeki/iOS/shigodeki/Services/TestingTaskListBuilder.swift (in target 'shigodeki' from project 'shigodeki')
    cd /Users/delaxstudio/src/shigodeki/iOS
    

SwiftCompile normal x86_64 Compiling\ Persistence.swift,\ PhaseAIService.swift,\ PhaseSubtaskService.swift,\ PhaseTaskDetailService.swift,\ PhaseTaskDetailViewHelpers.swift,\ PhaseTaskViewService.swift,\ ProjectAnalysisEngine.swift,\ ProjectMetricsService.swift,\ ProjectTemplateConverter.swift,\ ProviderThrottleCenter.swift,\ PublishingTaskListBuilder.swift,\ QuickAIPromptBuilder.swift,\ SettingsDataService.swift,\ SoftTemplateDecoding.swift,\ SoftwareDevTemplates.swift,\ SubtaskPromotionService.swift,\ TagCreationService.swift /Users/delaxstudio/src/shigodeki/iOS/shigodeki/Services/Persistence.swift /Users/delaxstudio/src/shigodeki/iOS/shigodeki/Services/PhaseAIService.swift /Users/delaxstudio/src/shigodeki/iOS/shigodeki/Services/PhaseSubtaskService.swift /Users/delaxstudio/src/shigodeki/iOS/shigodeki/Services/PhaseTaskDetailService.swift /Users/delaxstudio/src/shigodeki/iOS/shigodeki/Services/PhaseTaskDetailViewHelpers.swift /Users/delaxstudio/src/shigodeki/iOS/shigodeki/Services/PhaseTaskViewService.swift /Users/delaxstudio/src/shigodeki/iOS/shigodeki/Services/ProjectAnalysisEngine.swift /Users/delaxstudio/src/shigodeki/iOS/shigodeki/Services/ProjectMetricsService.swift /Users/delaxstudio/src/shigodeki/iOS/shigodeki/Services/ProjectTemplateConverter.swift /Users/delaxstudio/src/shigodeki/iOS/shigodeki/Services/ProviderThrottleCenter.swift /Users/delaxstudio/src/shigodeki/iOS/shigodeki/Services/PublishingTaskListBuilder.swift /Users/delaxstudio/src/shigodeki/iOS/shigodeki/Services/QuickAIPromptBuilder.swift /Users/delaxstudio/src/shigodeki/iOS/shigodeki/Services/SettingsDataService.swift /Users/delaxstudio/src/shigodeki/iOS/shigodeki/Services/SoftTemplateDecoding.swift /Users/delaxstudio/src/shigodeki/iOS/shigodeki/Services/SoftwareDevTemplates.swift /Users/delaxstudio/src/shigodeki/iOS/shigodeki/Services/SubtaskPromotionService.swift /Users/delaxstudio/src/shigodeki/iOS/shigodeki/Services/TagCreationService.swift (in target 'shigodeki' from project 'shigodeki')

SwiftCompile normal x86_64 /Users/delaxstudio/src/shigodeki/iOS/shigodeki/Services/Persistence.swift (in target 'shigodeki' from project 'shigodeki')
    cd /Users/delaxstudio/src/shigodeki/iOS
    

SwiftCompile normal x86_64 /Users/delaxstudio/src/shigodeki/iOS/shigodeki/Services/PhaseAIService.swift (in target 'shigodeki' from project 'shigodeki')
    cd /Users/delaxstudio/src/shigodeki/iOS
    

SwiftCompile normal x86_64 /Users/delaxstudio/src/shigodeki/iOS/shigodeki/Services/PhaseSubtaskService.swift (in target 'shigodeki' from project 'shigodeki')
    cd /Users/delaxstudio/src/shigodeki/iOS
    

SwiftCompile normal x86_64 /Users/delaxstudio/src/shigodeki/iOS/shigodeki/Services/PhaseTaskDetailService.swift (in target 'shigodeki' from project 'shigodeki')
    cd /Users/delaxstudio/src/shigodeki/iOS
    

SwiftCompile normal x86_64 /Users/delaxstudio/src/shigodeki/iOS/shigodeki/Services/PhaseTaskDetailViewHelpers.swift (in target 'shigodeki' from project 'shigodeki')
    cd /Users/delaxstudio/src/shigodeki/iOS
    

SwiftCompile normal x86_64 /Users/delaxstudio/src/shigodeki/iOS/shigodeki/Services/PhaseTaskViewService.swift (in target 'shigodeki' from project 'shigodeki')
    cd /Users/delaxstudio/src/shigodeki/iOS
    

SwiftCompile normal x86_64 /Users/delaxstudio/src/shigodeki/iOS/shigodeki/Services/ProjectAnalysisEngine.swift (in target 'shigodeki' from project 'shigodeki')
    cd /Users/delaxstudio/src/shigodeki/iOS
    

SwiftCompile normal x86_64 /Users/delaxstudio/src/shigodeki/iOS/shigodeki/Services/ProjectMetricsService.swift (in target 'shigodeki' from project 'shigodeki')
    cd /Users/delaxstudio/src/shigodeki/iOS
    

SwiftCompile normal x86_64 /Users/delaxstudio/src/shigodeki/iOS/shigodeki/Services/ProjectTemplateConverter.swift (in target 'shigodeki' from project 'shigodeki')
    cd /Users/delaxstudio/src/shigodeki/iOS
    

SwiftCompile normal x86_64 /Users/delaxstudio/src/shigodeki/iOS/shigodeki/Services/ProviderThrottleCenter.swift (in target 'shigodeki' from project 'shigodeki')
    cd /Users/delaxstudio/src/shigodeki/iOS
    

SwiftCompile normal x86_64 /Users/delaxstudio/src/shigodeki/iOS/shigodeki/Services/PublishingTaskListBuilder.swift (in target 'shigodeki' from project 'shigodeki')
    cd /Users/delaxstudio/src/shigodeki/iOS
    

SwiftCompile normal x86_64 /Users/delaxstudio/src/shigodeki/iOS/shigodeki/Services/QuickAIPromptBuilder.swift (in target 'shigodeki' from project 'shigodeki')
    cd /Users/delaxstudio/src/shigodeki/iOS
    

SwiftCompile normal x86_64 /Users/delaxstudio/src/shigodeki/iOS/shigodeki/Services/SettingsDataService.swift (in target 'shigodeki' from project 'shigodeki')
    cd /Users/delaxstudio/src/shigodeki/iOS
    

SwiftCompile normal x86_64 /Users/delaxstudio/src/shigodeki/iOS/shigodeki/Services/SoftTemplateDecoding.swift (in target 'shigodeki' from project 'shigodeki')
    cd /Users/delaxstudio/src/shigodeki/iOS
    

SwiftCompile normal x86_64 /Users/delaxstudio/src/shigodeki/iOS/shigodeki/Services/SoftwareDevTemplates.swift (in target 'shigodeki' from project 'shigodeki')
    cd /Users/delaxstudio/src/shigodeki/iOS
    

SwiftCompile normal x86_64 /Users/delaxstudio/src/shigodeki/iOS/shigodeki/Services/SubtaskPromotionService.swift (in target 'shigodeki' from project 'shigodeki')
    cd /Users/delaxstudio/src/shigodeki/iOS
    

SwiftCompile normal x86_64 /Users/delaxstudio/src/shigodeki/iOS/shigodeki/Services/TagCreationService.swift (in target 'shigodeki' from project 'shigodeki')
    cd /Users/delaxstudio/src/shigodeki/iOS
    

SwiftCompile normal x86_64 Compiling\ FamilyViewModelDI.swift,\ FamilyViewModelState.swift,\ PhaseTaskDetailViewModel.swift,\ PhaseTaskListViewModel.swift,\ ProjectDetailViewModel.swift,\ ProjectListViewModel.swift,\ ProjectPhaseKPIViewModel.swift,\ ProjectPortfolioKPIViewModel.swift,\ TaskListDetailViewModel.swift,\ AIActionButtonsView.swift,\ AIConfigurationPromptView.swift,\ AIDetailResultView.swift,\ AIErrorView.swift,\ AIStatusIndicatorView.swift,\ AnalysisTypeCard.swift,\ ProjectAnalysisHeader.swift,\ ProjectBasicSection.swift /Users/delaxstudio/src/shigodeki/iOS/shigodeki/ViewModels/FamilyViewModelDI.swift /Users/delaxstudio/src/shigodeki/iOS/shigodeki/ViewModels/FamilyViewModelState.swift /Users/delaxstudio/src/shigodeki/iOS/shigodeki/ViewModels/PhaseTaskDetailViewModel.swift /Users/delaxstudio/src/shigodeki/iOS/shigodeki/ViewModels/PhaseTaskListViewModel.swift /Users/delaxstudio/src/shigodeki/iOS/shigodeki/ViewModels/ProjectDetailViewModel.swift /Users/delaxstudio/src/shigodeki/iOS/shigodeki/ViewModels/ProjectListViewModel.swift /Users/delaxstudio/src/shigodeki/iOS/shigodeki/ViewModels/ProjectPhaseKPIViewModel.swift /Users/delaxstudio/src/shigodeki/iOS/shigodeki/ViewModels/ProjectPortfolioKPIViewModel.swift /Users/delaxstudio/src/shigodeki/iOS/shigodeki/ViewModels/TaskListDetailViewModel.swift /Users/delaxstudio/src/shigodeki/iOS/shigodeki/Views/Components/AIActionButtonsView.swift /Users/delaxstudio/src/shigodeki/iOS/shigodeki/Views/Components/AIConfigurationPromptView.swift /Users/delaxstudio/src/shigodeki/iOS/shigodeki/Views/Components/AIDetailResultView.swift /Users/delaxstudio/src/shigodeki/iOS/shigodeki/Views/Components/AIErrorView.swift /Users/delaxstudio/src/shigodeki/iOS/shigodeki/Views/Components/AIStatusIndicatorView.swift /Users/delaxstudio/src/shigodeki/iOS/shigodeki/Views/Components/AnalysisTypeCard.swift /Users/delaxstudio/src/shigodeki/iOS/shigodeki/Views/Components/ProjectAnalysisHeader.swift /Users/delaxstudio/src/shigodeki/iOS/shigodeki/Views/Components/ProjectBasicSection.swift (in target 'shigodeki' from project 'shigodeki')

SwiftCompile normal x86_64 /Users/delaxstudio/src/shigodeki/iOS/shigodeki/ViewModels/FamilyViewModelDI.swift (in target 'shigodeki' from project 'shigodeki')
    cd /Users/delaxstudio/src/shigodeki/iOS
    

SwiftCompile normal x86_64 /Users/delaxstudio/src/shigodeki/iOS/shigodeki/ViewModels/FamilyViewModelState.swift (in target 'shigodeki' from project 'shigodeki')
    cd /Users/delaxstudio/src/shigodeki/iOS
    

SwiftCompile normal x86_64 /Users/delaxstudio/src/shigodeki/iOS/shigodeki/ViewModels/PhaseTaskDetailViewModel.swift (in target 'shigodeki' from project 'shigodeki')
    cd /Users/delaxstudio/src/shigodeki/iOS
    

SwiftCompile normal x86_64 /Users/delaxstudio/src/shigodeki/iOS/shigodeki/ViewModels/PhaseTaskListViewModel.swift (in target 'shigodeki' from project 'shigodeki')
    cd /Users/delaxstudio/src/shigodeki/iOS
    

SwiftCompile normal x86_64 /Users/delaxstudio/src/shigodeki/iOS/shigodeki/ViewModels/ProjectDetailViewModel.swift (in target 'shigodeki' from project 'shigodeki')
    cd /Users/delaxstudio/src/shigodeki/iOS
    

SwiftCompile normal x86_64 /Users/delaxstudio/src/shigodeki/iOS/shigodeki/ViewModels/ProjectListViewModel.swift (in target 'shigodeki' from project 'shigodeki')
    cd /Users/delaxstudio/src/shigodeki/iOS
    

SwiftCompile normal x86_64 /Users/delaxstudio/src/shigodeki/iOS/shigodeki/ViewModels/ProjectPhaseKPIViewModel.swift (in target 'shigodeki' from project 'shigodeki')
    cd /Users/delaxstudio/src/shigodeki/iOS
    

SwiftCompile normal x86_64 /Users/delaxstudio/src/shigodeki/iOS/shigodeki/ViewModels/ProjectPortfolioKPIViewModel.swift (in target 'shigodeki' from project 'shigodeki')
    cd /Users/delaxstudio/src/shigodeki/iOS
    

SwiftCompile normal x86_64 /Users/delaxstudio/src/shigodeki/iOS/shigodeki/ViewModels/TaskListDetailViewModel.swift (in target 'shigodeki' from project 'shigodeki')
    cd /Users/delaxstudio/src/shigodeki/iOS
    

SwiftCompile normal x86_64 /Users/delaxstudio/src/shigodeki/iOS/shigodeki/Views/Components/AIActionButtonsView.swift (in target 'shigodeki' from project 'shigodeki')
    cd /Users/delaxstudio/src/shigodeki/iOS
    

SwiftCompile normal x86_64 /Users/delaxstudio/src/shigodeki/iOS/shigodeki/Views/Components/AIConfigurationPromptView.swift (in target 'shigodeki' from project 'shigodeki')
    cd /Users/delaxstudio/src/shigodeki/iOS
    

SwiftCompile normal x86_64 /Users/delaxstudio/src/shigodeki/iOS/shigodeki/Views/Components/AIDetailResultView.swift (in target 'shigodeki' from project 'shigodeki')
    cd /Users/delaxstudio/src/shigodeki/iOS
    

SwiftCompile normal x86_64 /Users/delaxstudio/src/shigodeki/iOS/shigodeki/Views/Components/AIErrorView.swift (in target 'shigodeki' from project 'shigodeki')
    cd /Users/delaxstudio/src/shigodeki/iOS
    

SwiftCompile normal x86_64 /Users/delaxstudio/src/shigodeki/iOS/shigodeki/Views/Components/AIStatusIndicatorView.swift (in target 'shigodeki' from project 'shigodeki')
    cd /Users/delaxstudio/src/shigodeki/iOS
    

SwiftCompile normal x86_64 /Users/delaxstudio/src/shigodeki/iOS/shigodeki/Views/Components/AnalysisTypeCard.swift (in target 'shigodeki' from project 'shigodeki')
    cd /Users/delaxstudio/src/shigodeki/iOS
    

SwiftCompile normal x86_64 /Users/delaxstudio/src/shigodeki/iOS/shigodeki/Views/Components/ProjectAnalysisHeader.swift (in target 'shigodeki' from project 'shigodeki')
    cd /Users/delaxstudio/src/shigodeki/iOS
    

SwiftCompile normal x86_64 /Users/delaxstudio/src/shigodeki/iOS/shigodeki/Views/Components/ProjectBasicSection.swift (in target 'shigodeki' from project 'shigodeki')
    cd /Users/delaxstudio/src/shigodeki/iOS
    

SwiftCompile normal x86_64 Compiling\ ProSubscriptionCoordinator.swift,\ PurchaseFlowTypes.swift,\ PurchaseOutcomeMapper.swift,\ PurchaseProductCatalog.swift,\ PurchaseService.swift,\ TemplateMonetizationCatalog.swift,\ TemplatePriceCatalog.swift,\ TemplatePurchaseCoordinator.swift,\ TemplateDraftBuilder.swift,\ FallbackPlanner.swift,\ Models.swift,\ OpenAIService.swift,\ PlanNormalization.swift,\ TidySchema.swift,\ VisionPlanCoordinator.swift,\ AIClient.swift,\ AIClientRouter.swift /Users/delaxstudio/src/shigodeki/iOS/shigodeki/Services/Purchases/ProSubscriptionCoordinator.swift /Users/delaxstudio/src/shigodeki/iOS/shigodeki/Services/Purchases/PurchaseFlowTypes.swift /Users/delaxstudio/src/shigodeki/iOS/shigodeki/Services/Purchases/PurchaseOutcomeMapper.swift /Users/delaxstudio/src/shigodeki/iOS/shigodeki/Services/Purchases/PurchaseProductCatalog.swift /Users/delaxstudio/src/shigodeki/iOS/shigodeki/Services/Purchases/PurchaseService.swift /Users/delaxstudio/src/shigodeki/iOS/shigodeki/Services/Purchases/TemplateMonetizationCatalog.swift /Users/delaxstudio/src/shigodeki/iOS/shigodeki/Services/Purchases/TemplatePriceCatalog.swift /Users/delaxstudio/src/shigodeki/iOS/shigodeki/Services/Purchases/TemplatePurchaseCoordinator.swift /Users/delaxstudio/src/shigodeki/iOS/shigodeki/Services/Template/TemplateDraftBuilder.swift /Users/delaxstudio/src/shigodeki/iOS/shigodeki/Services/TidyPlan/FallbackPlanner.swift /Users/delaxstudio/src/shigodeki/iOS/shigodeki/Services/TidyPlan/Models.swift /Users/delaxstudio/src/shigodeki/iOS/shigodeki/Services/TidyPlan/OpenAIService.swift /Users/delaxstudio/src/shigodeki/iOS/shigodeki/Services/TidyPlan/PlanNormalization.swift /Users/delaxstudio/src/shigodeki/iOS/shigodeki/Services/TidyPlan/TidySchema.swift /Users/delaxstudio/src/shigodeki/iOS/shigodeki/Services/TidyPlan/VisionPlanCoordinator.swift /Users/delaxstudio/src/shigodeki/iOS/shigodeki/Services/AIClient.swift /Users/delaxstudio/src/shigodeki/iOS/shigodeki/Services/AIClientRouter.swift (in target 'shigodeki' from project 'shigodeki')

SwiftCompile normal x86_64 /Users/delaxstudio/src/shigodeki/iOS/shigodeki/Services/Purchases/ProSubscriptionCoordinator.swift (in target 'shigodeki' from project 'shigodeki')
    cd /Users/delaxstudio/src/shigodeki/iOS
    

SwiftCompile normal x86_64 /Users/delaxstudio/src/shigodeki/iOS/shigodeki/Services/Purchases/PurchaseFlowTypes.swift (in target 'shigodeki' from project 'shigodeki')
    cd /Users/delaxstudio/src/shigodeki/iOS
    

SwiftCompile normal x86_64 /Users/delaxstudio/src/shigodeki/iOS/shigodeki/Services/Purchases/PurchaseOutcomeMapper.swift (in target 'shigodeki' from project 'shigodeki')
    cd /Users/delaxstudio/src/shigodeki/iOS
    

SwiftCompile normal x86_64 /Users/delaxstudio/src/shigodeki/iOS/shigodeki/Services/Purchases/PurchaseProductCatalog.swift (in target 'shigodeki' from project 'shigodeki')
    cd /Users/delaxstudio/src/shigodeki/iOS
    

SwiftCompile normal x86_64 /Users/delaxstudio/src/shigodeki/iOS/shigodeki/Services/Purchases/PurchaseService.swift (in target 'shigodeki' from project 'shigodeki')
    cd /Users/delaxstudio/src/shigodeki/iOS
    

SwiftCompile normal x86_64 /Users/delaxstudio/src/shigodeki/iOS/shigodeki/Services/Purchases/TemplateMonetizationCatalog.swift (in target 'shigodeki' from project 'shigodeki')
    cd /Users/delaxstudio/src/shigodeki/iOS
    

SwiftCompile normal x86_64 /Users/delaxstudio/src/shigodeki/iOS/shigodeki/Services/Purchases/TemplatePriceCatalog.swift (in target 'shigodeki' from project 'shigodeki')
    cd /Users/delaxstudio/src/shigodeki/iOS
    

SwiftCompile normal x86_64 /Users/delaxstudio/src/shigodeki/iOS/shigodeki/Services/Purchases/TemplatePurchaseCoordinator.swift (in target 'shigodeki' from project 'shigodeki')
    cd /Users/delaxstudio/src/shigodeki/iOS
    

SwiftCompile normal x86_64 /Users/delaxstudio/src/shigodeki/iOS/shigodeki/Services/Template/TemplateDraftBuilder.swift (in target 'shigodeki' from project 'shigodeki')
    cd /Users/delaxstudio/src/shigodeki/iOS
    

SwiftCompile normal x86_64 /Users/delaxstudio/src/shigodeki/iOS/shigodeki/Services/TidyPlan/FallbackPlanner.swift (in target 'shigodeki' from project 'shigodeki')
    cd /Users/delaxstudio/src/shigodeki/iOS
    

SwiftCompile normal x86_64 /Users/delaxstudio/src/shigodeki/iOS/shigodeki/Services/TidyPlan/Models.swift (in target 'shigodeki' from project 'shigodeki')
    cd /Users/delaxstudio/src/shigodeki/iOS
    

SwiftCompile normal x86_64 /Users/delaxstudio/src/shigodeki/iOS/shigodeki/Services/TidyPlan/OpenAIService.swift (in target 'shigodeki' from project 'shigodeki')
    cd /Users/delaxstudio/src/shigodeki/iOS
    

SwiftCompile normal x86_64 /Users/delaxstudio/src/shigodeki/iOS/shigodeki/Services/TidyPlan/PlanNormalization.swift (in target 'shigodeki' from project 'shigodeki')
    cd /Users/delaxstudio/src/shigodeki/iOS
    

SwiftCompile normal x86_64 /Users/delaxstudio/src/shigodeki/iOS/shigodeki/Services/TidyPlan/TidySchema.swift (in target 'shigodeki' from project 'shigodeki')
    cd /Users/delaxstudio/src/shigodeki/iOS
    

SwiftCompile normal x86_64 /Users/delaxstudio/src/shigodeki/iOS/shigodeki/Services/TidyPlan/VisionPlanCoordinator.swift (in target 'shigodeki' from project 'shigodeki')
    cd /Users/delaxstudio/src/shigodeki/iOS
    

SwiftCompile normal x86_64 /Users/delaxstudio/src/shigodeki/iOS/shigodeki/Services/AIClient.swift (in target 'shigodeki' from project 'shigodeki')
    cd /Users/delaxstudio/src/shigodeki/iOS
    

SwiftCompile normal x86_64 /Users/delaxstudio/src/shigodeki/iOS/shigodeki/Services/AIClientRouter.swift (in target 'shigodeki' from project 'shigodeki')
    cd /Users/delaxstudio/src/shigodeki/iOS
    

SwiftCompile normal x86_64 Compiling\ ScrollToTopSupport.swift,\ SectionPickerView.swift,\ SharedManagerStore.swift,\ TagChip.swift,\ TagDisplayView.swift,\ TagInputComponents.swift,\ TaskAddModal.swift,\ TaskAIAssistantComponents.swift,\ TaskAIGenerationViews.swift,\ TaskAIModeComponents.swift,\ TaskAIStatusComponents.swift,\ TaskDetailComponents.swift,\ TaskImprovementStateViews.swift,\ TaskImprovementSuggestionComponents.swift,\ TaskQuickActions.swift,\ TasksPreview.swift,\ TemplateCustomizationComponents.swift /Users/delaxstudio/src/shigodeki/iOS/shigodeki/Components/ScrollToTopSupport.swift /Users/delaxstudio/src/shigodeki/iOS/shigodeki/Components/SectionPickerView.swift /Users/delaxstudio/src/shigodeki/iOS/shigodeki/Components/SharedManagerStore.swift /Users/delaxstudio/src/shigodeki/iOS/shigodeki/Components/TagChip.swift /Users/delaxstudio/src/shigodeki/iOS/shigodeki/Components/TagDisplayView.swift /Users/delaxstudio/src/shigodeki/iOS/shigodeki/Components/TagInputComponents.swift /Users/delaxstudio/src/shigodeki/iOS/shigodeki/Components/TaskAddModal.swift /Users/delaxstudio/src/shigodeki/iOS/shigodeki/Components/TaskAIAssistantComponents.swift /Users/delaxstudio/src/shigodeki/iOS/shigodeki/Components/TaskAIGenerationViews.swift /Users/delaxstudio/src/shigodeki/iOS/shigodeki/Components/TaskAIModeComponents.swift /Users/delaxstudio/src/shigodeki/iOS/shigodeki/Components/TaskAIStatusComponents.swift /Users/delaxstudio/src/shigodeki/iOS/shigodeki/Components/TaskDetailComponents.swift /Users/delaxstudio/src/shigodeki/iOS/shigodeki/Components/TaskImprovementStateViews.swift /Users/delaxstudio/src/shigodeki/iOS/shigodeki/Components/TaskImprovementSuggestionComponents.swift /Users/delaxstudio/src/shigodeki/iOS/shigodeki/Components/TaskQuickActions.swift /Users/delaxstudio/src/shigodeki/iOS/shigodeki/Components/TasksPreview.swift /Users/delaxstudio/src/shigodeki/iOS/shigodeki/Components/TemplateCustomizationComponents.swift (in target 'shigodeki' from project 'shigodeki')

SwiftCompile normal x86_64 /Users/delaxstudio/src/shigodeki/iOS/shigodeki/Components/ScrollToTopSupport.swift (in target 'shigodeki' from project 'shigodeki')
    cd /Users/delaxstudio/src/shigodeki/iOS
    

SwiftCompile normal x86_64 /Users/delaxstudio/src/shigodeki/iOS/shigodeki/Components/SectionPickerView.swift (in target 'shigodeki' from project 'shigodeki')
    cd /Users/delaxstudio/src/shigodeki/iOS
    

SwiftCompile normal x86_64 /Users/delaxstudio/src/shigodeki/iOS/shigodeki/Components/SharedManagerStore.swift (in target 'shigodeki' from project 'shigodeki')
    cd /Users/delaxstudio/src/shigodeki/iOS
    

SwiftCompile normal x86_64 /Users/delaxstudio/src/shigodeki/iOS/shigodeki/Components/TagChip.swift (in target 'shigodeki' from project 'shigodeki')
    cd /Users/delaxstudio/src/shigodeki/iOS
    

SwiftCompile normal x86_64 /Users/delaxstudio/src/shigodeki/iOS/shigodeki/Components/TagDisplayView.swift (in target 'shigodeki' from project 'shigodeki')
    cd /Users/delaxstudio/src/shigodeki/iOS
    

SwiftCompile normal x86_64 /Users/delaxstudio/src/shigodeki/iOS/shigodeki/Components/TagInputComponents.swift (in target 'shigodeki' from project 'shigodeki')
    cd /Users/delaxstudio/src/shigodeki/iOS
    

SwiftCompile normal x86_64 /Users/delaxstudio/src/shigodeki/iOS/shigodeki/Components/TaskAddModal.swift (in target 'shigodeki' from project 'shigodeki')
    cd /Users/delaxstudio/src/shigodeki/iOS
    

SwiftCompile normal x86_64 /Users/delaxstudio/src/shigodeki/iOS/shigodeki/Components/TaskAIAssistantComponents.swift (in target 'shigodeki' from project 'shigodeki')
    cd /Users/delaxstudio/src/shigodeki/iOS
    

SwiftCompile normal x86_64 /Users/delaxstudio/src/shigodeki/iOS/shigodeki/Components/TaskAIGenerationViews.swift (in target 'shigodeki' from project 'shigodeki')
    cd /Users/delaxstudio/src/shigodeki/iOS
    

SwiftCompile normal x86_64 /Users/delaxstudio/src/shigodeki/iOS/shigodeki/Components/TaskAIModeComponents.swift (in target 'shigodeki' from project 'shigodeki')
    cd /Users/delaxstudio/src/shigodeki/iOS
    

SwiftCompile normal x86_64 /Users/delaxstudio/src/shigodeki/iOS/shigodeki/Components/TaskAIStatusComponents.swift (in target 'shigodeki' from project 'shigodeki')
    cd /Users/delaxstudio/src/shigodeki/iOS
    

SwiftCompile normal x86_64 /Users/delaxstudio/src/shigodeki/iOS/shigodeki/Components/TaskDetailComponents.swift (in target 'shigodeki' from project 'shigodeki')
    cd /Users/delaxstudio/src/shigodeki/iOS
    

SwiftCompile normal x86_64 /Users/delaxstudio/src/shigodeki/iOS/shigodeki/Components/TaskImprovementStateViews.swift (in target 'shigodeki' from project 'shigodeki')
    cd /Users/delaxstudio/src/shigodeki/iOS
    

SwiftCompile normal x86_64 /Users/delaxstudio/src/shigodeki/iOS/shigodeki/Components/TaskImprovementSuggestionComponents.swift (in target 'shigodeki' from project 'shigodeki')
    cd /Users/delaxstudio/src/shigodeki/iOS
    

SwiftCompile normal x86_64 /Users/delaxstudio/src/shigodeki/iOS/shigodeki/Components/TaskQuickActions.swift (in target 'shigodeki' from project 'shigodeki')
    cd /Users/delaxstudio/src/shigodeki/iOS
    

SwiftCompile normal x86_64 /Users/delaxstudio/src/shigodeki/iOS/shigodeki/Components/TasksPreview.swift (in target 'shigodeki' from project 'shigodeki')
    cd /Users/delaxstudio/src/shigodeki/iOS
    

SwiftCompile normal x86_64 /Users/delaxstudio/src/shigodeki/iOS/shigodeki/Components/TemplateCustomizationComponents.swift (in target 'shigodeki' from project 'shigodeki')
    cd /Users/delaxstudio/src/shigodeki/iOS
    

SwiftCompile normal x86_64 Compiling\ TemplateManager.swift,\ AnalysisType.swift,\ Entitlements.swift,\ ExtractedTask.swift,\ Family.swift,\ KPIModels.swift,\ ModelRelationships.swift,\ Phase.swift,\ PhaseSection.swift,\ Project.swift,\ ProjectInvitation.swift,\ ProjectSummaryMetrics.swift,\ ProjectTemplate.swift,\ Subtask.swift,\ Task.swift,\ TaskList.swift,\ TaskTag.swift /Users/delaxstudio/src/shigodeki/iOS/shigodeki/Managers/TemplateManager.swift /Users/delaxstudio/src/shigodeki/iOS/shigodeki/Models/AnalysisType.swift /Users/delaxstudio/src/shigodeki/iOS/shigodeki/Models/Entitlements.swift /Users/delaxstudio/src/shigodeki/iOS/shigodeki/Models/ExtractedTask.swift /Users/delaxstudio/src/shigodeki/iOS/shigodeki/Models/Family.swift /Users/delaxstudio/src/shigodeki/iOS/shigodeki/Models/KPIModels.swift /Users/delaxstudio/src/shigodeki/iOS/shigodeki/Models/ModelRelationships.swift /Users/delaxstudio/src/shigodeki/iOS/shigodeki/Models/Phase.swift /Users/delaxstudio/src/shigodeki/iOS/shigodeki/Models/PhaseSection.swift /Users/delaxstudio/src/shigodeki/iOS/shigodeki/Models/Project.swift /Users/delaxstudio/src/shigodeki/iOS/shigodeki/Models/ProjectInvitation.swift /Users/delaxstudio/src/shigodeki/iOS/shigodeki/Models/ProjectSummaryMetrics.swift /Users/delaxstudio/src/shigodeki/iOS/shigodeki/Models/ProjectTemplate.swift /Users/delaxstudio/src/shigodeki/iOS/shigodeki/Models/Subtask.swift /Users/delaxstudio/src/shigodeki/iOS/shigodeki/Models/Task.swift /Users/delaxstudio/src/shigodeki/iOS/shigodeki/Models/TaskList.swift /Users/delaxstudio/src/shigodeki/iOS/shigodeki/Models/TaskTag.swift (in target 'shigodeki' from project 'shigodeki')

SwiftCompile normal x86_64 /Users/delaxstudio/src/shigodeki/iOS/shigodeki/Managers/TemplateManager.swift (in target 'shigodeki' from project 'shigodeki')
    cd /Users/delaxstudio/src/shigodeki/iOS
    

SwiftCompile normal x86_64 /Users/delaxstudio/src/shigodeki/iOS/shigodeki/Models/AnalysisType.swift (in target 'shigodeki' from project 'shigodeki')
    cd /Users/delaxstudio/src/shigodeki/iOS
    

SwiftCompile normal x86_64 /Users/delaxstudio/src/shigodeki/iOS/shigodeki/Models/Entitlements.swift (in target 'shigodeki' from project 'shigodeki')
    cd /Users/delaxstudio/src/shigodeki/iOS
    

SwiftCompile normal x86_64 /Users/delaxstudio/src/shigodeki/iOS/shigodeki/Models/ExtractedTask.swift (in target 'shigodeki' from project 'shigodeki')
    cd /Users/delaxstudio/src/shigodeki/iOS
    

SwiftCompile normal x86_64 /Users/delaxstudio/src/shigodeki/iOS/shigodeki/Models/Family.swift (in target 'shigodeki' from project 'shigodeki')
    cd /Users/delaxstudio/src/shigodeki/iOS
    

SwiftCompile normal x86_64 /Users/delaxstudio/src/shigodeki/iOS/shigodeki/Models/KPIModels.swift (in target 'shigodeki' from project 'shigodeki')
    cd /Users/delaxstudio/src/shigodeki/iOS
    

SwiftCompile normal x86_64 /Users/delaxstudio/src/shigodeki/iOS/shigodeki/Models/ModelRelationships.swift (in target 'shigodeki' from project 'shigodeki')
    cd /Users/delaxstudio/src/shigodeki/iOS
    

SwiftCompile normal x86_64 /Users/delaxstudio/src/shigodeki/iOS/shigodeki/Models/Phase.swift (in target 'shigodeki' from project 'shigodeki')
    cd /Users/delaxstudio/src/shigodeki/iOS
    

SwiftCompile normal x86_64 /Users/delaxstudio/src/shigodeki/iOS/shigodeki/Models/PhaseSection.swift (in target 'shigodeki' from project 'shigodeki')
    cd /Users/delaxstudio/src/shigodeki/iOS
    

SwiftCompile normal x86_64 /Users/delaxstudio/src/shigodeki/iOS/shigodeki/Models/Project.swift (in target 'shigodeki' from project 'shigodeki')
    cd /Users/delaxstudio/src/shigodeki/iOS
    

SwiftCompile normal x86_64 /Users/delaxstudio/src/shigodeki/iOS/shigodeki/Models/ProjectInvitation.swift (in target 'shigodeki' from project 'shigodeki')
    cd /Users/delaxstudio/src/shigodeki/iOS
    

SwiftCompile normal x86_64 /Users/delaxstudio/src/shigodeki/iOS/shigodeki/Models/ProjectSummaryMetrics.swift (in target 'shigodeki' from project 'shigodeki')
    cd /Users/delaxstudio/src/shigodeki/iOS
    

SwiftCompile normal x86_64 /Users/delaxstudio/src/shigodeki/iOS/shigodeki/Models/ProjectTemplate.swift (in target 'shigodeki' from project 'shigodeki')
    cd /Users/delaxstudio/src/shigodeki/iOS
    

SwiftCompile normal x86_64 /Users/delaxstudio/src/shigodeki/iOS/shigodeki/Models/Subtask.swift (in target 'shigodeki' from project 'shigodeki')
    cd /Users/delaxstudio/src/shigodeki/iOS
    

SwiftCompile normal x86_64 /Users/delaxstudio/src/shigodeki/iOS/shigodeki/Models/Task.swift (in target 'shigodeki' from project 'shigodeki')
    cd /Users/delaxstudio/src/shigodeki/iOS
    

SwiftCompile normal x86_64 /Users/delaxstudio/src/shigodeki/iOS/shigodeki/Models/TaskList.swift (in target 'shigodeki' from project 'shigodeki')
    cd /Users/delaxstudio/src/shigodeki/iOS
    

SwiftCompile normal x86_64 /Users/delaxstudio/src/shigodeki/iOS/shigodeki/Models/TaskTag.swift (in target 'shigodeki' from project 'shigodeki')
    cd /Users/delaxstudio/src/shigodeki/iOS
    

SwiftCompile normal x86_64 Compiling\ TagCRUDService.swift,\ TagDataService.swift,\ TagUsageService.swift,\ TaskAnalysisService.swift,\ TaskCreationService.swift,\ TaskCRUDService.swift,\ TaskImprovementEngine.swift,\ TaskListArchiveService.swift,\ TaskListCRUDService.swift,\ TaskListenerService.swift,\ TaskListListenerService.swift,\ TaskListOrderingService.swift,\ TaskListService.swift,\ TaskListValidationService.swift,\ TaskOperationService.swift,\ TaskRealtimeService.swift,\ TaskRefinementService.swift /Users/delaxstudio/src/shigodeki/iOS/shigodeki/Services/TagCRUDService.swift /Users/delaxstudio/src/shigodeki/iOS/shigodeki/Services/TagDataService.swift /Users/delaxstudio/src/shigodeki/iOS/shigodeki/Services/TagUsageService.swift /Users/delaxstudio/src/shigodeki/iOS/shigodeki/Services/TaskAnalysisService.swift /Users/delaxstudio/src/shigodeki/iOS/shigodeki/Services/TaskCreationService.swift /Users/delaxstudio/src/shigodeki/iOS/shigodeki/Services/TaskCRUDService.swift /Users/delaxstudio/src/shigodeki/iOS/shigodeki/Services/TaskImprovementEngine.swift /Users/delaxstudio/src/shigodeki/iOS/shigodeki/Services/TaskListArchiveService.swift /Users/delaxstudio/src/shigodeki/iOS/shigodeki/Services/TaskListCRUDService.swift /Users/delaxstudio/src/shigodeki/iOS/shigodeki/Services/TaskListenerService.swift /Users/delaxstudio/src/shigodeki/iOS/shigodeki/Services/TaskListListenerService.swift /Users/delaxstudio/src/shigodeki/iOS/shigodeki/Services/TaskListOrderingService.swift /Users/delaxstudio/src/shigodeki/iOS/shigodeki/Services/TaskListService.swift /Users/delaxstudio/src/shigodeki/iOS/shigodeki/Services/TaskListValidationService.swift /Users/delaxstudio/src/shigodeki/iOS/shigodeki/Services/TaskOperationService.swift /Users/delaxstudio/src/shigodeki/iOS/shigodeki/Services/TaskRealtimeService.swift /Users/delaxstudio/src/shigodeki/iOS/shigodeki/Services/TaskRefinementService.swift (in target 'shigodeki' from project 'shigodeki')

SwiftCompile normal x86_64 /Users/delaxstudio/src/shigodeki/iOS/shigodeki/Services/TagCRUDService.swift (in target 'shigodeki' from project 'shigodeki')
    cd /Users/delaxstudio/src/shigodeki/iOS
    

SwiftCompile normal x86_64 /Users/delaxstudio/src/shigodeki/iOS/shigodeki/Services/TagDataService.swift (in target 'shigodeki' from project 'shigodeki')
    cd /Users/delaxstudio/src/shigodeki/iOS
    

SwiftCompile normal x86_64 /Users/delaxstudio/src/shigodeki/iOS/shigodeki/Services/TagUsageService.swift (in target 'shigodeki' from project 'shigodeki')
    cd /Users/delaxstudio/src/shigodeki/iOS
    

SwiftCompile normal x86_64 /Users/delaxstudio/src/shigodeki/iOS/shigodeki/Services/TaskAnalysisService.swift (in target 'shigodeki' from project 'shigodeki')
    cd /Users/delaxstudio/src/shigodeki/iOS
    

SwiftCompile normal x86_64 /Users/delaxstudio/src/shigodeki/iOS/shigodeki/Services/TaskCreationService.swift (in target 'shigodeki' from project 'shigodeki')
    cd /Users/delaxstudio/src/shigodeki/iOS
    

SwiftCompile normal x86_64 /Users/delaxstudio/src/shigodeki/iOS/shigodeki/Services/TaskCRUDService.swift (in target 'shigodeki' from project 'shigodeki')
    cd /Users/delaxstudio/src/shigodeki/iOS
    

SwiftCompile normal x86_64 /Users/delaxstudio/src/shigodeki/iOS/shigodeki/Services/TaskImprovementEngine.swift (in target 'shigodeki' from project 'shigodeki')
    cd /Users/delaxstudio/src/shigodeki/iOS
    

SwiftCompile normal x86_64 /Users/delaxstudio/src/shigodeki/iOS/shigodeki/Services/TaskListArchiveService.swift (in target 'shigodeki' from project 'shigodeki')
    cd /Users/delaxstudio/src/shigodeki/iOS
    

SwiftCompile normal x86_64 /Users/delaxstudio/src/shigodeki/iOS/shigodeki/Services/TaskListCRUDService.swift (in target 'shigodeki' from project 'shigodeki')
    cd /Users/delaxstudio/src/shigodeki/iOS
    

SwiftCompile normal x86_64 /Users/delaxstudio/src/shigodeki/iOS/shigodeki/Services/TaskListenerService.swift (in target 'shigodeki' from project 'shigodeki')
    cd /Users/delaxstudio/src/shigodeki/iOS
    

SwiftCompile normal x86_64 /Users/delaxstudio/src/shigodeki/iOS/shigodeki/Services/TaskListListenerService.swift (in target 'shigodeki' from project 'shigodeki')
    cd /Users/delaxstudio/src/shigodeki/iOS
    

SwiftCompile normal x86_64 /Users/delaxstudio/src/shigodeki/iOS/shigodeki/Services/TaskListOrderingService.swift (in target 'shigodeki' from project 'shigodeki')
    cd /Users/delaxstudio/src/shigodeki/iOS
    

SwiftCompile normal x86_64 /Users/delaxstudio/src/shigodeki/iOS/shigodeki/Services/TaskListService.swift (in target 'shigodeki' from project 'shigodeki')
    cd /Users/delaxstudio/src/shigodeki/iOS
    

SwiftCompile normal x86_64 /Users/delaxstudio/src/shigodeki/iOS/shigodeki/Services/TaskListValidationService.swift (in target 'shigodeki' from project 'shigodeki')
    cd /Users/delaxstudio/src/shigodeki/iOS
    

SwiftCompile normal x86_64 /Users/delaxstudio/src/shigodeki/iOS/shigodeki/Services/TaskOperationService.swift (in target 'shigodeki' from project 'shigodeki')
    cd /Users/delaxstudio/src/shigodeki/iOS
    

SwiftCompile normal x86_64 /Users/delaxstudio/src/shigodeki/iOS/shigodeki/Services/TaskRealtimeService.swift (in target 'shigodeki' from project 'shigodeki')
    cd /Users/delaxstudio/src/shigodeki/iOS
    

SwiftCompile normal x86_64 /Users/delaxstudio/src/shigodeki/iOS/shigodeki/Services/TaskRefinementService.swift (in target 'shigodeki' from project 'shigodeki')
    cd /Users/delaxstudio/src/shigodeki/iOS
    

SwiftEmitModule normal x86_64 Emitting\ module\ for\ shigodeki (in target 'shigodeki' from project 'shigodeki')
EmitSwiftModule normal x86_64 (in target 'shigodeki' from project 'shigodeki')
    cd /Users/delaxstudio/src/shigodeki/iOS
    

SwiftCompile normal x86_64 Compiling\ ProjectInfoSection.swift,\ ProjectInvitationSection.swift,\ ProjectOwnerSection.swift,\ TaskAISections.swift,\ TaskBasicSections.swift,\ TaskDetailSheets.swift,\ TaskDetailToolbar.swift,\ TaskExtendedSections.swift,\ TaskListContentSection.swift,\ TaskListInfoSection.swift,\ TaskRelatedSections.swift,\ TaskRowComponent.swift,\ AIDraftFlowView.swift,\ PhotoDraftFlowView.swift,\ TemplateDraftFlowView.swift,\ KPIState.swift,\ PortfolioKPIHeader.swift /Users/delaxstudio/src/shigodeki/iOS/shigodeki/Views/Components/ProjectInfoSection.swift /Users/delaxstudio/src/shigodeki/iOS/shigodeki/Views/Components/ProjectInvitationSection.swift /Users/delaxstudio/src/shigodeki/iOS/shigodeki/Views/Components/ProjectOwnerSection.swift /Users/delaxstudio/src/shigodeki/iOS/shigodeki/Views/Components/TaskAISections.swift /Users/delaxstudio/src/shigodeki/iOS/shigodeki/Views/Components/TaskBasicSections.swift /Users/delaxstudio/src/shigodeki/iOS/shigodeki/Views/Components/TaskDetailSheets.swift /Users/delaxstudio/src/shigodeki/iOS/shigodeki/Views/Components/TaskDetailToolbar.swift /Users/delaxstudio/src/shigodeki/iOS/shigodeki/Views/Components/TaskExtendedSections.swift /Users/delaxstudio/src/shigodeki/iOS/shigodeki/Views/Components/TaskListContentSection.swift /Users/delaxstudio/src/shigodeki/iOS/shigodeki/Views/Components/TaskListInfoSection.swift /Users/delaxstudio/src/shigodeki/iOS/shigodeki/Views/Components/TaskRelatedSections.swift /Users/delaxstudio/src/shigodeki/iOS/shigodeki/Views/Components/TaskRowComponent.swift /Users/delaxstudio/src/shigodeki/iOS/shigodeki/Views/Drafts/AIDraftFlowView.swift /Users/delaxstudio/src/shigodeki/iOS/shigodeki/Views/Drafts/PhotoDraftFlowView.swift /Users/delaxstudio/src/shigodeki/iOS/shigodeki/Views/Drafts/TemplateDraftFlowView.swift /Users/delaxstudio/src/shigodeki/iOS/shigodeki/Views/KPI/KPIState.swift /Users/delaxstudio/src/shigodeki/iOS/shigodeki/Views/KPI/PortfolioKPIHeader.swift (in target 'shigodeki' from project 'shigodeki')
Failed frontend command:
/Applications/Xcode.app/Contents/Developer/Toolchains/XcodeDefault.xctoolchain/usr/bin/swift-frontend -frontend -c -filelist /Users/delaxstudio/Library/Developer/Xcode/DerivedData/shigodeki-fkaeotsqybievcdjwhonrrgqyvla/Build/Intermediates.noindex/shigodeki.build/Debug-iphonesimulator/shigodeki.build/Objects-normal/x86_64/sources-2 -primary-file /Users/delaxstudio/src/shigodeki/iOS/shigodeki/Views/Components/ProjectInfoSection.swift -primary-file /Users/delaxstudio/src/shigodeki/iOS/shigodeki/Views/Components/ProjectInvitationSection.swift -primary-file /Users/delaxstudio/src/shigodeki/iOS/shigodeki/Views/Components/ProjectOwnerSection.swift -primary-file /Users/delaxstudio/src/shigodeki/iOS/shigodeki/Views/Components/TaskAISections.swift -primary-file /Users/delaxstudio/src/shigodeki/iOS/shigodeki/Views/Components/TaskBasicSections.swift -primary-file /Users/delaxstudio/src/shigodeki/iOS/shigodeki/Views/Components/TaskDetailSheets.swift -primary-file /Users/delaxstudio/src/shigodeki/iOS/shigodeki/Views/Components/TaskDetailToolbar.swift -primary-file /Users/delaxstudio/src/shigodeki/iOS/shigodeki/Views/Components/TaskExtendedSections.swift -primary-file /Users/delaxstudio/src/shigodeki/iOS/shigodeki/Views/Components/TaskListContentSection.swift -primary-file /Users/delaxstudio/src/shigodeki/iOS/shigodeki/Views/Components/TaskListInfoSection.swift -primary-file /Users/delaxstudio/src/shigodeki/iOS/shigodeki/Views/Components/TaskRelatedSections.swift -primary-file /Users/delaxstudio/src/shigodeki/iOS/shigodeki/Views/Components/TaskRowComponent.swift -primary-file /Users/delaxstudio/src/shigodeki/iOS/shigodeki/Views/Drafts/AIDraftFlowView.swift -primary-file /Users/delaxstudio/src/shigodeki/iOS/shigodeki/Views/Drafts/PhotoDraftFlowView.swift -primary-file /Users/delaxstudio/src/shigodeki/iOS/shigodeki/Views/Drafts/TemplateDraftFlowView.swift -primary-file /Users/delaxstudio/src/shigodeki/iOS/shigodeki/Views/KPI/KPIState.swift -primary-file /Users/delaxstudio/src/shigodeki/iOS/shigodeki/Views/KPI/PortfolioKPIHeader.swift -supplementary-output-file-map /Users/delaxstudio/Library/Developer/Xcode/DerivedData/shigodeki-fkaeotsqybievcdjwhonrrgqyvla/Build/Intermediates.noindex/shigodeki.build/Debug-iphonesimulator/shigodeki.build/Objects-normal/x86_64/supplementaryOutputs-29 -emit-localized-strings -emit-localized-strings-path /Users/delaxstudio/Library/Developer/Xcode/DerivedData/shigodeki-fkaeotsqybievcdjwhonrrgqyvla/Build/Intermediates.noindex/shigodeki.build/Debug-iphonesimulator/shigodeki.build/Objects-normal/x86_64 -target x86_64-apple-ios18.5-simulator -module-can-import-version DeveloperToolsSupport 23.0.4 23.0.4 -module-can-import-version StoreKit 815.2.12 1.0.0 -module-can-import-version SwiftUI 7.2.5.1 7.2.5 -module-can-import-version UIKit 9126.2.4.1 9126.2.4 -disable-cross-import-overlay-search -swift-module-cross-import AuthenticationServices /Applications/Xcode.app/Contents/Developer/Platforms/iPhoneSimulator.platform/Developer/SDKs/iPhoneSimulator.sdk/System/Cryptexes/OS/System/Library/Frameworks/AuthenticationServices.framework/Modules/AuthenticationServices.swiftcrossimport/SwiftUI.swiftoverlay -swift-module-cross-import AuthenticationServices /Applications/Xcode.app/Contents/Developer/Platforms/iPhoneSimulator.platform/Developer/SDKs/iPhoneSimulator26.2.sdk/System/Library/Frameworks/AuthenticationServices.framework/Modules/AuthenticationServices.swiftcrossimport/SwiftUI.swiftoverlay -swift-module-cross-import CoreData /Applications/Xcode.app/Contents/Developer/Platforms/iPhoneSimulator.platform/Developer/SDKs/iPhoneSimulator.sdk/System/Library/Frameworks/CoreData.framework/Modules/CoreData.swiftcrossimport/CloudKit.swiftoverlay -swift-module-cross-import CoreData /Applications/Xcode.app/Contents/Developer/Platforms/iPhoneSimulator.platform/Developer/SDKs/iPhoneSimulator26.2.sdk/System/Library/Frameworks/CoreData.framework/Modules/CoreData.swiftcrossimport/CloudKit.swiftoverlay -swift-module-cross-import PhotosUI /Applications/Xcode.app/Contents/Developer/Platforms/iPhoneSimulator.platform/Developer/SDKs/iPhoneSimulator.sdk/System/Library/Frameworks/PhotosUI.framework/Modules/PhotosUI.swiftcrossimport/SwiftUI.swiftoverlay -swift-module-cross-import PhotosUI /Applications/Xcode.app/Contents/Developer/Platforms/iPhoneSimulator.platform/Developer/SDKs/iPhoneSimulator.sdk/System/Library/Frameworks/PhotosUI.framework/Modules/PhotosUI.swiftcrossimport/WidgetKit.swiftoverlay -swift-module-cross-import PhotosUI /Applications/Xcode.app/Contents/Developer/Platforms/iPhoneSimulator.platform/Developer/SDKs/iPhoneSimulator26.2.sdk/System/Library/Frameworks/PhotosUI.framework/Modules/PhotosUI.swiftcrossimport/SwiftUI.swiftoverlay -swift-module-cross-import PhotosUI /Applications/Xcode.app/Contents/Developer/Platforms/iPhoneSimulator.platform/Developer/SDKs/iPhoneSimulator26.2.sdk/System/Library/Frameworks/PhotosUI.framework/Modules/PhotosUI.swiftcrossimport/WidgetKit.swiftoverlay -swift-module-cross-import StoreKit /Applications/Xcode.app/Contents/Developer/Platforms/iPhoneSimulator.platform/Developer/SDKs/iPhoneSimulator.sdk/System/Library/Frameworks/StoreKit.framework/Modules/StoreKit.swiftcrossimport/SwiftUI.swiftoverlay -swift-module-cross-import StoreKit /Applications/Xcode.app/Contents/Developer/Platforms/iPhoneSimulator.platform/Developer/SDKs/iPhoneSimulator26.2.sdk/System/Library/Frameworks/StoreKit.framework/Modules/StoreKit.swiftcrossimport/SwiftUI.swiftoverlay -load-resolved-plugin /Applications/Xcode.app/Contents/Developer/Platforms/iPhoneOS.platform/Developer/usr/lib/swift/host/plugins/libFoundationMacros.dylib\#/Applications/Xcode.app/Contents/Developer/Platforms/iPhoneOS.platform/Developer/usr/bin/swift-plugin-server\#FoundationMacros -load-resolved-plugin /Applications/Xcode.app/Contents/Developer/Platforms/iPhoneOS.platform/Developer/usr/lib/swift/host/plugins/libObservationMacros.dylib\#/Applications/Xcode.app/Contents/Developer/Platforms/iPhoneOS.platform/Developer/usr/bin/swift-plugin-server\#ObservationMacros -load-resolved-plugin /Applications/Xcode.app/Contents/Developer/Platforms/iPhoneOS.platform/Developer/usr/lib/swift/host/plugins/libPreviewsMacros.dylib\#/Applications/Xcode.app/Contents/Developer/Platforms/iPhoneOS.platform/Developer/usr/bin/swift-plugin-server\#PreviewsMacros -load-resolved-plugin /Applications/Xcode.app/Contents/Developer/Platforms/iPhoneOS.platform/Developer/usr/lib/swift/host/plugins/libSwiftMacros.dylib\#/Applications/Xcode.app/Contents/Developer/Platforms/iPhoneOS.platform/Developer/usr/bin/swift-plugin-server\#SwiftMacros -load-resolved-plugin /Applications/Xcode.app/Contents/Developer/Platforms/iPhoneOS.platform/Developer/usr/lib/swift/host/plugins/libSwiftUIMacros.dylib\#/Applications/Xcode.app/Contents/Developer/Platforms/iPhoneOS.platform/Developer/usr/bin/swift-plugin-server\#SwiftUIMacros -disable-implicit-swift-modules -Xcc -fno-implicit-modules -Xcc -fno-implicit-module-maps -explicit-swift-module-map-file /Users/delaxstudio/Library/Developer/Xcode/DerivedData/shigodeki-fkaeotsqybievcdjwhonrrgqyvla/Build/Intermediates.noindex/shigodeki.build/Debug-iphonesimulator/shigodeki.build/Objects-normal/x86_64/shigodeki-dependencies-2.json -enable-objc-interop -sdk /Applications/Xcode.app/Contents/Developer/Platforms/iPhoneSimulator.platform/Developer/SDKs/iPhoneSimulator26.2.sdk -I /Users/delaxstudio/Library/Developer/Xcode/DerivedData/shigodeki-fkaeotsqybievcdjwhonrrgqyvla/Build/Products/Debug-iphonesimulator -F /Users/delaxstudio/Library/Developer/Xcode/DerivedData/shigodeki-fkaeotsqybievcdjwhonrrgqyvla/Build/Products/Debug-iphonesimulator/PackageFrameworks -F /Users/delaxstudio/Library/Developer/Xcode/DerivedData/shigodeki-fkaeotsqybievcdjwhonrrgqyvla/Build/Products/Debug-iphonesimulator/PackageFrameworks -F /Users/delaxstudio/Library/Developer/Xcode/DerivedData/shigodeki-fkaeotsqybievcdjwhonrrgqyvla/Build/Products/Debug-iphonesimulator/PackageFrameworks -F /Users/delaxstudio/Library/Developer/Xcode/DerivedData/shigodeki-fkaeotsqybievcdjwhonrrgqyvla/Build/Products/Debug-iphonesimulator/PackageFrameworks -F /Users/delaxstudio/Library/Developer/Xcode/DerivedData/shigodeki-fkaeotsqybievcdjwhonrrgqyvla/Build/Products/Debug-iphonesimulator/PackageFrameworks -F /Users/delaxstudio/Library/Developer/Xcode/DerivedData/shigodeki-fkaeotsqybievcdjwhonrrgqyvla/Build/Products/Debug-iphonesimulator/PackageFrameworks -F /Users/delaxstudio/Library/Developer/Xcode/DerivedData/shigodeki-fkaeotsqybievcdjwhonrrgqyvla/Build/Products/Debug-iphonesimulator/PackageFrameworks -F /Users/delaxstudio/Library/Developer/Xcode/DerivedData/shigodeki-fkaeotsqybievcdjwhonrrgqyvla/Build/Products/Debug-iphonesimulator/PackageFrameworks -F /Users/delaxstudio/Library/Developer/Xcode/DerivedData/shigodeki-fkaeotsqybievcdjwhonrrgqyvla/Build/Products/Debug-iphonesimulator/PackageFrameworks -F /Users/delaxstudio/Library/Developer/Xcode/DerivedData/shigodeki-fkaeotsqybievcdjwhonrrgqyvla/Build/Products/Debug-iphonesimulator/PackageFrameworks -F /Users/delaxstudio/Library/Developer/Xcode/DerivedData/shigodeki-fkaeotsqybievcdjwhonrrgqyvla/Build/Products/Debug-iphonesimulator/PackageFrameworks -F /Users/delaxstudio/Library/Developer/Xcode/DerivedData/shigodeki-fkaeotsqybievcdjwhonrrgqyvla/Build/Products/Debug-iphonesimulator/PackageFrameworks -F /Users/delaxstudio/Library/Developer/Xcode/DerivedData/shigodeki-fkaeotsqybievcdjwhonrrgqyvla/Build/Products/Debug-iphonesimulator/PackageFrameworks -F /Users/delaxstudio/Library/Developer/Xcode/DerivedData/shigodeki-fkaeotsqybievcdjwhonrrgqyvla/Build/Products/Debug-iphonesimulator/PackageFrameworks -F /Users/delaxstudio/Library/Developer/Xcode/DerivedData/shigodeki-fkaeotsqybievcdjwhonrrgqyvla/Build/Products/Debug-iphonesimulator/PackageFrameworks -F /Users/delaxstudio/Library/Developer/Xcode/DerivedData/shigodeki-fkaeotsqybievcdjwhonrrgqyvla/Build/Products/Debug-iphonesimulator/PackageFrameworks -F /Users/delaxstudio/Library/Developer/Xcode/DerivedData/shigodeki-fkaeotsqybievcdjwhonrrgqyvla/Build/Products/Debug-iphonesimulator/PackageFrameworks -F /Users/delaxstudio/Library/Developer/Xcode/DerivedData/shigodeki-fkaeotsqybievcdjwhonrrgqyvla/Build/Products/Debug-iphonesimulator/PackageFrameworks -F /Users/delaxstudio/Library/Developer/Xcode/DerivedData/shigodeki-fkaeotsqybievcdjwhonrrgqyvla/Build/Products/Debug-iphonesimulator/PackageFrameworks -F /Users/delaxstudio/Library/Developer/Xcode/DerivedData/shigodeki-fkaeotsqybievcdjwhonrrgqyvla/Build/Products/Debug-iphonesimulator/PackageFrameworks -F /Users/delaxstudio/Library/Developer/Xcode/DerivedData/shigodeki-fkaeotsqybievcdjwhonrrgqyvla/Build/Products/Debug-iphonesimulator/PackageFrameworks -F /Users/delaxstudio/Library/Developer/Xcode/DerivedData/shigodeki-fkaeotsqybievcdjwhonrrgqyvla/Build/Products/Debug-iphonesimulator/PackageFrameworks -F /Users/delaxstudio/Library/Developer/Xcode/DerivedData/shigodeki-fkaeotsqybievcdjwhonrrgqyvla/Build/Products/Debug-iphonesimulator/PackageFrameworks -F /Users/delaxstudio/Library/Developer/Xcode/DerivedData/shigodeki-fkaeotsqybievcdjwhonrrgqyvla/Build/Products/Debug-iphonesimulator/PackageFrameworks -F /Users/delaxstudio/Library/Developer/Xcode/DerivedData/shigodeki-fkaeotsqybievcdjwhonrrgqyvla/Build/Products/Debug-iphonesimulator/PackageFrameworks -F /Users/delaxstudio/Library/Developer/Xcode/DerivedData/shigodeki-fkaeotsqybievcdjwhonrrgqyvla/Build/Products/Debug-iphonesimulator/PackageFrameworks -F /Users/delaxstudio/Library/Developer/Xcode/DerivedData/shigodeki-fkaeotsqybievcdjwhonrrgqyvla/Build/Products/Debug-iphonesimulator/PackageFrameworks -F /Users/delaxstudio/Library/Developer/Xcode/DerivedData/shigodeki-fkaeotsqybievcdjwhonrrgqyvla/Build/Products/Debug-iphonesimulator/PackageFrameworks -F /Users/delaxstudio/Library/Developer/Xcode/DerivedData/shigodeki-fkaeotsqybievcdjwhonrrgqyvla/Build/Products/Debug-iphonesimulator -no-color-diagnostics -Xcc -fno-color-diagnostics -enable-testing -g -debug-info-format\=dwarf -dwarf-version\=5 -module-cache-path /Users/delaxstudio/Library/Developer/Xcode/DerivedData/shigodeki-fkaeotsqybievcdjwhonrrgqyvla/Build/Intermediates.noindex/SwiftExplicitPrecompiledModules -swift-version 5 -enforce-exclusivity\=checked -Onone -D DEBUG -serialize-debugging-options -const-gather-protocols-file /Users/delaxstudio/Library/Developer/Xcode/DerivedData/shigodeki-fkaeotsqybievcdjwhonrrgqyvla/Build/Intermediates.noindex/shigodeki.build/Debug-iphonesimulator/shigodeki.build/Objects-normal/x86_64/shigodeki_const_extract_protocols.json -enable-experimental-feature DebugDescriptionMacro -enable-bare-slash-regex -empty-abi-descriptor -validate-clang-modules-once -clang-build-session-file /Users/delaxstudio/Library/Developer/Xcode/DerivedData/ModuleCache.noindex/Session.modulevalidation -Xcc -working-directory -Xcc /Users/delaxstudio/src/shigodeki/iOS -enable-anonymous-context-mangled-names -file-compilation-dir /Users/delaxstudio/src/shigodeki/iOS -Xcc -fmodule-map-file\=/Users/delaxstudio/Library/Developer/Xcode/DerivedData/shigodeki-fkaeotsqybievcdjwhonrrgqyvla/Build/Intermediates.noindex/GeneratedModuleMaps-iphonesimulator/abslWrapper.modulemap -Xcc -fmodule-map-file\=/Users/delaxstudio/Library/Developer/Xcode/DerivedData/shigodeki-fkaeotsqybievcdjwhonrrgqyvla/Build/Intermediates.noindex/GeneratedModuleMaps-iphonesimulator/opensslWrapper.modulemap -Xcc -fmodule-map-file\=/Users/delaxstudio/Library/Developer/Xcode/DerivedData/shigodeki-fkaeotsqybievcdjwhonrrgqyvla/Build/Intermediates.noindex/GeneratedModuleMaps-iphonesimulator/grpcWrapper.modulemap -Xcc -fmodule-map-file\=/Users/delaxstudio/Library/Developer/Xcode/DerivedData/shigodeki-fkaeotsqybievcdjwhonrrgqyvla/Build/Intermediates.noindex/GeneratedModuleMaps-iphonesimulator/grpcppWrapper.modulemap -Xcc -fmodule-map-file\=/Users/delaxstudio/Library/Developer/Xcode/DerivedData/shigodeki-fkaeotsqybievcdjwhonrrgqyvla/Build/Intermediates.noindex/GeneratedModuleMaps-iphonesimulator/nanopb.modulemap -Xcc -fmodule-map-file\=/Users/delaxstudio/Library/Developer/Xcode/DerivedData/shigodeki-fkaeotsqybievcdjwhonrrgqyvla/Build/Intermediates.noindex/GeneratedModuleMaps-iphonesimulator/leveldb.modulemap -Xcc -fmodule-map-file\=/Users/delaxstudio/Library/Developer/Xcode/DerivedData/shigodeki-fkaeotsqybievcdjwhonrrgqyvla/Build/Intermediates.noindex/GeneratedModuleMaps-iphonesimulator/FirebaseFirestoreInternalWrapper.modulemap -Xcc -fmodule-map-file\=/Users/delaxstudio/Library/Developer/Xcode/DerivedData/shigodeki-fkaeotsqybievcdjwhonrrgqyvla/Build/Intermediates.noindex/GeneratedModuleMaps-iphonesimulator/FirebaseFirestoreTarget.modulemap -Xcc -fmodule-map-file\=/Users/delaxstudio/Library/Developer/Xcode/DerivedData/shigodeki-fkaeotsqybievcdjwhonrrgqyvla/Build/Intermediates.noindex/GeneratedModuleMaps-iphonesimulator/RecaptchaInterop.modulemap -Xcc -fmodule-map-file\=/Users/delaxstudio/Library/Developer/Xcode/DerivedData/shigodeki-fkaeotsqybievcdjwhonrrgqyvla/Build/Intermediates.noindex/GeneratedModuleMaps-iphonesimulator/GoogleUtilities-Network.modulemap -Xcc -fmodule-map-file\=/Users/delaxstudio/Library/Developer/Xcode/DerivedData/shigodeki-fkaeotsqybievcdjwhonrrgqyvla/Build/Intermediates.noindex/GeneratedModuleMaps-iphonesimulator/GoogleUtilities-Reachability.modulemap -Xcc -fmodule-map-file\=/Users/delaxstudio/Library/Developer/Xcode/DerivedData/shigodeki-fkaeotsqybievcdjwhonrrgqyvla/Build/Intermediates.noindex/GeneratedModuleMaps-iphonesimulator/GoogleUtilities-NSData.modulemap -Xcc -fmodule-map-file\=/Users/delaxstudio/Library/Developer/Xcode/DerivedData/shigodeki-fkaeotsqybievcdjwhonrrgqyvla/Build/Intermediates.noindex/GeneratedModuleMaps-iphonesimulator/GoogleUtilities-Logger.modulemap -Xcc -fmodule-map-file\=/Users/delaxstudio/Library/Developer/Xcode/DerivedData/shigodeki-fkaeotsqybievcdjwhonrrgqyvla/Build/Intermediates.noindex/GeneratedModuleMaps-iphonesimulator/GoogleUtilities-Environment.modulemap -Xcc -fmodule-map-file\=/Users/delaxstudio/Library/Developer/Xcode/DerivedData/shigodeki-fkaeotsqybievcdjwhonrrgqyvla/Build/Intermediates.noindex/GeneratedModuleMaps-iphonesimulator/third-party-IsAppEncrypted.modulemap -Xcc -fmodule-map-file\=/Users/delaxstudio/Library/Developer/Xcode/DerivedData/shigodeki-fkaeotsqybievcdjwhonrrgqyvla/Build/Intermediates.noindex/GeneratedModuleMaps-iphonesimulator/GoogleUtilities-AppDelegateSwizzler.modulemap -Xcc -fmodule-map-file\=/Users/delaxstudio/Library/Developer/Xcode/DerivedData/shigodeki-fkaeotsqybievcdjwhonrrgqyvla/Build/Intermediates.noindex/GeneratedModuleMaps-iphonesimulator/GTMSessionFetcherCore.modulemap -Xcc -fmodule-map-file\=/Users/delaxstudio/Library/Developer/Xcode/DerivedData/shigodeki-fkaeotsqybievcdjwhonrrgqyvla/Build/Intermediates.noindex/GeneratedModuleMaps-iphonesimulator/FirebaseCoreExtension.modulemap -Xcc -fmodule-map-file\=/Users/delaxstudio/Library/Developer/Xcode/DerivedData/shigodeki-fkaeotsqybievcdjwhonrrgqyvla/Build/Intermediates.noindex/GeneratedModuleMaps-iphonesimulator/FirebaseCore.modulemap -Xcc -fmodule-map-file\=/Users/delaxstudio/Library/Developer/Xcode/DerivedData/shigodeki-fkaeotsqybievcdjwhonrrgqyvla/Build/Intermediates.noindex/GeneratedModuleMaps-iphonesimulator/FirebaseAuthInternal.modulemap -Xcc -fmodule-map-file\=/Users/delaxstudio/Library/Developer/Xcode/DerivedData/shigodeki-fkaeotsqybievcdjwhonrrgqyvla/Build/Intermediates.noindex/GeneratedModuleMaps-iphonesimulator/FirebaseAuthInterop.modulemap -Xcc -fmodule-map-file\=/Users/delaxstudio/Library/Developer/Xcode/DerivedData/shigodeki-fkaeotsqybievcdjwhonrrgqyvla/Build/Intermediates.noindex/GeneratedModuleMaps-iphonesimulator/FirebaseAppCheckInterop.modulemap -Xcc -D_LIBCPP_HARDENING_MODE\=_LIBCPP_HARDENING_MODE_DEBUG -Xcc -ivfsstatcache -Xcc /Users/delaxstudio/Library/Developer/Xcode/DerivedData/SDKStatCaches.noindex/iphonesimulator26.2-23C53-7d00a8b37fbd7999ea79df8ebc024bf0.sdkstatcache -Xcc -I/Users/delaxstudio/Library/Developer/Xcode/DerivedData/shigodeki-fkaeotsqybievcdjwhonrrgqyvla/Build/Intermediates.noindex/shigodeki.build/Debug-iphonesimulator/shigodeki.build/swift-overrides.hmap -Xcc -iquote -Xcc /Users/delaxstudio/Library/Developer/Xcode/DerivedData/shigodeki-fkaeotsqybievcdjwhonrrgqyvla/Build/Intermediates.noindex/shigodeki.build/Debug-iphonesimulator/shigodeki.build/shigodeki-generated-files.hmap -Xcc -I/Users/delaxstudio/Library/Developer/Xcode/DerivedData/shigodeki-fkaeotsqybievcdjwhonrrgqyvla/Build/Intermediates.noindex/shigodeki.build/Debug-iphonesimulator/shigodeki.build/shigodeki-own-target-headers.hmap -Xcc -I/Users/delaxstudio/Library/Developer/Xcode/DerivedData/shigodeki-fkaeotsqybievcdjwhonrrgqyvla/Build/Intermediates.noindex/shigodeki.build/Debug-iphonesimulator/shigodeki.build/shigodeki-all-non-framework-target-headers.hmap -Xcc -ivfsoverlay -Xcc /Users/delaxstudio/Library/Developer/Xcode/DerivedData/shigodeki-fkaeotsqybievcdjwhonrrgqyvla/Build/Intermediates.noindex/shigodeki.build/Debug-iphonesimulator/shigodeki-778cd99806b7a64fcaf3138ab8d360b6-VFS-iphonesimulator/all-product-headers.yaml -Xcc -iquote -Xcc /Users/delaxstudio/Library/Developer/Xcode/DerivedData/shigodeki-fkaeotsqybievcdjwhonrrgqyvla/Build/Intermediates.noindex/shigodeki.build/Debug-iphonesimulator/shigodeki.build/shigodeki-project-headers.hmap -Xcc -I/Users/delaxstudio/Library/Developer/Xcode/DerivedData/shigodeki-fkaeotsqybievcdjwhonrrgqyvla/SourcePackages/checkouts/abseil-cpp-binary/absl-Wrapper/include -Xcc -I/Users/delaxstudio/Library/Developer/Xcode/DerivedData/shigodeki-fkaeotsqybievcdjwhonrrgqyvla/SourcePackages/checkouts/grpc-binary/openssl-grpc-Wrapper/include -Xcc -I/Users/delaxstudio/Library/Developer/Xcode/DerivedData/shigodeki-fkaeotsqybievcdjwhonrrgqyvla/SourcePackages/checkouts/grpc-binary/grpc-Wrapper/include -Xcc -I/Users/delaxstudio/Library/Developer/Xcode/DerivedData/shigodeki-fkaeotsqybievcdjwhonrrgqyvla/SourcePackages/checkouts/grpc-binary/grpcpp-Wrapper/include -Xcc -I/Users/delaxstudio/Library/Developer/Xcode/DerivedData/shigodeki-fkaeotsqybievcdjwhonrrgqyvla/SourcePackages/checkouts/nanopb/spm_headers -Xcc -I/Users/delaxstudio/Library/Developer/Xcode/DerivedData/shigodeki-fkaeotsqybievcdjwhonrrgqyvla/SourcePackages/checkouts/leveldb/include -Xcc -I/Users/delaxstudio/Library/Developer/Xcode/DerivedData/shigodeki-fkaeotsqybievcdjwhonrrgqyvla/SourcePackages/checkouts/firebase-ios-sdk/FirebaseFirestoreInternal -Xcc -I/Users/delaxstudio/Library/Developer/Xcode/DerivedData/shigodeki-fkaeotsqybievcdjwhonrrgqyvla/SourcePackages/checkouts/firebase-ios-sdk/SwiftPM-PlatformExclude/FirebaseFirestoreWrap/include -Xcc -I/Users/delaxstudio/Library/Developer/Xcode/DerivedData/shigodeki-fkaeotsqybievcdjwhonrrgqyvla/SourcePackages/checkouts/interop-ios-for-google-sdks/RecaptchaEnterprise/RecaptchaInterop/Public -Xcc -I/Users/delaxstudio/Library/Developer/Xcode/DerivedData/shigodeki-fkaeotsqybievcdjwhonrrgqyvla/SourcePackages/checkouts/GoogleUtilities/GoogleUtilities/Network/Public -Xcc -I/Users/delaxstudio/Library/Developer/Xcode/DerivedData/shigodeki-fkaeotsqybievcdjwhonrrgqyvla/SourcePackages/checkouts/GoogleUtilities/GoogleUtilities/Reachability/Public -Xcc -I/Users/delaxstudio/Library/Developer/Xcode/DerivedData/shigodeki-fkaeotsqybievcdjwhonrrgqyvla/SourcePackages/checkouts/GoogleUtilities/GoogleUtilities/NSData+zlib/Public -Xcc -I/Users/delaxstudio/Library/Developer/Xcode/DerivedData/shigodeki-fkaeotsqybievcdjwhonrrgqyvla/SourcePackages/checkouts/GoogleUtilities/GoogleUtilities/Logger/Public -Xcc -I/Users/delaxstudio/Library/Developer/Xcode/DerivedData/shigodeki-fkaeotsqybievcdjwhonrrgqyvla/SourcePackages/checkouts/GoogleUtilities/GoogleUtilities/Environment/Public -Xcc -I/Users/delaxstudio/Library/Developer/Xcode/DerivedData/shigodeki-fkaeotsqybievcdjwhonrrgqyvla/SourcePackages/checkouts/GoogleUtilities/third_party/IsAppEncrypted/Public -Xcc -I/Users/delaxstudio/Library/Developer/Xcode/DerivedData/shigodeki-fkaeotsqybievcdjwhonrrgqyvla/SourcePackages/checkouts/GoogleUtilities/GoogleUtilities/AppDelegateSwizzler/Public -Xcc -I/Users/delaxstudio/Library/Developer/Xcode/DerivedData/shigodeki-fkaeotsqybievcdjwhonrrgqyvla/SourcePackages/checkouts/gtm-session-fetcher/Sources/Core/Public -Xcc -I/Users/delaxstudio/Library/Developer/Xcode/DerivedData/shigodeki-fkaeotsqybievcdjwhonrrgqyvla/SourcePackages/checkouts/firebase-ios-sdk/FirebaseCore/Extension -Xcc -I/Users/delaxstudio/Library/Developer/Xcode/DerivedData/shigodeki-fkaeotsqybievcdjwhonrrgqyvla/SourcePackages/checkouts/firebase-ios-sdk/FirebaseCore/Sources/Public -Xcc -I/Users/delaxstudio/Library/Developer/Xcode/DerivedData/shigodeki-fkaeotsqybievcdjwhonrrgqyvla/SourcePackages/checkouts/firebase-ios-sdk/CoreOnly/Sources -Xcc -I/Users/delaxstudio/Library/Developer/Xcode/DerivedData/shigodeki-fkaeotsqybievcdjwhonrrgqyvla/SourcePackages/checkouts/firebase-ios-sdk/FirebaseAuth/Sources/Public -Xcc -I/Users/delaxstudio/Library/Developer/Xcode/DerivedData/shigodeki-fkaeotsqybievcdjwhonrrgqyvla/SourcePackages/checkouts/firebase-ios-sdk/FirebaseAuth/Interop/Public -Xcc -I/Users/delaxstudio/Library/Developer/Xcode/DerivedData/shigodeki-fkaeotsqybievcdjwhonrrgqyvla/SourcePackages/checkouts/firebase-ios-sdk/FirebaseAppCheck/Interop/Public -Xcc -I/Users/delaxstudio/Library/Developer/Xcode/DerivedData/shigodeki-fkaeotsqybievcdjwhonrrgqyvla/Build/Products/Debug-iphonesimulator/include -Xcc -I/Users/delaxstudio/Library/Developer/Xcode/DerivedData/shigodeki-fkaeotsqybievcdjwhonrrgqyvla/Build/Intermediates.noindex/shigodeki.build/Debug-iphonesimulator/shigodeki.build/DerivedSources-normal/x86_64 -Xcc -I/Users/delaxstudio/Library/Developer/Xcode/DerivedData/shigodeki-fkaeotsqybievcdjwhonrrgqyvla/Build/Intermediates.noindex/shigodeki.build/Debug-iphonesimulator/shigodeki.build/DerivedSources/x86_64 -Xcc -I/Users/delaxstudio/Library/Developer/Xcode/DerivedData/shigodeki-fkaeotsqybievcdjwhonrrgqyvla/Build/Intermediates.noindex/shigodeki.build/Debug-iphonesimulator/shigodeki.build/DerivedSources -Xcc -DDEBUG\=1 -no-auto-bridging-header-chaining -module-name shigodeki -frontend-parseable-output -disable-clang-spi -target-sdk-version 26.2 -target-sdk-name iphonesimulator26.2 -clang-target x86_64-apple-ios26.2-simulator -in-process-plugin-server-path /Applications/Xcode.app/Contents/Developer/Toolchains/XcodeDefault.xctoolchain/usr/lib/swift/host/libSwiftInProcPluginServer.dylib -o /Users/delaxstudio/Library/Developer/Xcode/DerivedData/shigodeki-fkaeotsqybievcdjwhonrrgqyvla/Build/Intermediates.noindex/shigodeki.build/Debug-iphonesimulator/shigodeki.build/Objects-normal/x86_64/ProjectInfoSection.o -o /Users/delaxstudio/Library/Developer/Xcode/DerivedData/shigodeki-fkaeotsqybievcdjwhonrrgqyvla/Build/Intermediates.noindex/shigodeki.build/Debug-iphonesimulator/shigodeki.build/Objects-normal/x86_64/ProjectInvitationSection.o -o /Users/delaxstudio/Library/Developer/Xcode/DerivedData/shigodeki-fkaeotsqybievcdjwhonrrgqyvla/Build/Intermediates.noindex/shigodeki.build/Debug-iphonesimulator/shigodeki.build/Objects-normal/x86_64/ProjectOwnerSection.o -o /Users/delaxstudio/Library/Developer/Xcode/DerivedData/shigodeki-fkaeotsqybievcdjwhonrrgqyvla/Build/Intermediates.noindex/shigodeki.build/Debug-iphonesimulator/shigodeki.build/Objects-normal/x86_64/TaskAISections.o -o /Users/delaxstudio/Library/Developer/Xcode/DerivedData/shigodeki-fkaeotsqybievcdjwhonrrgqyvla/Build/Intermediates.noindex/shigodeki.build/Debug-iphonesimulator/shigodeki.build/Objects-normal/x86_64/TaskBasicSections.o -o /Users/delaxstudio/Library/Developer/Xcode/DerivedData/shigodeki-fkaeotsqybievcdjwhonrrgqyvla/Build/Intermediates.noindex/shigodeki.build/Debug-iphonesimulator/shigodeki.build/Objects-normal/x86_64/TaskDetailSheets.o -o /Users/delaxstudio/Library/Developer/Xcode/DerivedData/shigodeki-fkaeotsqybievcdjwhonrrgqyvla/Build/Intermediates.noindex/shigodeki.build/Debug-iphonesimulator/shigodeki.build/Objects-normal/x86_64/TaskDetailToolbar.o -o /Users/delaxstudio/Library/Developer/Xcode/DerivedData/shigodeki-fkaeotsqybievcdjwhonrrgqyvla/Build/Intermediates.noindex/shigodeki.build/Debug-iphonesimulator/shigodeki.build/Objects-normal/x86_64/TaskExtendedSections.o -o /Users/delaxstudio/Library/Developer/Xcode/DerivedData/shigodeki-fkaeotsqybievcdjwhonrrgqyvla/Build/Intermediates.noindex/shigodeki.build/Debug-iphonesimulator/shigodeki.build/Objects-normal/x86_64/TaskListContentSection.o -o /Users/delaxstudio/Library/Developer/Xcode/DerivedData/shigodeki-fkaeotsqybievcdjwhonrrgqyvla/Build/Intermediates.noindex/shigodeki.build/Debug-iphonesimulator/shigodeki.build/Objects-normal/x86_64/TaskListInfoSection.o -o /Users/delaxstudio/Library/Developer/Xcode/DerivedData/shigodeki-fkaeotsqybievcdjwhonrrgqyvla/Build/Intermediates.noindex/shigodeki.build/Debug-iphonesimulator/shigodeki.build/Objects-normal/x86_64/TaskRelatedSections.o -o /Users/delaxstudio/Library/Developer/Xcode/DerivedData/shigodeki-fkaeotsqybievcdjwhonrrgqyvla/Build/Intermediates.noindex/shigodeki.build/Debug-iphonesimulator/shigodeki.build/Objects-normal/x86_64/TaskRowComponent.o -o /Users/delaxstudio/Library/Developer/Xcode/DerivedData/shigodeki-fkaeotsqybievcdjwhonrrgqyvla/Build/Intermediates.noindex/shigodeki.build/Debug-iphonesimulator/shigodeki.build/Objects-normal/x86_64/AIDraftFlowView.o -o /Users/delaxstudio/Library/Developer/Xcode/DerivedData/shigodeki-fkaeotsqybievcdjwhonrrgqyvla/Build/Intermediates.noindex/shigodeki.build/Debug-iphonesimulator/shigodeki.build/Objects-normal/x86_64/PhotoDraftFlowView.o -o /Users/delaxstudio/Library/Developer/Xcode/DerivedData/shigodeki-fkaeotsqybievcdjwhonrrgqyvla/Build/Intermediates.noindex/shigodeki.build/Debug-iphonesimulator/shigodeki.build/Objects-normal/x86_64/TemplateDraftFlowView.o -o /Users/delaxstudio/Library/Developer/Xcode/DerivedData/shigodeki-fkaeotsqybievcdjwhonrrgqyvla/Build/Intermediates.noindex/shigodeki.build/Debug-iphonesimulator/shigodeki.build/Objects-normal/x86_64/KPIState.o -o /Users/delaxstudio/Library/Developer/Xcode/DerivedData/shigodeki-fkaeotsqybievcdjwhonrrgqyvla/Build/Intermediates.noindex/shigodeki.build/Debug-iphonesimulator/shigodeki.build/Objects-normal/x86_64/PortfolioKPIHeader.o -index-unit-output-path /shigodeki.build/Debug-iphonesimulator/shigodeki.build/Objects-normal/x86_64/ProjectInfoSection.o -index-unit-output-path /shigodeki.build/Debug-iphonesimulator/shigodeki.build/Objects-normal/x86_64/ProjectInvitationSection.o -index-unit-output-path /shigodeki.build/Debug-iphonesimulator/shigodeki.build/Objects-normal/x86_64/ProjectOwnerSection.o -index-unit-output-path /shigodeki.build/Debug-iphonesimulator/shigodeki.build/Objects-normal/x86_64/TaskAISections.o -index-unit-output-path /shigodeki.build/Debug-iphonesimulator/shigodeki.build/Objects-normal/x86_64/TaskBasicSections.o -index-unit-output-path /shigodeki.build/Debug-iphonesimulator/shigodeki.build/Objects-normal/x86_64/TaskDetailSheets.o -index-unit-output-path /shigodeki.build/Debug-iphonesimulator/shigodeki.build/Objects-normal/x86_64/TaskDetailToolbar.o -index-unit-output-path /shigodeki.build/Debug-iphonesimulator/shigodeki.build/Objects-normal/x86_64/TaskExtendedSections.o -index-unit-output-path /shigodeki.build/Debug-iphonesimulator/shigodeki.build/Objects-normal/x86_64/TaskListContentSection.o -index-unit-output-path /shigodeki.build/Debug-iphonesimulator/shigodeki.build/Objects-normal/x86_64/TaskListInfoSection.o -index-unit-output-path /shigodeki.build/Debug-iphonesimulator/shigodeki.build/Objects-normal/x86_64/TaskRelatedSections.o -index-unit-output-path /shigodeki.build/Debug-iphonesimulator/shigodeki.build/Objects-normal/x86_64/TaskRowComponent.o -index-unit-output-path /shigodeki.build/Debug-iphonesimulator/shigodeki.build/Objects-normal/x86_64/AIDraftFlowView.o -index-unit-output-path /shigodeki.build/Debug-iphonesimulator/shigodeki.build/Objects-normal/x86_64/PhotoDraftFlowView.o -index-unit-output-path /shigodeki.build/Debug-iphonesimulator/shigodeki.build/Objects-normal/x86_64/TemplateDraftFlowView.o -index-unit-output-path /shigodeki.build/Debug-iphonesimulator/shigodeki.build/Objects-normal/x86_64/KPIState.o -index-unit-output-path /shigodeki.build/Debug-iphonesimulator/shigodeki.build/Objects-normal/x86_64/PortfolioKPIHeader.o -index-store-path /Users/delaxstudio/Library/Developer/Xcode/DerivedData/shigodeki-fkaeotsqybievcdjwhonrrgqyvla/Index.noindex/DataStore -index-system-modules

SwiftCompile normal x86_64 /Users/delaxstudio/src/shigodeki/iOS/shigodeki/Views/Components/ProjectInfoSection.swift (in target 'shigodeki' from project 'shigodeki')
    cd /Users/delaxstudio/src/shigodeki/iOS
    

SwiftCompile normal x86_64 /Users/delaxstudio/src/shigodeki/iOS/shigodeki/Views/Components/ProjectInvitationSection.swift (in target 'shigodeki' from project 'shigodeki')
    cd /Users/delaxstudio/src/shigodeki/iOS
    

SwiftCompile normal x86_64 /Users/delaxstudio/src/shigodeki/iOS/shigodeki/Views/Components/ProjectOwnerSection.swift (in target 'shigodeki' from project 'shigodeki')
    cd /Users/delaxstudio/src/shigodeki/iOS
    

SwiftCompile normal x86_64 /Users/delaxstudio/src/shigodeki/iOS/shigodeki/Views/Components/TaskAISections.swift (in target 'shigodeki' from project 'shigodeki')
    cd /Users/delaxstudio/src/shigodeki/iOS
    

SwiftCompile normal x86_64 /Users/delaxstudio/src/shigodeki/iOS/shigodeki/Views/Components/TaskBasicSections.swift (in target 'shigodeki' from project 'shigodeki')
    cd /Users/delaxstudio/src/shigodeki/iOS
    

SwiftCompile normal x86_64 /Users/delaxstudio/src/shigodeki/iOS/shigodeki/Views/Components/TaskDetailSheets.swift (in target 'shigodeki' from project 'shigodeki')
    cd /Users/delaxstudio/src/shigodeki/iOS
    

SwiftCompile normal x86_64 /Users/delaxstudio/src/shigodeki/iOS/shigodeki/Views/Components/TaskDetailToolbar.swift (in target 'shigodeki' from project 'shigodeki')
    cd /Users/delaxstudio/src/shigodeki/iOS
    

SwiftCompile normal x86_64 /Users/delaxstudio/src/shigodeki/iOS/shigodeki/Views/Components/TaskExtendedSections.swift (in target 'shigodeki' from project 'shigodeki')
    cd /Users/delaxstudio/src/shigodeki/iOS
    

SwiftCompile normal x86_64 /Users/delaxstudio/src/shigodeki/iOS/shigodeki/Views/Components/TaskListContentSection.swift (in target 'shigodeki' from project 'shigodeki')
    cd /Users/delaxstudio/src/shigodeki/iOS
    

SwiftCompile normal x86_64 /Users/delaxstudio/src/shigodeki/iOS/shigodeki/Views/Components/TaskListInfoSection.swift (in target 'shigodeki' from project 'shigodeki')
    cd /Users/delaxstudio/src/shigodeki/iOS
    

SwiftCompile normal x86_64 /Users/delaxstudio/src/shigodeki/iOS/shigodeki/Views/Components/TaskRelatedSections.swift (in target 'shigodeki' from project 'shigodeki')
    cd /Users/delaxstudio/src/shigodeki/iOS
    

SwiftCompile normal x86_64 /Users/delaxstudio/src/shigodeki/iOS/shigodeki/Views/Components/TaskRowComponent.swift (in target 'shigodeki' from project 'shigodeki')
    cd /Users/delaxstudio/src/shigodeki/iOS
    

SwiftCompile normal x86_64 /Users/delaxstudio/src/shigodeki/iOS/shigodeki/Views/Drafts/AIDraftFlowView.swift (in target 'shigodeki' from project 'shigodeki')
    cd /Users/delaxstudio/src/shigodeki/iOS
    

SwiftCompile normal x86_64 /Users/delaxstudio/src/shigodeki/iOS/shigodeki/Views/Drafts/PhotoDraftFlowView.swift (in target 'shigodeki' from project 'shigodeki')
    cd /Users/delaxstudio/src/shigodeki/iOS
    
/Users/delaxstudio/src/shigodeki/iOS/shigodeki/Views/Drafts/PhotoDraftFlowView.swift:138:39: error: value of type 'TidyTask' has no member 'description'
                    var rationale = t.description
                                    ~ ^~~~~~~~~~~

SwiftCompile normal x86_64 /Users/delaxstudio/src/shigodeki/iOS/shigodeki/Views/Drafts/TemplateDraftFlowView.swift (in target 'shigodeki' from project 'shigodeki')
    cd /Users/delaxstudio/src/shigodeki/iOS
    

SwiftCompile normal x86_64 /Users/delaxstudio/src/shigodeki/iOS/shigodeki/Views/KPI/KPIState.swift (in target 'shigodeki' from project 'shigodeki')
    cd /Users/delaxstudio/src/shigodeki/iOS
    

SwiftCompile normal x86_64 /Users/delaxstudio/src/shigodeki/iOS/shigodeki/Views/KPI/PortfolioKPIHeader.swift (in target 'shigodeki' from project 'shigodeki')
    cd /Users/delaxstudio/src/shigodeki/iOS
    

SwiftCompile normal x86_64 Compiling\ TaskDetailView.swift,\ TaskEditorView.swift,\ TaskImprovementSuggestionView.swift,\ TaskListDetailView.swift,\ TemplateFilePickerView.swift,\ TemplateLibraryComponents.swift,\ TemplateLibraryView.swift,\ TemplatePaywallView.swift,\ TemplatePreviewSections.swift,\ TemplatePreviewView.swift,\ TemplateValidationResultView.swift,\ shigodekiApp.swift,\ Item+CoreDataClass.swift,\ Item+CoreDataProperties.swift,\ shigodeki+CoreDataModel.swift,\ GeneratedAssetSymbols.swift /Users/delaxstudio/src/shigodeki/iOS/shigodeki/Views/TaskDetailView.swift /Users/delaxstudio/src/shigodeki/iOS/shigodeki/Views/TaskEditorView.swift /Users/delaxstudio/src/shigodeki/iOS/shigodeki/Views/TaskImprovementSuggestionView.swift /Users/delaxstudio/src/shigodeki/iOS/shigodeki/Views/TaskListDetailView.swift /Users/delaxstudio/src/shigodeki/iOS/shigodeki/Views/TemplateFilePickerView.swift /Users/delaxstudio/src/shigodeki/iOS/shigodeki/Views/TemplateLibraryComponents.swift /Users/delaxstudio/src/shigodeki/iOS/shigodeki/Views/TemplateLibraryView.swift /Users/delaxstudio/src/shigodeki/iOS/shigodeki/Views/TemplatePaywallView.swift /Users/delaxstudio/src/shigodeki/iOS/shigodeki/Views/TemplatePreviewSections.swift /Users/delaxstudio/src/shigodeki/iOS/shigodeki/Views/TemplatePreviewView.swift /Users/delaxstudio/src/shigodeki/iOS/shigodeki/Views/TemplateValidationResultView.swift /Users/delaxstudio/src/shigodeki/iOS/shigodeki/shigodekiApp.swift /Users/delaxstudio/Library/Developer/Xcode/DerivedData/shigodeki-fkaeotsqybievcdjwhonrrgqyvla/Build/Intermediates.noindex/shigodeki.build/Debug-iphonesimulator/shigodeki.build/DerivedSources/CoreDataGenerated/shigodeki/Item+CoreDataClass.swift /Users/delaxstudio/Library/Developer/Xcode/DerivedData/shigodeki-fkaeotsqybievcdjwhonrrgqyvla/Build/Intermediates.noindex/shigodeki.build/Debug-iphonesimulator/shigodeki.build/DerivedSources/CoreDataGenerated/shigodeki/Item+CoreDataProperties.swift /Users/delaxstudio/Library/Developer/Xcode/DerivedData/shigodeki-fkaeotsqybievcdjwhonrrgqyvla/Build/Intermediates.noindex/shigodeki.build/Debug-iphonesimulator/shigodeki.build/DerivedSources/CoreDataGenerated/shigodeki/shigodeki+CoreDataModel.swift /Users/delaxstudio/Library/Developer/Xcode/DerivedData/shigodeki-fkaeotsqybievcdjwhonrrgqyvla/Build/Intermediates.noindex/shigodeki.build/Debug-iphonesimulator/shigodeki.build/DerivedSources/GeneratedAssetSymbols.swift (in target 'shigodeki' from project 'shigodeki')

SwiftCompile normal x86_64 /Users/delaxstudio/src/shigodeki/iOS/shigodeki/Views/TaskDetailView.swift (in target 'shigodeki' from project 'shigodeki')
    cd /Users/delaxstudio/src/shigodeki/iOS
    

SwiftCompile normal x86_64 /Users/delaxstudio/src/shigodeki/iOS/shigodeki/Views/TaskEditorView.swift (in target 'shigodeki' from project 'shigodeki')
    cd /Users/delaxstudio/src/shigodeki/iOS
    

SwiftCompile normal x86_64 /Users/delaxstudio/src/shigodeki/iOS/shigodeki/Views/TaskImprovementSuggestionView.swift (in target 'shigodeki' from project 'shigodeki')
    cd /Users/delaxstudio/src/shigodeki/iOS
    

SwiftCompile normal x86_64 /Users/delaxstudio/src/shigodeki/iOS/shigodeki/Views/TaskListDetailView.swift (in target 'shigodeki' from project 'shigodeki')
    cd /Users/delaxstudio/src/shigodeki/iOS
    

SwiftCompile normal x86_64 /Users/delaxstudio/src/shigodeki/iOS/shigodeki/Views/TemplateFilePickerView.swift (in target 'shigodeki' from project 'shigodeki')
    cd /Users/delaxstudio/src/shigodeki/iOS
    

SwiftCompile normal x86_64 /Users/delaxstudio/src/shigodeki/iOS/shigodeki/Views/TemplateLibraryComponents.swift (in target 'shigodeki' from project 'shigodeki')
    cd /Users/delaxstudio/src/shigodeki/iOS
    

SwiftCompile normal x86_64 /Users/delaxstudio/src/shigodeki/iOS/shigodeki/Views/TemplateLibraryView.swift (in target 'shigodeki' from project 'shigodeki')
    cd /Users/delaxstudio/src/shigodeki/iOS
    

SwiftCompile normal x86_64 /Users/delaxstudio/src/shigodeki/iOS/shigodeki/Views/TemplatePaywallView.swift (in target 'shigodeki' from project 'shigodeki')
    cd /Users/delaxstudio/src/shigodeki/iOS
    

SwiftCompile normal x86_64 /Users/delaxstudio/src/shigodeki/iOS/shigodeki/Views/TemplatePreviewSections.swift (in target 'shigodeki' from project 'shigodeki')
    cd /Users/delaxstudio/src/shigodeki/iOS
    

SwiftCompile normal x86_64 /Users/delaxstudio/src/shigodeki/iOS/shigodeki/Views/TemplatePreviewView.swift (in target 'shigodeki' from project 'shigodeki')
    cd /Users/delaxstudio/src/shigodeki/iOS
    

SwiftCompile normal x86_64 /Users/delaxstudio/src/shigodeki/iOS/shigodeki/Views/TemplateValidationResultView.swift (in target 'shigodeki' from project 'shigodeki')
    cd /Users/delaxstudio/src/shigodeki/iOS
    

SwiftCompile normal x86_64 /Users/delaxstudio/src/shigodeki/iOS/shigodeki/shigodekiApp.swift (in target 'shigodeki' from project 'shigodeki')
    cd /Users/delaxstudio/src/shigodeki/iOS
    

SwiftCompile normal x86_64 /Users/delaxstudio/Library/Developer/Xcode/DerivedData/shigodeki-fkaeotsqybievcdjwhonrrgqyvla/Build/Intermediates.noindex/shigodeki.build/Debug-iphonesimulator/shigodeki.build/DerivedSources/CoreDataGenerated/shigodeki/Item+CoreDataClass.swift (in target 'shigodeki' from project 'shigodeki')
    cd /Users/delaxstudio/src/shigodeki/iOS
    

SwiftCompile normal x86_64 /Users/delaxstudio/Library/Developer/Xcode/DerivedData/shigodeki-fkaeotsqybievcdjwhonrrgqyvla/Build/Intermediates.noindex/shigodeki.build/Debug-iphonesimulator/shigodeki.build/DerivedSources/CoreDataGenerated/shigodeki/Item+CoreDataProperties.swift (in target 'shigodeki' from project 'shigodeki')
    cd /Users/delaxstudio/src/shigodeki/iOS
    

SwiftCompile normal x86_64 /Users/delaxstudio/Library/Developer/Xcode/DerivedData/shigodeki-fkaeotsqybievcdjwhonrrgqyvla/Build/Intermediates.noindex/shigodeki.build/Debug-iphonesimulator/shigodeki.build/DerivedSources/CoreDataGenerated/shigodeki/shigodeki+CoreDataModel.swift (in target 'shigodeki' from project 'shigodeki')
    cd /Users/delaxstudio/src/shigodeki/iOS
    

SwiftCompile normal x86_64 /Users/delaxstudio/Library/Developer/Xcode/DerivedData/shigodeki-fkaeotsqybievcdjwhonrrgqyvla/Build/Intermediates.noindex/shigodeki.build/Debug-iphonesimulator/shigodeki.build/DerivedSources/GeneratedAssetSymbols.swift (in target 'shigodeki' from project 'shigodeki')
    cd /Users/delaxstudio/src/shigodeki/iOS
    

SwiftCompile normal x86_64 Compiling\ ProjectPhaseKPISection.swift,\ AcceptProjectInviteView.swift,\ AIGenerationView.swift,\ APISettingsView.swift,\ AuthTestResultViews.swift,\ AuthTestView.swift,\ ContentView.swift,\ CreateFamilyView.swift,\ CreatePhaseTaskViews.swift,\ CreatePhaseView.swift,\ CreateProjectView.swift,\ CreateProjectViewSections.swift,\ CreateProjectViewSheets.swift,\ CreateTaskFormContent.swift,\ CreateTaskListView.swift,\ CreateTaskView.swift,\ DashboardTaskDetailView.swift /Users/delaxstudio/src/shigodeki/iOS/shigodeki/Views/KPI/ProjectPhaseKPISection.swift /Users/delaxstudio/src/shigodeki/iOS/shigodeki/Views/AcceptProjectInviteView.swift /Users/delaxstudio/src/shigodeki/iOS/shigodeki/Views/AIGenerationView.swift /Users/delaxstudio/src/shigodeki/iOS/shigodeki/Views/APISettingsView.swift /Users/delaxstudio/src/shigodeki/iOS/shigodeki/Views/AuthTestResultViews.swift /Users/delaxstudio/src/shigodeki/iOS/shigodeki/Views/AuthTestView.swift /Users/delaxstudio/src/shigodeki/iOS/shigodeki/Views/ContentView.swift /Users/delaxstudio/src/shigodeki/iOS/shigodeki/Views/CreateFamilyView.swift /Users/delaxstudio/src/shigodeki/iOS/shigodeki/Views/CreatePhaseTaskViews.swift /Users/delaxstudio/src/shigodeki/iOS/shigodeki/Views/CreatePhaseView.swift /Users/delaxstudio/src/shigodeki/iOS/shigodeki/Views/CreateProjectView.swift /Users/delaxstudio/src/shigodeki/iOS/shigodeki/Views/CreateProjectViewSections.swift /Users/delaxstudio/src/shigodeki/iOS/shigodeki/Views/CreateProjectViewSheets.swift /Users/delaxstudio/src/shigodeki/iOS/shigodeki/Views/CreateTaskFormContent.swift /Users/delaxstudio/src/shigodeki/iOS/shigodeki/Views/CreateTaskListView.swift /Users/delaxstudio/src/shigodeki/iOS/shigodeki/Views/CreateTaskView.swift /Users/delaxstudio/src/shigodeki/iOS/shigodeki/Views/DashboardTaskDetailView.swift (in target 'shigodeki' from project 'shigodeki')
SwiftCompile normal x86_64 /Users/delaxstudio/src/shigodeki/iOS/shigodeki/Views/KPI/ProjectPhaseKPISection.swift (in target 'shigodeki' from project 'shigodeki')
    cd /Users/delaxstudio/src/shigodeki/iOS
    

SwiftCompile normal x86_64 /Users/delaxstudio/src/shigodeki/iOS/shigodeki/Views/AcceptProjectInviteView.swift (in target 'shigodeki' from project 'shigodeki')
    cd /Users/delaxstudio/src/shigodeki/iOS
    

SwiftCompile normal x86_64 /Users/delaxstudio/src/shigodeki/iOS/shigodeki/Views/AIGenerationView.swift (in target 'shigodeki' from project 'shigodeki')
    cd /Users/delaxstudio/src/shigodeki/iOS
    

SwiftCompile normal x86_64 /Users/delaxstudio/src/shigodeki/iOS/shigodeki/Views/APISettingsView.swift (in target 'shigodeki' from project 'shigodeki')
    cd /Users/delaxstudio/src/shigodeki/iOS
    

SwiftCompile normal x86_64 /Users/delaxstudio/src/shigodeki/iOS/shigodeki/Views/AuthTestResultViews.swift (in target 'shigodeki' from project 'shigodeki')
    cd /Users/delaxstudio/src/shigodeki/iOS
    

SwiftCompile normal x86_64 /Users/delaxstudio/src/shigodeki/iOS/shigodeki/Views/AuthTestView.swift (in target 'shigodeki' from project 'shigodeki')
    cd /Users/delaxstudio/src/shigodeki/iOS
    

SwiftCompile normal x86_64 /Users/delaxstudio/src/shigodeki/iOS/shigodeki/Views/ContentView.swift (in target 'shigodeki' from project 'shigodeki')
    cd /Users/delaxstudio/src/shigodeki/iOS
    

SwiftCompile normal x86_64 /Users/delaxstudio/src/shigodeki/iOS/shigodeki/Views/CreateFamilyView.swift (in target 'shigodeki' from project 'shigodeki')
    cd /Users/delaxstudio/src/shigodeki/iOS
    

SwiftCompile normal x86_64 /Users/delaxstudio/src/shigodeki/iOS/shigodeki/Views/CreatePhaseTaskViews.swift (in target 'shigodeki' from project 'shigodeki')
    cd /Users/delaxstudio/src/shigodeki/iOS
    

SwiftCompile normal x86_64 /Users/delaxstudio/src/shigodeki/iOS/shigodeki/Views/CreatePhaseView.swift (in target 'shigodeki' from project 'shigodeki')
    cd /Users/delaxstudio/src/shigodeki/iOS
    

SwiftCompile normal x86_64 /Users/delaxstudio/src/shigodeki/iOS/shigodeki/Views/CreateProjectView.swift (in target 'shigodeki' from project 'shigodeki')
    cd /Users/delaxstudio/src/shigodeki/iOS
    

SwiftCompile normal x86_64 /Users/delaxstudio/src/shigodeki/iOS/shigodeki/Views/CreateProjectViewSections.swift (in target 'shigodeki' from project 'shigodeki')
    cd /Users/delaxstudio/src/shigodeki/iOS
    

SwiftCompile normal x86_64 /Users/delaxstudio/src/shigodeki/iOS/shigodeki/Views/CreateProjectViewSheets.swift (in target 'shigodeki' from project 'shigodeki')
    cd /Users/delaxstudio/src/shigodeki/iOS
    

SwiftCompile normal x86_64 /Users/delaxstudio/src/shigodeki/iOS/shigodeki/Views/CreateTaskFormContent.swift (in target 'shigodeki' from project 'shigodeki')
    cd /Users/delaxstudio/src/shigodeki/iOS
    

SwiftCompile normal x86_64 /Users/delaxstudio/src/shigodeki/iOS/shigodeki/Views/CreateTaskListView.swift (in target 'shigodeki' from project 'shigodeki')
    cd /Users/delaxstudio/src/shigodeki/iOS
    

SwiftCompile normal x86_64 /Users/delaxstudio/src/shigodeki/iOS/shigodeki/Views/CreateTaskView.swift (in target 'shigodeki' from project 'shigodeki')
    cd /Users/delaxstudio/src/shigodeki/iOS
    

SwiftCompile normal x86_64 /Users/delaxstudio/src/shigodeki/iOS/shigodeki/Views/DashboardTaskDetailView.swift (in target 'shigodeki' from project 'shigodeki')
    cd /Users/delaxstudio/src/shigodeki/iOS
    

SwiftCompile normal x86_64 Compiling\ DashboardView.swift,\ DocumentPickerView.swift,\ EditTagView.swift,\ FamilyDetailView.swift,\ FamilyView.swift,\ HomeHubView.swift,\ InviteCodeView.swift,\ JoinFamilyView.swift,\ LoginView.swift,\ MainTabView.swift,\ MemberDetailView.swift,\ PhaseListView.swift,\ PhaseRowView.swift,\ PhaseTaskDetailSections.swift,\ PhaseTaskDetailView.swift,\ PhaseTaskListView.swift,\ PhaseTaskView.swift /Users/delaxstudio/src/shigodeki/iOS/shigodeki/Views/DashboardView.swift /Users/delaxstudio/src/shigodeki/iOS/shigodeki/Views/DocumentPickerView.swift /Users/delaxstudio/src/shigodeki/iOS/shigodeki/Views/EditTagView.swift /Users/delaxstudio/src/shigodeki/iOS/shigodeki/Views/FamilyDetailView.swift /Users/delaxstudio/src/shigodeki/iOS/shigodeki/Views/FamilyView.swift /Users/delaxstudio/src/shigodeki/iOS/shigodeki/Views/HomeHubView.swift /Users/delaxstudio/src/shigodeki/iOS/shigodeki/Views/InviteCodeView.swift /Users/delaxstudio/src/shigodeki/iOS/shigodeki/Views/JoinFamilyView.swift /Users/delaxstudio/src/shigodeki/iOS/shigodeki/Views/LoginView.swift /Users/delaxstudio/src/shigodeki/iOS/shigodeki/Views/MainTabView.swift /Users/delaxstudio/src/shigodeki/iOS/shigodeki/Views/MemberDetailView.swift /Users/delaxstudio/src/shigodeki/iOS/shigodeki/Views/PhaseListView.swift /Users/delaxstudio/src/shigodeki/iOS/shigodeki/Views/PhaseRowView.swift /Users/delaxstudio/src/shigodeki/iOS/shigodeki/Views/PhaseTaskDetailSections.swift /Users/delaxstudio/src/shigodeki/iOS/shigodeki/Views/PhaseTaskDetailView.swift /Users/delaxstudio/src/shigodeki/iOS/shigodeki/Views/PhaseTaskListView.swift /Users/delaxstudio/src/shigodeki/iOS/shigodeki/Views/PhaseTaskView.swift (in target 'shigodeki' from project 'shigodeki')

SwiftCompile normal x86_64 /Users/delaxstudio/src/shigodeki/iOS/shigodeki/Views/DashboardView.swift (in target 'shigodeki' from project 'shigodeki')
    cd /Users/delaxstudio/src/shigodeki/iOS
    

SwiftCompile normal x86_64 /Users/delaxstudio/src/shigodeki/iOS/shigodeki/Views/DocumentPickerView.swift (in target 'shigodeki' from project 'shigodeki')
    cd /Users/delaxstudio/src/shigodeki/iOS
    

SwiftCompile normal x86_64 /Users/delaxstudio/src/shigodeki/iOS/shigodeki/Views/EditTagView.swift (in target 'shigodeki' from project 'shigodeki')
    cd /Users/delaxstudio/src/shigodeki/iOS
    

SwiftCompile normal x86_64 /Users/delaxstudio/src/shigodeki/iOS/shigodeki/Views/FamilyDetailView.swift (in target 'shigodeki' from project 'shigodeki')
    cd /Users/delaxstudio/src/shigodeki/iOS
    

SwiftCompile normal x86_64 /Users/delaxstudio/src/shigodeki/iOS/shigodeki/Views/FamilyView.swift (in target 'shigodeki' from project 'shigodeki')
    cd /Users/delaxstudio/src/shigodeki/iOS
    

SwiftCompile normal x86_64 /Users/delaxstudio/src/shigodeki/iOS/shigodeki/Views/HomeHubView.swift (in target 'shigodeki' from project 'shigodeki')
    cd /Users/delaxstudio/src/shigodeki/iOS
    

SwiftCompile normal x86_64 /Users/delaxstudio/src/shigodeki/iOS/shigodeki/Views/InviteCodeView.swift (in target 'shigodeki' from project 'shigodeki')
    cd /Users/delaxstudio/src/shigodeki/iOS
    

SwiftCompile normal x86_64 /Users/delaxstudio/src/shigodeki/iOS/shigodeki/Views/JoinFamilyView.swift (in target 'shigodeki' from project 'shigodeki')
    cd /Users/delaxstudio/src/shigodeki/iOS
    

SwiftCompile normal x86_64 /Users/delaxstudio/src/shigodeki/iOS/shigodeki/Views/LoginView.swift (in target 'shigodeki' from project 'shigodeki')
    cd /Users/delaxstudio/src/shigodeki/iOS
    

SwiftCompile normal x86_64 /Users/delaxstudio/src/shigodeki/iOS/shigodeki/Views/MainTabView.swift (in target 'shigodeki' from project 'shigodeki')
    cd /Users/delaxstudio/src/shigodeki/iOS
    

SwiftCompile normal x86_64 /Users/delaxstudio/src/shigodeki/iOS/shigodeki/Views/MemberDetailView.swift (in target 'shigodeki' from project 'shigodeki')
    cd /Users/delaxstudio/src/shigodeki/iOS
    

SwiftCompile normal x86_64 /Users/delaxstudio/src/shigodeki/iOS/shigodeki/Views/PhaseListView.swift (in target 'shigodeki' from project 'shigodeki')
    cd /Users/delaxstudio/src/shigodeki/iOS
    

SwiftCompile normal x86_64 /Users/delaxstudio/src/shigodeki/iOS/shigodeki/Views/PhaseRowView.swift (in target 'shigodeki' from project 'shigodeki')
    cd /Users/delaxstudio/src/shigodeki/iOS
    

SwiftCompile normal x86_64 /Users/delaxstudio/src/shigodeki/iOS/shigodeki/Views/PhaseTaskDetailSections.swift (in target 'shigodeki' from project 'shigodeki')
    cd /Users/delaxstudio/src/shigodeki/iOS
    

SwiftCompile normal x86_64 /Users/delaxstudio/src/shigodeki/iOS/shigodeki/Views/PhaseTaskDetailView.swift (in target 'shigodeki' from project 'shigodeki')
    cd /Users/delaxstudio/src/shigodeki/iOS
    

SwiftCompile normal x86_64 /Users/delaxstudio/src/shigodeki/iOS/shigodeki/Views/PhaseTaskListView.swift (in target 'shigodeki' from project 'shigodeki')
    cd /Users/delaxstudio/src/shigodeki/iOS
    

SwiftCompile normal x86_64 /Users/delaxstudio/src/shigodeki/iOS/shigodeki/Views/PhaseTaskView.swift (in target 'shigodeki' from project 'shigodeki')
    cd /Users/delaxstudio/src/shigodeki/iOS
    

SwiftCompile normal x86_64 Compiling\ PhaseTaskViewComponents.swift,\ ProjectAIAnalysisView.swift,\ ProjectDetailView.swift,\ ProjectHeaderView.swift,\ ProjectListView.swift,\ ProjectRowView.swift,\ ProjectSettingsView.swift,\ ProjectTypePickerView.swift,\ ProPaywallView.swift,\ QuickAIGenerationSections.swift,\ QuickAIGenerationView.swift,\ SettingsViewSections.swift,\ TabNavigationManager.swift,\ TagInputView.swift,\ TagManagementComponents.swift,\ TagManagementView.swift,\ TaskAIAssistantView.swift /Users/delaxstudio/src/shigodeki/iOS/shigodeki/Views/PhaseTaskViewComponents.swift /Users/delaxstudio/src/shigodeki/iOS/shigodeki/Views/ProjectAIAnalysisView.swift /Users/delaxstudio/src/shigodeki/iOS/shigodeki/Views/ProjectDetailView.swift /Users/delaxstudio/src/shigodeki/iOS/shigodeki/Views/ProjectHeaderView.swift /Users/delaxstudio/src/shigodeki/iOS/shigodeki/Views/ProjectListView.swift /Users/delaxstudio/src/shigodeki/iOS/shigodeki/Views/ProjectRowView.swift /Users/delaxstudio/src/shigodeki/iOS/shigodeki/Views/ProjectSettingsView.swift /Users/delaxstudio/src/shigodeki/iOS/shigodeki/Views/ProjectTypePickerView.swift /Users/delaxstudio/src/shigodeki/iOS/shigodeki/Views/ProPaywallView.swift /Users/delaxstudio/src/shigodeki/iOS/shigodeki/Views/QuickAIGenerationSections.swift /Users/delaxstudio/src/shigodeki/iOS/shigodeki/Views/QuickAIGenerationView.swift /Users/delaxstudio/src/shigodeki/iOS/shigodeki/Views/SettingsViewSections.swift /Users/delaxstudio/src/shigodeki/iOS/shigodeki/Views/TabNavigationManager.swift /Users/delaxstudio/src/shigodeki/iOS/shigodeki/Views/TagInputView.swift /Users/delaxstudio/src/shigodeki/iOS/shigodeki/Views/TagManagementComponents.swift /Users/delaxstudio/src/shigodeki/iOS/shigodeki/Views/TagManagementView.swift /Users/delaxstudio/src/shigodeki/iOS/shigodeki/Views/TaskAIAssistantView.swift (in target 'shigodeki' from project 'shigodeki')

SwiftCompile normal x86_64 /Users/delaxstudio/src/shigodeki/iOS/shigodeki/Views/PhaseTaskViewComponents.swift (in target 'shigodeki' from project 'shigodeki')
    cd /Users/delaxstudio/src/shigodeki/iOS
    

SwiftCompile normal x86_64 /Users/delaxstudio/src/shigodeki/iOS/shigodeki/Views/ProjectAIAnalysisView.swift (in target 'shigodeki' from project 'shigodeki')
    cd /Users/delaxstudio/src/shigodeki/iOS
    

SwiftCompile normal x86_64 /Users/delaxstudio/src/shigodeki/iOS/shigodeki/Views/ProjectDetailView.swift (in target 'shigodeki' from project 'shigodeki')
    cd /Users/delaxstudio/src/shigodeki/iOS
    

SwiftCompile normal x86_64 /Users/delaxstudio/src/shigodeki/iOS/shigodeki/Views/ProjectHeaderView.swift (in target 'shigodeki' from project 'shigodeki')
    cd /Users/delaxstudio/src/shigodeki/iOS
    

SwiftCompile normal x86_64 /Users/delaxstudio/src/shigodeki/iOS/shigodeki/Views/ProjectListView.swift (in target 'shigodeki' from project 'shigodeki')
    cd /Users/delaxstudio/src/shigodeki/iOS
    

SwiftCompile normal x86_64 /Users/delaxstudio/src/shigodeki/iOS/shigodeki/Views/ProjectRowView.swift (in target 'shigodeki' from project 'shigodeki')
    cd /Users/delaxstudio/src/shigodeki/iOS
    

SwiftCompile normal x86_64 /Users/delaxstudio/src/shigodeki/iOS/shigodeki/Views/ProjectSettingsView.swift (in target 'shigodeki' from project 'shigodeki')
    cd /Users/delaxstudio/src/shigodeki/iOS
    

SwiftCompile normal x86_64 /Users/delaxstudio/src/shigodeki/iOS/shigodeki/Views/ProjectTypePickerView.swift (in target 'shigodeki' from project 'shigodeki')
    cd /Users/delaxstudio/src/shigodeki/iOS
    

SwiftCompile normal x86_64 /Users/delaxstudio/src/shigodeki/iOS/shigodeki/Views/ProPaywallView.swift (in target 'shigodeki' from project 'shigodeki')
    cd /Users/delaxstudio/src/shigodeki/iOS
    

SwiftCompile normal x86_64 /Users/delaxstudio/src/shigodeki/iOS/shigodeki/Views/QuickAIGenerationSections.swift (in target 'shigodeki' from project 'shigodeki')
    cd /Users/delaxstudio/src/shigodeki/iOS
    

SwiftCompile normal x86_64 /Users/delaxstudio/src/shigodeki/iOS/shigodeki/Views/QuickAIGenerationView.swift (in target 'shigodeki' from project 'shigodeki')
    cd /Users/delaxstudio/src/shigodeki/iOS
    

SwiftCompile normal x86_64 /Users/delaxstudio/src/shigodeki/iOS/shigodeki/Views/SettingsViewSections.swift (in target 'shigodeki' from project 'shigodeki')
    cd /Users/delaxstudio/src/shigodeki/iOS
    

SwiftCompile normal x86_64 /Users/delaxstudio/src/shigodeki/iOS/shigodeki/Views/TabNavigationManager.swift (in target 'shigodeki' from project 'shigodeki')
    cd /Users/delaxstudio/src/shigodeki/iOS
    

SwiftCompile normal x86_64 /Users/delaxstudio/src/shigodeki/iOS/shigodeki/Views/TagInputView.swift (in target 'shigodeki' from project 'shigodeki')
    cd /Users/delaxstudio/src/shigodeki/iOS
    

SwiftCompile normal x86_64 /Users/delaxstudio/src/shigodeki/iOS/shigodeki/Views/TagManagementComponents.swift (in target 'shigodeki' from project 'shigodeki')
    cd /Users/delaxstudio/src/shigodeki/iOS
    

SwiftCompile normal x86_64 /Users/delaxstudio/src/shigodeki/iOS/shigodeki/Views/TagManagementView.swift (in target 'shigodeki' from project 'shigodeki')
    cd /Users/delaxstudio/src/shigodeki/iOS
    

SwiftCompile normal x86_64 /Users/delaxstudio/src/shigodeki/iOS/shigodeki/Views/TaskAIAssistantView.swift (in target 'shigodeki' from project 'shigodeki')
    cd /Users/delaxstudio/src/shigodeki/iOS
    

SwiftEmitModule normal arm64 Emitting\ module\ for\ shigodeki (in target 'shigodeki' from project 'shigodeki')

** BUILD FAILED **


The following build commands failed:
	SwiftCompile normal x86_64 Compiling\ ProjectInfoSection.swift,\ ProjectInvitationSection.swift,\ ProjectOwnerSection.swift,\ TaskAISections.swift,\ TaskBasicSections.swift,\ TaskDetailSheets.swift,\ TaskDetailToolbar.swift,\ TaskExtendedSections.swift,\ TaskListContentSection.swift,\ TaskListInfoSection.swift,\ TaskRelatedSections.swift,\ TaskRowComponent.swift,\ AIDraftFlowView.swift,\ PhotoDraftFlowView.swift,\ TemplateDraftFlowView.swift,\ KPIState.swift,\ PortfolioKPIHeader.swift /Users/delaxstudio/src/shigodeki/iOS/shigodeki/Views/Components/ProjectInfoSection.swift /Users/delaxstudio/src/shigodeki/iOS/shigodeki/Views/Components/ProjectInvitationSection.swift /Users/delaxstudio/src/shigodeki/iOS/shigodeki/Views/Components/ProjectOwnerSection.swift /Users/delaxstudio/src/shigodeki/iOS/shigodeki/Views/Components/TaskAISections.swift /Users/delaxstudio/src/shigodeki/iOS/shigodeki/Views/Components/TaskBasicSections.swift /Users/delaxstudio/src/shigodeki/iOS/shigodeki/Views/Components/TaskDetailSheets.swift /Users/delaxstudio/src/shigodeki/iOS/shigodeki/Views/Components/TaskDetailToolbar.swift /Users/delaxstudio/src/shigodeki/iOS/shigodeki/Views/Components/TaskExtendedSections.swift /Users/delaxstudio/src/shigodeki/iOS/shigodeki/Views/Components/TaskListContentSection.swift /Users/delaxstudio/src/shigodeki/iOS/shigodeki/Views/Components/TaskListInfoSection.swift /Users/delaxstudio/src/shigodeki/iOS/shigodeki/Views/Components/TaskRelatedSections.swift /Users/delaxstudio/src/shigodeki/iOS/shigodeki/Views/Components/TaskRowComponent.swift /Users/delaxstudio/src/shigodeki/iOS/shigodeki/Views/Drafts/AIDraftFlowView.swift /Users/delaxstudio/src/shigodeki/iOS/shigodeki/Views/Drafts/PhotoDraftFlowView.swift /Users/delaxstudio/src/shigodeki/iOS/shigodeki/Views/Drafts/TemplateDraftFlowView.swift /Users/delaxstudio/src/shigodeki/iOS/shigodeki/Views/KPI/KPIState.swift /Users/delaxstudio/src/shigodeki/iOS/shigodeki/Views/KPI/PortfolioKPIHeader.swift (in target 'shigodeki' from project 'shigodeki')
	SwiftCompile normal x86_64 /Users/delaxstudio/src/shigodeki/iOS/shigodeki/Views/Drafts/PhotoDraftFlowView.swift (in target 'shigodeki' from project 'shigodeki')
	Building project shigodeki with scheme shigodeki
(3 failures)
