Command line invocation:
    /Applications/Xcode.app/Contents/Developer/usr/bin/xcodebuild -project iOS/shigodeki.xcodeproj -scheme shigodeki -destination "generic/platform=iOS Simulator" build

Resolve Package Graph


Resolved source packages:
  leveldb: https://github.com/firebase/leveldb.git @ 1.22.5
  Firebase: https://github.com/firebase/firebase-ios-sdk @ 12.8.0
  gRPC: https://github.com/google/grpc-binary.git @ 1.69.1
  GTMSessionFetcher: https://github.com/google/gtm-session-fetcher.git @ 5.0.0
  GoogleDataTransport: https://github.com/google/GoogleDataTransport.git @ 10.1.0
  AppCheck: https://github.com/google/app-check.git @ 11.2.0
  GoogleAppMeasurement: https://github.com/google/GoogleAppMeasurement.git @ 12.8.0
  InteropForGoogle: https://github.com/google/interop-ios-for-google-sdks.git @ 101.0.0
  abseil: https://github.com/google/abseil-cpp-binary.git @ 1.2024072200.0
  nanopb: https://github.com/firebase/nanopb.git @ 2.30910.0
  Promises: https://github.com/google/promises.git @ 2.4.0
  GoogleUtilities: https://github.com/google/GoogleUtilities.git @ 8.1.0
  GoogleAdsOnDeviceConversion: https://github.com/googleads/google-ads-on-device-conversion-ios-sdk @ 3.2.0

ComputePackagePrebuildTargetDependencyGraph

Prepare packages

CreateBuildRequest

SendProjectDescription

CreateBuildOperation

ComputeTargetDependencyGraph
note: Building targets in dependency order
note: Target dependency graph (61 targets)
    Target 'shigodeki' in project 'shigodeki'
        ➜ Explicit dependency on target 'FirebaseStorage' in project 'Firebase'
        ➜ Explicit dependency on target 'FirebaseFirestore' in project 'Firebase'
        ➜ Explicit dependency on target 'FirebaseCore' in project 'Firebase'
        ➜ Explicit dependency on target 'FirebaseAuth' in project 'Firebase'
    Target 'FirebaseAuth' in project 'Firebase'
        ➜ Explicit dependency on target 'FirebaseAuth' in project 'Firebase'
        ➜ Explicit dependency on target 'Firebase_FirebaseAuth' in project 'Firebase'
        ➜ Explicit dependency on target 'FirebaseAppCheckInterop' in project 'Firebase'
        ➜ Explicit dependency on target 'FirebaseAuthInterop' in project 'Firebase'
        ➜ Explicit dependency on target 'FirebaseAuthInternal' in project 'Firebase'
        ➜ Explicit dependency on target 'Firebase' in project 'Firebase'
        ➜ Explicit dependency on target 'FirebaseCoreInternal' in project 'Firebase'
        ➜ Explicit dependency on target 'FirebaseCore' in project 'Firebase'
        ➜ Explicit dependency on target 'FirebaseCoreExtension' in project 'Firebase'
        ➜ Explicit dependency on target 'RecaptchaInterop' in project 'InteropForGoogle'
        ➜ Explicit dependency on target 'GULNSData' in project 'GoogleUtilities'
        ➜ Explicit dependency on target 'GULEnvironment' in project 'GoogleUtilities'
        ➜ Explicit dependency on target 'GULLogger' in project 'GoogleUtilities'
        ➜ Explicit dependency on target 'GULAppDelegateSwizzler' in project 'GoogleUtilities'
        ➜ Explicit dependency on target 'GTMSessionFetcherCore' in project 'GTMSessionFetcher'
    Target 'FirebaseAuth' in project 'Firebase'
        ➜ Explicit dependency on target 'Firebase_FirebaseAuth' in project 'Firebase'
        ➜ Explicit dependency on target 'FirebaseAppCheckInterop' in project 'Firebase'
        ➜ Explicit dependency on target 'FirebaseAuthInterop' in project 'Firebase'
        ➜ Explicit dependency on target 'FirebaseAuthInternal' in project 'Firebase'
        ➜ Explicit dependency on target 'Firebase' in project 'Firebase'
        ➜ Explicit dependency on target 'FirebaseCoreInternal' in project 'Firebase'
        ➜ Explicit dependency on target 'FirebaseCore' in project 'Firebase'
        ➜ Explicit dependency on target 'FirebaseCoreExtension' in project 'Firebase'
        ➜ Explicit dependency on target 'RecaptchaInterop' in project 'InteropForGoogle'
        ➜ Explicit dependency on target 'GULNSData' in project 'GoogleUtilities'
        ➜ Explicit dependency on target 'GULEnvironment' in project 'GoogleUtilities'
        ➜ Explicit dependency on target 'GULLogger' in project 'GoogleUtilities'
        ➜ Explicit dependency on target 'GULAppDelegateSwizzler' in project 'GoogleUtilities'
        ➜ Explicit dependency on target 'GTMSessionFetcherCore' in project 'GTMSessionFetcher'
    Target 'GULAppDelegateSwizzler' in project 'GoogleUtilities'
        ➜ Explicit dependency on target 'GoogleUtilities-AppDelegateSwizzler' in project 'GoogleUtilities'
        ➜ Explicit dependency on target 'GoogleUtilities_GoogleUtilities-AppDelegateSwizzler' in project 'GoogleUtilities'
        ➜ Explicit dependency on target 'third-party-IsAppEncrypted' in project 'GoogleUtilities'
        ➜ Explicit dependency on target 'GoogleUtilities-Environment' in project 'GoogleUtilities'
        ➜ Explicit dependency on target 'GoogleUtilities-Logger' in project 'GoogleUtilities'
        ➜ Explicit dependency on target 'GoogleUtilities-NSData' in project 'GoogleUtilities'
        ➜ Explicit dependency on target 'GoogleUtilities-Reachability' in project 'GoogleUtilities'
        ➜ Explicit dependency on target 'GoogleUtilities-Network' in project 'GoogleUtilities'
    Target 'GoogleUtilities-AppDelegateSwizzler' in project 'GoogleUtilities'
        ➜ Explicit dependency on target 'GoogleUtilities_GoogleUtilities-AppDelegateSwizzler' in project 'GoogleUtilities'
        ➜ Explicit dependency on target 'third-party-IsAppEncrypted' in project 'GoogleUtilities'
        ➜ Explicit dependency on target 'GoogleUtilities-Environment' in project 'GoogleUtilities'
        ➜ Explicit dependency on target 'GoogleUtilities-Logger' in project 'GoogleUtilities'
        ➜ Explicit dependency on target 'GoogleUtilities-NSData' in project 'GoogleUtilities'
        ➜ Explicit dependency on target 'GoogleUtilities-Reachability' in project 'GoogleUtilities'
        ➜ Explicit dependency on target 'GoogleUtilities-Network' in project 'GoogleUtilities'
    Target 'GoogleUtilities-Network' in project 'GoogleUtilities'
        ➜ Explicit dependency on target 'GoogleUtilities_GoogleUtilities-Network' in project 'GoogleUtilities'
        ➜ Explicit dependency on target 'third-party-IsAppEncrypted' in project 'GoogleUtilities'
        ➜ Explicit dependency on target 'GoogleUtilities-Environment' in project 'GoogleUtilities'
        ➜ Explicit dependency on target 'GoogleUtilities-Logger' in project 'GoogleUtilities'
        ➜ Explicit dependency on target 'GoogleUtilities-NSData' in project 'GoogleUtilities'
        ➜ Explicit dependency on target 'GoogleUtilities-Reachability' in project 'GoogleUtilities'
    Target 'GoogleUtilities_GoogleUtilities-Network' in project 'GoogleUtilities' (no dependencies)
    Target 'GoogleUtilities-Reachability' in project 'GoogleUtilities'
        ➜ Explicit dependency on target 'GoogleUtilities_GoogleUtilities-Reachability' in project 'GoogleUtilities'
        ➜ Explicit dependency on target 'third-party-IsAppEncrypted' in project 'GoogleUtilities'
        ➜ Explicit dependency on target 'GoogleUtilities-Environment' in project 'GoogleUtilities'
        ➜ Explicit dependency on target 'GoogleUtilities-Logger' in project 'GoogleUtilities'
    Target 'GoogleUtilities_GoogleUtilities-Reachability' in project 'GoogleUtilities' (no dependencies)
    Target 'GoogleUtilities_GoogleUtilities-AppDelegateSwizzler' in project 'GoogleUtilities' (no dependencies)
    Target 'FirebaseAuthInternal' in project 'Firebase'
        ➜ Explicit dependency on target 'RecaptchaInterop' in project 'InteropForGoogle'
    Target 'RecaptchaInterop' in project 'InteropForGoogle'
        ➜ Explicit dependency on target 'RecaptchaInterop' in project 'InteropForGoogle'
    Target 'RecaptchaInterop' in project 'InteropForGoogle' (no dependencies)
    Target 'Firebase_FirebaseAuth' in project 'Firebase' (no dependencies)
    Target 'FirebaseCore' in project 'Firebase'
        ➜ Explicit dependency on target 'FirebaseCore' in project 'Firebase'
        ➜ Explicit dependency on target 'Firebase_FirebaseCore' in project 'Firebase'
        ➜ Explicit dependency on target 'Firebase' in project 'Firebase'
        ➜ Explicit dependency on target 'FirebaseCoreInternal' in project 'Firebase'
        ➜ Explicit dependency on target 'GULNSData' in project 'GoogleUtilities'
        ➜ Explicit dependency on target 'GULEnvironment' in project 'GoogleUtilities'
        ➜ Explicit dependency on target 'GULLogger' in project 'GoogleUtilities'
    Target 'FirebaseFirestore' in project 'Firebase'
        ➜ Explicit dependency on target 'FirebaseFirestoreTarget' in project 'Firebase'
        ➜ Explicit dependency on target 'FirebaseFirestoreInternalWrapper' in project 'Firebase'
        ➜ Explicit dependency on target 'FirebaseAppCheckInterop' in project 'Firebase'
        ➜ Explicit dependency on target 'Firebase' in project 'Firebase'
        ➜ Explicit dependency on target 'FirebaseCoreInternal' in project 'Firebase'
        ➜ Explicit dependency on target 'FirebaseCore' in project 'Firebase'
        ➜ Explicit dependency on target 'FirebaseCoreExtension' in project 'Firebase'
        ➜ Explicit dependency on target 'FirebaseSharedSwift' in project 'Firebase'
        ➜ Explicit dependency on target 'FirebaseFirestore' in project 'Firebase'
        ➜ Explicit dependency on target 'GULNSData' in project 'GoogleUtilities'
        ➜ Explicit dependency on target 'GULEnvironment' in project 'GoogleUtilities'
        ➜ Explicit dependency on target 'GULLogger' in project 'GoogleUtilities'
        ➜ Explicit dependency on target 'abseil' in project 'abseil'
        ➜ Explicit dependency on target 'gRPC-C++' in project 'gRPC'
        ➜ Explicit dependency on target 'nanopb' in project 'nanopb'
        ➜ Explicit dependency on target 'leveldb' in project 'leveldb'
    Target 'FirebaseFirestoreTarget' in project 'Firebase'
        ➜ Explicit dependency on target 'FirebaseFirestoreInternalWrapper' in project 'Firebase'
        ➜ Explicit dependency on target 'FirebaseAppCheckInterop' in project 'Firebase'
        ➜ Explicit dependency on target 'Firebase' in project 'Firebase'
        ➜ Explicit dependency on target 'FirebaseCoreInternal' in project 'Firebase'
        ➜ Explicit dependency on target 'FirebaseCore' in project 'Firebase'
        ➜ Explicit dependency on target 'FirebaseCoreExtension' in project 'Firebase'
        ➜ Explicit dependency on target 'FirebaseSharedSwift' in project 'Firebase'
        ➜ Explicit dependency on target 'FirebaseFirestore' in project 'Firebase'
        ➜ Explicit dependency on target 'GULNSData' in project 'GoogleUtilities'
        ➜ Explicit dependency on target 'GULEnvironment' in project 'GoogleUtilities'
        ➜ Explicit dependency on target 'GULLogger' in project 'GoogleUtilities'
        ➜ Explicit dependency on target 'abseil' in project 'abseil'
        ➜ Explicit dependency on target 'gRPC-C++' in project 'gRPC'
        ➜ Explicit dependency on target 'nanopb' in project 'nanopb'
        ➜ Explicit dependency on target 'leveldb' in project 'leveldb'
    Target 'FirebaseFirestore' in project 'Firebase'
        ➜ Explicit dependency on target 'Firebase_FirebaseFirestore' in project 'Firebase'
        ➜ Explicit dependency on target 'FirebaseFirestoreInternalWrapper' in project 'Firebase'
        ➜ Explicit dependency on target 'FirebaseAppCheckInterop' in project 'Firebase'
        ➜ Explicit dependency on target 'Firebase' in project 'Firebase'
        ➜ Explicit dependency on target 'FirebaseCoreInternal' in project 'Firebase'
        ➜ Explicit dependency on target 'FirebaseCore' in project 'Firebase'
        ➜ Explicit dependency on target 'FirebaseCoreExtension' in project 'Firebase'
        ➜ Explicit dependency on target 'FirebaseSharedSwift' in project 'Firebase'
        ➜ Explicit dependency on target 'GULNSData' in project 'GoogleUtilities'
        ➜ Explicit dependency on target 'GULEnvironment' in project 'GoogleUtilities'
        ➜ Explicit dependency on target 'GULLogger' in project 'GoogleUtilities'
        ➜ Explicit dependency on target 'abseil' in project 'abseil'
        ➜ Explicit dependency on target 'gRPC-C++' in project 'gRPC'
        ➜ Explicit dependency on target 'nanopb' in project 'nanopb'
        ➜ Explicit dependency on target 'leveldb' in project 'leveldb'
    Target 'leveldb' in project 'leveldb'
        ➜ Explicit dependency on target 'leveldb' in project 'leveldb'
        ➜ Explicit dependency on target 'leveldb_leveldb' in project 'leveldb'
    Target 'leveldb' in project 'leveldb'
        ➜ Explicit dependency on target 'leveldb_leveldb' in project 'leveldb'
    Target 'leveldb_leveldb' in project 'leveldb' (no dependencies)
    Target 'nanopb' in project 'nanopb'
        ➜ Explicit dependency on target 'nanopb' in project 'nanopb'
        ➜ Explicit dependency on target 'nanopb_nanopb' in project 'nanopb'
    Target 'nanopb' in project 'nanopb'
        ➜ Explicit dependency on target 'nanopb_nanopb' in project 'nanopb'
    Target 'nanopb_nanopb' in project 'nanopb' (no dependencies)
    Target 'gRPC-C++' in project 'gRPC'
        ➜ Explicit dependency on target 'grpcppWrapper' in project 'gRPC'
        ➜ Explicit dependency on target 'gRPC_grpcppWrapper' in project 'gRPC'
        ➜ Explicit dependency on target 'grpcWrapper' in project 'gRPC'
        ➜ Explicit dependency on target 'opensslWrapper' in project 'gRPC'
        ➜ Explicit dependency on target 'abseil' in project 'abseil'
    Target 'grpcppWrapper' in project 'gRPC'
        ➜ Explicit dependency on target 'gRPC_grpcppWrapper' in project 'gRPC'
        ➜ Explicit dependency on target 'grpcWrapper' in project 'gRPC'
        ➜ Explicit dependency on target 'opensslWrapper' in project 'gRPC'
        ➜ Explicit dependency on target 'abseil' in project 'abseil'
    Target 'opensslWrapper' in project 'gRPC'
        ➜ Explicit dependency on target 'gRPC_opensslWrapper' in project 'gRPC'
    Target 'gRPC_opensslWrapper' in project 'gRPC' (no dependencies)
    Target 'grpcWrapper' in project 'gRPC'
        ➜ Explicit dependency on target 'gRPC_grpcWrapper' in project 'gRPC'
    Target 'gRPC_grpcWrapper' in project 'gRPC' (no dependencies)
    Target 'gRPC_grpcppWrapper' in project 'gRPC' (no dependencies)
    Target 'abseil' in project 'abseil'
        ➜ Explicit dependency on target 'abslWrapper' in project 'abseil'
        ➜ Explicit dependency on target 'abseil_abslWrapper' in project 'abseil'
    Target 'abslWrapper' in project 'abseil'
        ➜ Explicit dependency on target 'abseil_abslWrapper' in project 'abseil'
    Target 'abseil_abslWrapper' in project 'abseil' (no dependencies)
    Target 'Firebase_FirebaseFirestore' in project 'Firebase' (no dependencies)
    Target 'FirebaseSharedSwift' in project 'Firebase' (no dependencies)
    Target 'FirebaseFirestoreInternalWrapper' in project 'Firebase' (no dependencies)
    Target 'FirebaseStorage' in project 'Firebase'
        ➜ Explicit dependency on target 'FirebaseStorage' in project 'Firebase'
        ➜ Explicit dependency on target 'FirebaseAppCheckInterop' in project 'Firebase'
        ➜ Explicit dependency on target 'FirebaseAuthInterop' in project 'Firebase'
        ➜ Explicit dependency on target 'Firebase' in project 'Firebase'
        ➜ Explicit dependency on target 'FirebaseCoreInternal' in project 'Firebase'
        ➜ Explicit dependency on target 'FirebaseCore' in project 'Firebase'
        ➜ Explicit dependency on target 'FirebaseCoreExtension' in project 'Firebase'
        ➜ Explicit dependency on target 'GULNSData' in project 'GoogleUtilities'
        ➜ Explicit dependency on target 'GULEnvironment' in project 'GoogleUtilities'
        ➜ Explicit dependency on target 'GULLogger' in project 'GoogleUtilities'
        ➜ Explicit dependency on target 'GTMSessionFetcherCore' in project 'GTMSessionFetcher'
    Target 'FirebaseStorage' in project 'Firebase'
        ➜ Explicit dependency on target 'FirebaseAppCheckInterop' in project 'Firebase'
        ➜ Explicit dependency on target 'FirebaseAuthInterop' in project 'Firebase'
        ➜ Explicit dependency on target 'Firebase' in project 'Firebase'
        ➜ Explicit dependency on target 'FirebaseCoreInternal' in project 'Firebase'
        ➜ Explicit dependency on target 'FirebaseCore' in project 'Firebase'
        ➜ Explicit dependency on target 'FirebaseCoreExtension' in project 'Firebase'
        ➜ Explicit dependency on target 'GULNSData' in project 'GoogleUtilities'
        ➜ Explicit dependency on target 'GULEnvironment' in project 'GoogleUtilities'
        ➜ Explicit dependency on target 'GULLogger' in project 'GoogleUtilities'
        ➜ Explicit dependency on target 'GTMSessionFetcherCore' in project 'GTMSessionFetcher'
    Target 'GTMSessionFetcherCore' in project 'GTMSessionFetcher'
        ➜ Explicit dependency on target 'GTMSessionFetcherCore' in project 'GTMSessionFetcher'
        ➜ Explicit dependency on target 'GTMSessionFetcher_GTMSessionFetcherCore' in project 'GTMSessionFetcher'
    Target 'GTMSessionFetcherCore' in project 'GTMSessionFetcher'
        ➜ Explicit dependency on target 'GTMSessionFetcher_GTMSessionFetcherCore' in project 'GTMSessionFetcher'
    Target 'GTMSessionFetcher_GTMSessionFetcherCore' in project 'GTMSessionFetcher' (no dependencies)
    Target 'FirebaseCoreExtension' in project 'Firebase'
        ➜ Explicit dependency on target 'Firebase_FirebaseCoreExtension' in project 'Firebase'
    Target 'Firebase_FirebaseCoreExtension' in project 'Firebase' (no dependencies)
    Target 'FirebaseCore' in project 'Firebase'
        ➜ Explicit dependency on target 'Firebase_FirebaseCore' in project 'Firebase'
        ➜ Explicit dependency on target 'Firebase' in project 'Firebase'
        ➜ Explicit dependency on target 'FirebaseCoreInternal' in project 'Firebase'
        ➜ Explicit dependency on target 'GULNSData' in project 'GoogleUtilities'
        ➜ Explicit dependency on target 'GULEnvironment' in project 'GoogleUtilities'
        ➜ Explicit dependency on target 'GULLogger' in project 'GoogleUtilities'
    Target 'GULLogger' in project 'GoogleUtilities'
        ➜ Explicit dependency on target 'GoogleUtilities-Logger' in project 'GoogleUtilities'
        ➜ Explicit dependency on target 'GoogleUtilities_GoogleUtilities-Logger' in project 'GoogleUtilities'
        ➜ Explicit dependency on target 'third-party-IsAppEncrypted' in project 'GoogleUtilities'
        ➜ Explicit dependency on target 'GoogleUtilities-Environment' in project 'GoogleUtilities'
    Target 'GoogleUtilities-Logger' in project 'GoogleUtilities'
        ➜ Explicit dependency on target 'GoogleUtilities_GoogleUtilities-Logger' in project 'GoogleUtilities'
        ➜ Explicit dependency on target 'third-party-IsAppEncrypted' in project 'GoogleUtilities'
        ➜ Explicit dependency on target 'GoogleUtilities-Environment' in project 'GoogleUtilities'
    Target 'GoogleUtilities_GoogleUtilities-Logger' in project 'GoogleUtilities' (no dependencies)
    Target 'GULEnvironment' in project 'GoogleUtilities'
        ➜ Explicit dependency on target 'GoogleUtilities-Environment' in project 'GoogleUtilities'
        ➜ Explicit dependency on target 'GoogleUtilities_GoogleUtilities-Environment' in project 'GoogleUtilities'
        ➜ Explicit dependency on target 'third-party-IsAppEncrypted' in project 'GoogleUtilities'
    Target 'GoogleUtilities-Environment' in project 'GoogleUtilities'
        ➜ Explicit dependency on target 'GoogleUtilities_GoogleUtilities-Environment' in project 'GoogleUtilities'
        ➜ Explicit dependency on target 'third-party-IsAppEncrypted' in project 'GoogleUtilities'
    Target 'third-party-IsAppEncrypted' in project 'GoogleUtilities' (no dependencies)
    Target 'GoogleUtilities_GoogleUtilities-Environment' in project 'GoogleUtilities' (no dependencies)
    Target 'Firebase_FirebaseCore' in project 'Firebase' (no dependencies)
    Target 'FirebaseCoreInternal' in project 'Firebase'
        ➜ Explicit dependency on target 'Firebase_FirebaseCoreInternal' in project 'Firebase'
        ➜ Explicit dependency on target 'GULNSData' in project 'GoogleUtilities'
    Target 'GULNSData' in project 'GoogleUtilities'
        ➜ Explicit dependency on target 'GoogleUtilities-NSData' in project 'GoogleUtilities'
        ➜ Explicit dependency on target 'GoogleUtilities_GoogleUtilities-NSData' in project 'GoogleUtilities'
    Target 'GoogleUtilities-NSData' in project 'GoogleUtilities'
        ➜ Explicit dependency on target 'GoogleUtilities_GoogleUtilities-NSData' in project 'GoogleUtilities'
    Target 'GoogleUtilities_GoogleUtilities-NSData' in project 'GoogleUtilities' (no dependencies)
    Target 'Firebase_FirebaseCoreInternal' in project 'Firebase' (no dependencies)
    Target 'Firebase' in project 'Firebase' (no dependencies)
    Target 'FirebaseAuthInterop' in project 'Firebase' (no dependencies)
    Target 'FirebaseAppCheckInterop' in project 'Firebase' (no dependencies)

GatherProvisioningInputs

CreateBuildDescription

ExecuteExternalTool /Applications/Xcode.app/Contents/Developer/Toolchains/XcodeDefault.xctoolchain/usr/bin/clang -v -E -dM -arch arm64 -isysroot /Applications/Xcode.app/Contents/Developer/Platforms/iPhoneSimulator.platform/Developer/SDKs/iPhoneSimulator26.2.sdk -x objective-c -c /dev/null

ExecuteExternalTool /Applications/Xcode.app/Contents/Developer/Toolchains/XcodeDefault.xctoolchain/usr/bin/swiftc --version

ExecuteExternalTool /Applications/Xcode.app/Contents/Developer/Toolchains/XcodeDefault.xctoolchain/usr/bin/clang -v -E -dM -isysroot /Applications/Xcode.app/Contents/Developer/Platforms/iPhoneSimulator.platform/Developer/SDKs/iPhoneSimulator26.2.sdk -x c -c /dev/null

ExecuteExternalTool /Applications/Xcode.app/Contents/Developer/usr/bin/momc --dry-run --action generate --swift-version 5.0 --sdkroot /Applications/Xcode.app/Contents/Developer/Platforms/iPhoneSimulator.platform/Developer/SDKs/iPhoneSimulator26.2.sdk --iphonesimulator-deployment-target 18.5 --module shigodeki /Users/delaxstudio/src/shigodeki/iOS/shigodeki/shigodeki.xcdatamodeld /Users/delaxstudio/Library/Developer/Xcode/DerivedData/shigodeki-fkaeotsqybievcdjwhonrrgqyvla/Build/Intermediates.noindex/shigodeki.build/Debug-iphonesimulator/shigodeki.build/DerivedSources/CoreDataGenerated/shigodeki

ExecuteExternalTool /Applications/Xcode.app/Contents/Developer/Toolchains/XcodeDefault.xctoolchain/usr/bin/clang -v -E -dM -arch arm64 -isysroot /Applications/Xcode.app/Contents/Developer/Platforms/iPhoneSimulator.platform/Developer/SDKs/iPhoneSimulator26.2.sdk -x c -c /dev/null

ExecuteExternalTool /Applications/Xcode.app/Contents/Developer/usr/bin/actool --print-asset-tag-combinations --output-format xml1 /Users/delaxstudio/src/shigodeki/iOS/shigodeki/Assets.xcassets

ExecuteExternalTool /Applications/Xcode.app/Contents/Developer/usr/bin/actool --version --output-format xml1

ExecuteExternalTool /Applications/Xcode.app/Contents/Developer/Toolchains/XcodeDefault.xctoolchain/usr/bin/ld -version_details

ExecuteExternalTool /Applications/Xcode.app/Contents/Developer/Toolchains/XcodeDefault.xctoolchain/usr/bin/clang -v -E -dM -arch arm64 -isysroot /Applications/Xcode.app/Contents/Developer/Platforms/iPhoneSimulator.platform/Developer/SDKs/iPhoneSimulator26.2.sdk -x c++ -c /dev/null

ExecuteExternalTool /Applications/Xcode.app/Contents/Developer/Toolchains/XcodeDefault.xctoolchain/usr/bin/clang -v -E -dM -arch x86_64 -isysroot /Applications/Xcode.app/Contents/Developer/Platforms/iPhoneSimulator.platform/Developer/SDKs/iPhoneSimulator26.2.sdk -x objective-c -c /dev/null

ExecuteExternalTool /Applications/Xcode.app/Contents/Developer/Toolchains/XcodeDefault.xctoolchain/usr/bin/clang -v -E -dM -arch x86_64 -isysroot /Applications/Xcode.app/Contents/Developer/Platforms/iPhoneSimulator.platform/Developer/SDKs/iPhoneSimulator26.2.sdk -x c -c /dev/null

ExecuteExternalTool /Applications/Xcode.app/Contents/Developer/Toolchains/XcodeDefault.xctoolchain/usr/bin/clang -v -E -dM -arch x86_64 -isysroot /Applications/Xcode.app/Contents/Developer/Platforms/iPhoneSimulator.platform/Developer/SDKs/iPhoneSimulator26.2.sdk -x c++ -c /dev/null

Build description signature: 89b2292cac832ebea8192ad84a62b8d2
Build description path: /Users/delaxstudio/Library/Developer/Xcode/DerivedData/shigodeki-fkaeotsqybievcdjwhonrrgqyvla/Build/Intermediates.noindex/XCBuildData/89b2292cac832ebea8192ad84a62b8d2.xcbuilddata
ClangStatCache /Applications/Xcode.app/Contents/Developer/Toolchains/XcodeDefault.xctoolchain/usr/bin/clang-stat-cache /Applications/Xcode.app/Contents/Developer/Platforms/iPhoneSimulator.platform/Developer/SDKs/iPhoneSimulator26.2.sdk /Users/delaxstudio/Library/Developer/Xcode/DerivedData/SDKStatCaches.noindex/iphonesimulator26.2-23C53-7d00a8b37fbd7999ea79df8ebc024bf0.sdkstatcache
    cd /Users/delaxstudio/src/shigodeki/iOS/shigodeki.xcodeproj
    /Applications/Xcode.app/Contents/Developer/Toolchains/XcodeDefault.xctoolchain/usr/bin/clang-stat-cache /Applications/Xcode.app/Contents/Developer/Platforms/iPhoneSimulator.platform/Developer/SDKs/iPhoneSimulator26.2.sdk -o /Users/delaxstudio/Library/Developer/Xcode/DerivedData/SDKStatCaches.noindex/iphonesimulator26.2-23C53-7d00a8b37fbd7999ea79df8ebc024bf0.sdkstatcache

ProcessInfoPlistFile /Users/delaxstudio/Library/Developer/Xcode/DerivedData/shigodeki-fkaeotsqybievcdjwhonrrgqyvla/Build/Products/Debug-iphonesimulator/GoogleUtilities_GoogleUtilities-AppDelegateSwizzler.bundle/Info.plist /Users/delaxstudio/Library/Developer/Xcode/DerivedData/shigodeki-fkaeotsqybievcdjwhonrrgqyvla/Build/Intermediates.noindex/GoogleUtilities.build/Debug-iphonesimulator/GoogleUtilities_GoogleUtilities-AppDelegateSwizzler.build/empty-GoogleUtilities_GoogleUtilities-AppDelegateSwizzler.plist (in target 'GoogleUtilities_GoogleUtilities-AppDelegateSwizzler' from project 'GoogleUtilities')
    cd /Users/delaxstudio/Library/Developer/Xcode/DerivedData/shigodeki-fkaeotsqybievcdjwhonrrgqyvla/SourcePackages/checkouts/GoogleUtilities
    builtin-infoPlistUtility /Users/delaxstudio/Library/Developer/Xcode/DerivedData/shigodeki-fkaeotsqybievcdjwhonrrgqyvla/Build/Intermediates.noindex/GoogleUtilities.build/Debug-iphonesimulator/GoogleUtilities_GoogleUtilities-AppDelegateSwizzler.build/empty-GoogleUtilities_GoogleUtilities-AppDelegateSwizzler.plist -producttype com.apple.product-type.bundle -expandbuildsettings -format binary -platform iphonesimulator -o /Users/delaxstudio/Library/Developer/Xcode/DerivedData/shigodeki-fkaeotsqybievcdjwhonrrgqyvla/Build/Products/Debug-iphonesimulator/GoogleUtilities_GoogleUtilities-AppDelegateSwizzler.bundle/Info.plist

ProcessInfoPlistFile /Users/delaxstudio/Library/Developer/Xcode/DerivedData/shigodeki-fkaeotsqybievcdjwhonrrgqyvla/Build/Products/Debug-iphonesimulator/GoogleUtilities_GoogleUtilities-Environment.bundle/Info.plist /Users/delaxstudio/Library/Developer/Xcode/DerivedData/shigodeki-fkaeotsqybievcdjwhonrrgqyvla/Build/Intermediates.noindex/GoogleUtilities.build/Debug-iphonesimulator/GoogleUtilities_GoogleUtilities-Environment.build/empty-GoogleUtilities_GoogleUtilities-Environment.plist (in target 'GoogleUtilities_GoogleUtilities-Environment' from project 'GoogleUtilities')
    cd /Users/delaxstudio/Library/Developer/Xcode/DerivedData/shigodeki-fkaeotsqybievcdjwhonrrgqyvla/SourcePackages/checkouts/GoogleUtilities
    builtin-infoPlistUtility /Users/delaxstudio/Library/Developer/Xcode/DerivedData/shigodeki-fkaeotsqybievcdjwhonrrgqyvla/Build/Intermediates.noindex/GoogleUtilities.build/Debug-iphonesimulator/GoogleUtilities_GoogleUtilities-Environment.build/empty-GoogleUtilities_GoogleUtilities-Environment.plist -producttype com.apple.product-type.bundle -expandbuildsettings -format binary -platform iphonesimulator -o /Users/delaxstudio/Library/Developer/Xcode/DerivedData/shigodeki-fkaeotsqybievcdjwhonrrgqyvla/Build/Products/Debug-iphonesimulator/GoogleUtilities_GoogleUtilities-Environment.bundle/Info.plist

ProcessInfoPlistFile /Users/delaxstudio/Library/Developer/Xcode/DerivedData/shigodeki-fkaeotsqybievcdjwhonrrgqyvla/Build/Products/Debug-iphonesimulator/GoogleUtilities_GoogleUtilities-Logger.bundle/Info.plist /Users/delaxstudio/Library/Developer/Xcode/DerivedData/shigodeki-fkaeotsqybievcdjwhonrrgqyvla/Build/Intermediates.noindex/GoogleUtilities.build/Debug-iphonesimulator/GoogleUtilities_GoogleUtilities-Logger.build/empty-GoogleUtilities_GoogleUtilities-Logger.plist (in target 'GoogleUtilities_GoogleUtilities-Logger' from project 'GoogleUtilities')
    cd /Users/delaxstudio/Library/Developer/Xcode/DerivedData/shigodeki-fkaeotsqybievcdjwhonrrgqyvla/SourcePackages/checkouts/GoogleUtilities
    builtin-infoPlistUtility /Users/delaxstudio/Library/Developer/Xcode/DerivedData/shigodeki-fkaeotsqybievcdjwhonrrgqyvla/Build/Intermediates.noindex/GoogleUtilities.build/Debug-iphonesimulator/GoogleUtilities_GoogleUtilities-Logger.build/empty-GoogleUtilities_GoogleUtilities-Logger.plist -producttype com.apple.product-type.bundle -expandbuildsettings -format binary -platform iphonesimulator -o /Users/delaxstudio/Library/Developer/Xcode/DerivedData/shigodeki-fkaeotsqybievcdjwhonrrgqyvla/Build/Products/Debug-iphonesimulator/GoogleUtilities_GoogleUtilities-Logger.bundle/Info.plist

ProcessInfoPlistFile /Users/delaxstudio/Library/Developer/Xcode/DerivedData/shigodeki-fkaeotsqybievcdjwhonrrgqyvla/Build/Products/Debug-iphonesimulator/Firebase_FirebaseCoreExtension.bundle/Info.plist /Users/delaxstudio/Library/Developer/Xcode/DerivedData/shigodeki-fkaeotsqybievcdjwhonrrgqyvla/Build/Intermediates.noindex/Firebase.build/Debug-iphonesimulator/Firebase_FirebaseCoreExtension.build/empty-Firebase_FirebaseCoreExtension.plist (in target 'Firebase_FirebaseCoreExtension' from project 'Firebase')
    cd /Users/delaxstudio/Library/Developer/Xcode/DerivedData/shigodeki-fkaeotsqybievcdjwhonrrgqyvla/SourcePackages/checkouts/firebase-ios-sdk
    builtin-infoPlistUtility /Users/delaxstudio/Library/Developer/Xcode/DerivedData/shigodeki-fkaeotsqybievcdjwhonrrgqyvla/Build/Intermediates.noindex/Firebase.build/Debug-iphonesimulator/Firebase_FirebaseCoreExtension.build/empty-Firebase_FirebaseCoreExtension.plist -producttype com.apple.product-type.bundle -expandbuildsettings -format binary -platform iphonesimulator -o /Users/delaxstudio/Library/Developer/Xcode/DerivedData/shigodeki-fkaeotsqybievcdjwhonrrgqyvla/Build/Products/Debug-iphonesimulator/Firebase_FirebaseCoreExtension.bundle/Info.plist

ProcessInfoPlistFile /Users/delaxstudio/Library/Developer/Xcode/DerivedData/shigodeki-fkaeotsqybievcdjwhonrrgqyvla/Build/Products/Debug-iphonesimulator/Firebase_FirebaseCoreInternal.bundle/Info.plist /Users/delaxstudio/Library/Developer/Xcode/DerivedData/shigodeki-fkaeotsqybievcdjwhonrrgqyvla/Build/Intermediates.noindex/Firebase.build/Debug-iphonesimulator/Firebase_FirebaseCoreInternal.build/empty-Firebase_FirebaseCoreInternal.plist (in target 'Firebase_FirebaseCoreInternal' from project 'Firebase')
    cd /Users/delaxstudio/Library/Developer/Xcode/DerivedData/shigodeki-fkaeotsqybievcdjwhonrrgqyvla/SourcePackages/checkouts/firebase-ios-sdk
    builtin-infoPlistUtility /Users/delaxstudio/Library/Developer/Xcode/DerivedData/shigodeki-fkaeotsqybievcdjwhonrrgqyvla/Build/Intermediates.noindex/Firebase.build/Debug-iphonesimulator/Firebase_FirebaseCoreInternal.build/empty-Firebase_FirebaseCoreInternal.plist -producttype com.apple.product-type.bundle -expandbuildsettings -format binary -platform iphonesimulator -o /Users/delaxstudio/Library/Developer/Xcode/DerivedData/shigodeki-fkaeotsqybievcdjwhonrrgqyvla/Build/Products/Debug-iphonesimulator/Firebase_FirebaseCoreInternal.bundle/Info.plist

ProcessInfoPlistFile /Users/delaxstudio/Library/Developer/Xcode/DerivedData/shigodeki-fkaeotsqybievcdjwhonrrgqyvla/Build/Products/Debug-iphonesimulator/GTMSessionFetcher_GTMSessionFetcherCore.bundle/Info.plist /Users/delaxstudio/Library/Developer/Xcode/DerivedData/shigodeki-fkaeotsqybievcdjwhonrrgqyvla/Build/Intermediates.noindex/GTMSessionFetcher.build/Debug-iphonesimulator/GTMSessionFetcher_GTMSessionFetcherCore.build/empty-GTMSessionFetcher_GTMSessionFetcherCore.plist (in target 'GTMSessionFetcher_GTMSessionFetcherCore' from project 'GTMSessionFetcher')
    cd /Users/delaxstudio/Library/Developer/Xcode/DerivedData/shigodeki-fkaeotsqybievcdjwhonrrgqyvla/SourcePackages/checkouts/gtm-session-fetcher
    builtin-infoPlistUtility /Users/delaxstudio/Library/Developer/Xcode/DerivedData/shigodeki-fkaeotsqybievcdjwhonrrgqyvla/Build/Intermediates.noindex/GTMSessionFetcher.build/Debug-iphonesimulator/GTMSessionFetcher_GTMSessionFetcherCore.build/empty-GTMSessionFetcher_GTMSessionFetcherCore.plist -producttype com.apple.product-type.bundle -expandbuildsettings -format binary -platform iphonesimulator -o /Users/delaxstudio/Library/Developer/Xcode/DerivedData/shigodeki-fkaeotsqybievcdjwhonrrgqyvla/Build/Products/Debug-iphonesimulator/GTMSessionFetcher_GTMSessionFetcherCore.bundle/Info.plist

ProcessInfoPlistFile /Users/delaxstudio/Library/Developer/Xcode/DerivedData/shigodeki-fkaeotsqybievcdjwhonrrgqyvla/Build/Products/Debug-iphonesimulator/GoogleUtilities_GoogleUtilities-NSData.bundle/Info.plist /Users/delaxstudio/Library/Developer/Xcode/DerivedData/shigodeki-fkaeotsqybievcdjwhonrrgqyvla/Build/Intermediates.noindex/GoogleUtilities.build/Debug-iphonesimulator/GoogleUtilities_GoogleUtilities-NSData.build/empty-GoogleUtilities_GoogleUtilities-NSData.plist (in target 'GoogleUtilities_GoogleUtilities-NSData' from project 'GoogleUtilities')
    cd /Users/delaxstudio/Library/Developer/Xcode/DerivedData/shigodeki-fkaeotsqybievcdjwhonrrgqyvla/SourcePackages/checkouts/GoogleUtilities
    builtin-infoPlistUtility /Users/delaxstudio/Library/Developer/Xcode/DerivedData/shigodeki-fkaeotsqybievcdjwhonrrgqyvla/Build/Intermediates.noindex/GoogleUtilities.build/Debug-iphonesimulator/GoogleUtilities_GoogleUtilities-NSData.build/empty-GoogleUtilities_GoogleUtilities-NSData.plist -producttype com.apple.product-type.bundle -expandbuildsettings -format binary -platform iphonesimulator -o /Users/delaxstudio/Library/Developer/Xcode/DerivedData/shigodeki-fkaeotsqybievcdjwhonrrgqyvla/Build/Products/Debug-iphonesimulator/GoogleUtilities_GoogleUtilities-NSData.bundle/Info.plist

ProcessInfoPlistFile /Users/delaxstudio/Library/Developer/Xcode/DerivedData/shigodeki-fkaeotsqybievcdjwhonrrgqyvla/Build/Products/Debug-iphonesimulator/Firebase_FirebaseFirestore.bundle/Info.plist /Users/delaxstudio/Library/Developer/Xcode/DerivedData/shigodeki-fkaeotsqybievcdjwhonrrgqyvla/Build/Intermediates.noindex/Firebase.build/Debug-iphonesimulator/Firebase_FirebaseFirestore.build/empty-Firebase_FirebaseFirestore.plist (in target 'Firebase_FirebaseFirestore' from project 'Firebase')
    cd /Users/delaxstudio/Library/Developer/Xcode/DerivedData/shigodeki-fkaeotsqybievcdjwhonrrgqyvla/SourcePackages/checkouts/firebase-ios-sdk
    builtin-infoPlistUtility /Users/delaxstudio/Library/Developer/Xcode/DerivedData/shigodeki-fkaeotsqybievcdjwhonrrgqyvla/Build/Intermediates.noindex/Firebase.build/Debug-iphonesimulator/Firebase_FirebaseFirestore.build/empty-Firebase_FirebaseFirestore.plist -producttype com.apple.product-type.bundle -expandbuildsettings -format binary -platform iphonesimulator -o /Users/delaxstudio/Library/Developer/Xcode/DerivedData/shigodeki-fkaeotsqybievcdjwhonrrgqyvla/Build/Products/Debug-iphonesimulator/Firebase_FirebaseFirestore.bundle/Info.plist

ProcessInfoPlistFile /Users/delaxstudio/Library/Developer/Xcode/DerivedData/shigodeki-fkaeotsqybievcdjwhonrrgqyvla/Build/Products/Debug-iphonesimulator/Firebase_FirebaseCore.bundle/Info.plist /Users/delaxstudio/Library/Developer/Xcode/DerivedData/shigodeki-fkaeotsqybievcdjwhonrrgqyvla/Build/Intermediates.noindex/Firebase.build/Debug-iphonesimulator/Firebase_FirebaseCore.build/empty-Firebase_FirebaseCore.plist (in target 'Firebase_FirebaseCore' from project 'Firebase')
    cd /Users/delaxstudio/Library/Developer/Xcode/DerivedData/shigodeki-fkaeotsqybievcdjwhonrrgqyvla/SourcePackages/checkouts/firebase-ios-sdk
    builtin-infoPlistUtility /Users/delaxstudio/Library/Developer/Xcode/DerivedData/shigodeki-fkaeotsqybievcdjwhonrrgqyvla/Build/Intermediates.noindex/Firebase.build/Debug-iphonesimulator/Firebase_FirebaseCore.build/empty-Firebase_FirebaseCore.plist -producttype com.apple.product-type.bundle -expandbuildsettings -format binary -platform iphonesimulator -o /Users/delaxstudio/Library/Developer/Xcode/DerivedData/shigodeki-fkaeotsqybievcdjwhonrrgqyvla/Build/Products/Debug-iphonesimulator/Firebase_FirebaseCore.bundle/Info.plist

ProcessInfoPlistFile /Users/delaxstudio/Library/Developer/Xcode/DerivedData/shigodeki-fkaeotsqybievcdjwhonrrgqyvla/Build/Products/Debug-iphonesimulator/GoogleUtilities_GoogleUtilities-Network.bundle/Info.plist /Users/delaxstudio/Library/Developer/Xcode/DerivedData/shigodeki-fkaeotsqybievcdjwhonrrgqyvla/Build/Intermediates.noindex/GoogleUtilities.build/Debug-iphonesimulator/GoogleUtilities_GoogleUtilities-Network.build/empty-GoogleUtilities_GoogleUtilities-Network.plist (in target 'GoogleUtilities_GoogleUtilities-Network' from project 'GoogleUtilities')
    cd /Users/delaxstudio/Library/Developer/Xcode/DerivedData/shigodeki-fkaeotsqybievcdjwhonrrgqyvla/SourcePackages/checkouts/GoogleUtilities
    builtin-infoPlistUtility /Users/delaxstudio/Library/Developer/Xcode/DerivedData/shigodeki-fkaeotsqybievcdjwhonrrgqyvla/Build/Intermediates.noindex/GoogleUtilities.build/Debug-iphonesimulator/GoogleUtilities_GoogleUtilities-Network.build/empty-GoogleUtilities_GoogleUtilities-Network.plist -producttype com.apple.product-type.bundle -expandbuildsettings -format binary -platform iphonesimulator -o /Users/delaxstudio/Library/Developer/Xcode/DerivedData/shigodeki-fkaeotsqybievcdjwhonrrgqyvla/Build/Products/Debug-iphonesimulator/GoogleUtilities_GoogleUtilities-Network.bundle/Info.plist

ProcessInfoPlistFile /Users/delaxstudio/Library/Developer/Xcode/DerivedData/shigodeki-fkaeotsqybievcdjwhonrrgqyvla/Build/Products/Debug-iphonesimulator/abseil_abslWrapper.bundle/Info.plist /Users/delaxstudio/Library/Developer/Xcode/DerivedData/shigodeki-fkaeotsqybievcdjwhonrrgqyvla/Build/Intermediates.noindex/abseil.build/Debug-iphonesimulator/abseil_abslWrapper.build/empty-abseil_abslWrapper.plist (in target 'abseil_abslWrapper' from project 'abseil')
    cd /Users/delaxstudio/Library/Developer/Xcode/DerivedData/shigodeki-fkaeotsqybievcdjwhonrrgqyvla/SourcePackages/checkouts/abseil-cpp-binary
    builtin-infoPlistUtility /Users/delaxstudio/Library/Developer/Xcode/DerivedData/shigodeki-fkaeotsqybievcdjwhonrrgqyvla/Build/Intermediates.noindex/abseil.build/Debug-iphonesimulator/abseil_abslWrapper.build/empty-abseil_abslWrapper.plist -producttype com.apple.product-type.bundle -expandbuildsettings -format binary -platform iphonesimulator -o /Users/delaxstudio/Library/Developer/Xcode/DerivedData/shigodeki-fkaeotsqybievcdjwhonrrgqyvla/Build/Products/Debug-iphonesimulator/abseil_abslWrapper.bundle/Info.plist

ProcessInfoPlistFile /Users/delaxstudio/Library/Developer/Xcode/DerivedData/shigodeki-fkaeotsqybievcdjwhonrrgqyvla/Build/Products/Debug-iphonesimulator/GoogleUtilities_GoogleUtilities-Reachability.bundle/Info.plist /Users/delaxstudio/Library/Developer/Xcode/DerivedData/shigodeki-fkaeotsqybievcdjwhonrrgqyvla/Build/Intermediates.noindex/GoogleUtilities.build/Debug-iphonesimulator/GoogleUtilities_GoogleUtilities-Reachability.build/empty-GoogleUtilities_GoogleUtilities-Reachability.plist (in target 'GoogleUtilities_GoogleUtilities-Reachability' from project 'GoogleUtilities')
    cd /Users/delaxstudio/Library/Developer/Xcode/DerivedData/shigodeki-fkaeotsqybievcdjwhonrrgqyvla/SourcePackages/checkouts/GoogleUtilities
    builtin-infoPlistUtility /Users/delaxstudio/Library/Developer/Xcode/DerivedData/shigodeki-fkaeotsqybievcdjwhonrrgqyvla/Build/Intermediates.noindex/GoogleUtilities.build/Debug-iphonesimulator/GoogleUtilities_GoogleUtilities-Reachability.build/empty-GoogleUtilities_GoogleUtilities-Reachability.plist -producttype com.apple.product-type.bundle -expandbuildsettings -format binary -platform iphonesimulator -o /Users/delaxstudio/Library/Developer/Xcode/DerivedData/shigodeki-fkaeotsqybievcdjwhonrrgqyvla/Build/Products/Debug-iphonesimulator/GoogleUtilities_GoogleUtilities-Reachability.bundle/Info.plist

ProcessInfoPlistFile /Users/delaxstudio/Library/Developer/Xcode/DerivedData/shigodeki-fkaeotsqybievcdjwhonrrgqyvla/Build/Products/Debug-iphonesimulator/gRPC_grpcppWrapper.bundle/Info.plist /Users/delaxstudio/Library/Developer/Xcode/DerivedData/shigodeki-fkaeotsqybievcdjwhonrrgqyvla/Build/Intermediates.noindex/gRPC.build/Debug-iphonesimulator/gRPC_grpcppWrapper.build/empty-gRPC_grpcppWrapper.plist (in target 'gRPC_grpcppWrapper' from project 'gRPC')
    cd /Users/delaxstudio/Library/Developer/Xcode/DerivedData/shigodeki-fkaeotsqybievcdjwhonrrgqyvla/SourcePackages/checkouts/grpc-binary
    builtin-infoPlistUtility /Users/delaxstudio/Library/Developer/Xcode/DerivedData/shigodeki-fkaeotsqybievcdjwhonrrgqyvla/Build/Intermediates.noindex/gRPC.build/Debug-iphonesimulator/gRPC_grpcppWrapper.build/empty-gRPC_grpcppWrapper.plist -producttype com.apple.product-type.bundle -expandbuildsettings -format binary -platform iphonesimulator -o /Users/delaxstudio/Library/Developer/Xcode/DerivedData/shigodeki-fkaeotsqybievcdjwhonrrgqyvla/Build/Products/Debug-iphonesimulator/gRPC_grpcppWrapper.bundle/Info.plist

ProcessInfoPlistFile /Users/delaxstudio/Library/Developer/Xcode/DerivedData/shigodeki-fkaeotsqybievcdjwhonrrgqyvla/Build/Products/Debug-iphonesimulator/gRPC_grpcWrapper.bundle/Info.plist /Users/delaxstudio/Library/Developer/Xcode/DerivedData/shigodeki-fkaeotsqybievcdjwhonrrgqyvla/Build/Intermediates.noindex/gRPC.build/Debug-iphonesimulator/gRPC_grpcWrapper.build/empty-gRPC_grpcWrapper.plist (in target 'gRPC_grpcWrapper' from project 'gRPC')
    cd /Users/delaxstudio/Library/Developer/Xcode/DerivedData/shigodeki-fkaeotsqybievcdjwhonrrgqyvla/SourcePackages/checkouts/grpc-binary
    builtin-infoPlistUtility /Users/delaxstudio/Library/Developer/Xcode/DerivedData/shigodeki-fkaeotsqybievcdjwhonrrgqyvla/Build/Intermediates.noindex/gRPC.build/Debug-iphonesimulator/gRPC_grpcWrapper.build/empty-gRPC_grpcWrapper.plist -producttype com.apple.product-type.bundle -expandbuildsettings -format binary -platform iphonesimulator -o /Users/delaxstudio/Library/Developer/Xcode/DerivedData/shigodeki-fkaeotsqybievcdjwhonrrgqyvla/Build/Products/Debug-iphonesimulator/gRPC_grpcWrapper.bundle/Info.plist

ProcessInfoPlistFile /Users/delaxstudio/Library/Developer/Xcode/DerivedData/shigodeki-fkaeotsqybievcdjwhonrrgqyvla/Build/Products/Debug-iphonesimulator/leveldb_leveldb.bundle/Info.plist /Users/delaxstudio/Library/Developer/Xcode/DerivedData/shigodeki-fkaeotsqybievcdjwhonrrgqyvla/Build/Intermediates.noindex/leveldb.build/Debug-iphonesimulator/leveldb_leveldb.build/empty-leveldb_leveldb.plist (in target 'leveldb_leveldb' from project 'leveldb')
    cd /Users/delaxstudio/Library/Developer/Xcode/DerivedData/shigodeki-fkaeotsqybievcdjwhonrrgqyvla/SourcePackages/checkouts/leveldb
    builtin-infoPlistUtility /Users/delaxstudio/Library/Developer/Xcode/DerivedData/shigodeki-fkaeotsqybievcdjwhonrrgqyvla/Build/Intermediates.noindex/leveldb.build/Debug-iphonesimulator/leveldb_leveldb.build/empty-leveldb_leveldb.plist -producttype com.apple.product-type.bundle -expandbuildsettings -format binary -platform iphonesimulator -o /Users/delaxstudio/Library/Developer/Xcode/DerivedData/shigodeki-fkaeotsqybievcdjwhonrrgqyvla/Build/Products/Debug-iphonesimulator/leveldb_leveldb.bundle/Info.plist

ProcessInfoPlistFile /Users/delaxstudio/Library/Developer/Xcode/DerivedData/shigodeki-fkaeotsqybievcdjwhonrrgqyvla/Build/Products/Debug-iphonesimulator/Firebase_FirebaseAuth.bundle/Info.plist /Users/delaxstudio/Library/Developer/Xcode/DerivedData/shigodeki-fkaeotsqybievcdjwhonrrgqyvla/Build/Intermediates.noindex/Firebase.build/Debug-iphonesimulator/Firebase_FirebaseAuth.build/empty-Firebase_FirebaseAuth.plist (in target 'Firebase_FirebaseAuth' from project 'Firebase')
    cd /Users/delaxstudio/Library/Developer/Xcode/DerivedData/shigodeki-fkaeotsqybievcdjwhonrrgqyvla/SourcePackages/checkouts/firebase-ios-sdk
    builtin-infoPlistUtility /Users/delaxstudio/Library/Developer/Xcode/DerivedData/shigodeki-fkaeotsqybievcdjwhonrrgqyvla/Build/Intermediates.noindex/Firebase.build/Debug-iphonesimulator/Firebase_FirebaseAuth.build/empty-Firebase_FirebaseAuth.plist -producttype com.apple.product-type.bundle -expandbuildsettings -format binary -platform iphonesimulator -o /Users/delaxstudio/Library/Developer/Xcode/DerivedData/shigodeki-fkaeotsqybievcdjwhonrrgqyvla/Build/Products/Debug-iphonesimulator/Firebase_FirebaseAuth.bundle/Info.plist

ProcessInfoPlistFile /Users/delaxstudio/Library/Developer/Xcode/DerivedData/shigodeki-fkaeotsqybievcdjwhonrrgqyvla/Build/Products/Debug-iphonesimulator/gRPC_opensslWrapper.bundle/Info.plist /Users/delaxstudio/Library/Developer/Xcode/DerivedData/shigodeki-fkaeotsqybievcdjwhonrrgqyvla/Build/Intermediates.noindex/gRPC.build/Debug-iphonesimulator/gRPC_opensslWrapper.build/empty-gRPC_opensslWrapper.plist (in target 'gRPC_opensslWrapper' from project 'gRPC')
    cd /Users/delaxstudio/Library/Developer/Xcode/DerivedData/shigodeki-fkaeotsqybievcdjwhonrrgqyvla/SourcePackages/checkouts/grpc-binary
    builtin-infoPlistUtility /Users/delaxstudio/Library/Developer/Xcode/DerivedData/shigodeki-fkaeotsqybievcdjwhonrrgqyvla/Build/Intermediates.noindex/gRPC.build/Debug-iphonesimulator/gRPC_opensslWrapper.build/empty-gRPC_opensslWrapper.plist -producttype com.apple.product-type.bundle -expandbuildsettings -format binary -platform iphonesimulator -o /Users/delaxstudio/Library/Developer/Xcode/DerivedData/shigodeki-fkaeotsqybievcdjwhonrrgqyvla/Build/Products/Debug-iphonesimulator/gRPC_opensslWrapper.bundle/Info.plist

ProcessInfoPlistFile /Users/delaxstudio/Library/Developer/Xcode/DerivedData/shigodeki-fkaeotsqybievcdjwhonrrgqyvla/Build/Products/Debug-iphonesimulator/nanopb_nanopb.bundle/Info.plist /Users/delaxstudio/Library/Developer/Xcode/DerivedData/shigodeki-fkaeotsqybievcdjwhonrrgqyvla/Build/Intermediates.noindex/nanopb.build/Debug-iphonesimulator/nanopb_nanopb.build/empty-nanopb_nanopb.plist (in target 'nanopb_nanopb' from project 'nanopb')
    cd /Users/delaxstudio/Library/Developer/Xcode/DerivedData/shigodeki-fkaeotsqybievcdjwhonrrgqyvla/SourcePackages/checkouts/nanopb
    builtin-infoPlistUtility /Users/delaxstudio/Library/Developer/Xcode/DerivedData/shigodeki-fkaeotsqybievcdjwhonrrgqyvla/Build/Intermediates.noindex/nanopb.build/Debug-iphonesimulator/nanopb_nanopb.build/empty-nanopb_nanopb.plist -producttype com.apple.product-type.bundle -expandbuildsettings -format binary -platform iphonesimulator -o /Users/delaxstudio/Library/Developer/Xcode/DerivedData/shigodeki-fkaeotsqybievcdjwhonrrgqyvla/Build/Products/Debug-iphonesimulator/nanopb_nanopb.bundle/Info.plist

note: Run script build phase 'Run Script' will be run during every build because the option to run the script phase "Based on dependency analysis" is unchecked. (in target 'shigodeki' from project 'shigodeki')
SwiftDriver shigodeki normal x86_64 com.apple.xcode.tools.swift.compiler (in target 'shigodeki' from project 'shigodeki')
    cd /Users/delaxstudio/src/shigodeki/iOS
    builtin-SwiftDriver -- /Applications/Xcode.app/Contents/Developer/Toolchains/XcodeDefault.xctoolchain/usr/bin/swiftc -module-name shigodeki -Onone -enforce-exclusivity\=checked @/Users/delaxstudio/Library/Developer/Xcode/DerivedData/shigodeki-fkaeotsqybievcdjwhonrrgqyvla/Build/Intermediates.noindex/shigodeki.build/Debug-iphonesimulator/shigodeki.build/Objects-normal/x86_64/shigodeki.SwiftFileList -DDEBUG -Xcc -fmodule-map-file\=/Users/delaxstudio/Library/Developer/Xcode/DerivedData/shigodeki-fkaeotsqybievcdjwhonrrgqyvla/Build/Intermediates.noindex/GeneratedModuleMaps-iphonesimulator/abslWrapper.modulemap -Xcc -fmodule-map-file\=/Users/delaxstudio/Library/Developer/Xcode/DerivedData/shigodeki-fkaeotsqybievcdjwhonrrgqyvla/Build/Intermediates.noindex/GeneratedModuleMaps-iphonesimulator/opensslWrapper.modulemap -Xcc -fmodule-map-file\=/Users/delaxstudio/Library/Developer/Xcode/DerivedData/shigodeki-fkaeotsqybievcdjwhonrrgqyvla/Build/Intermediates.noindex/GeneratedModuleMaps-iphonesimulator/grpcWrapper.modulemap -Xcc -fmodule-map-file\=/Users/delaxstudio/Library/Developer/Xcode/DerivedData/shigodeki-fkaeotsqybievcdjwhonrrgqyvla/Build/Intermediates.noindex/GeneratedModuleMaps-iphonesimulator/grpcppWrapper.modulemap -Xcc -fmodule-map-file\=/Users/delaxstudio/Library/Developer/Xcode/DerivedData/shigodeki-fkaeotsqybievcdjwhonrrgqyvla/Build/Intermediates.noindex/GeneratedModuleMaps-iphonesimulator/nanopb.modulemap -Xcc -fmodule-map-file\=/Users/delaxstudio/Library/Developer/Xcode/DerivedData/shigodeki-fkaeotsqybievcdjwhonrrgqyvla/Build/Intermediates.noindex/GeneratedModuleMaps-iphonesimulator/leveldb.modulemap -Xcc -fmodule-map-file\=/Users/delaxstudio/Library/Developer/Xcode/DerivedData/shigodeki-fkaeotsqybievcdjwhonrrgqyvla/Build/Intermediates.noindex/GeneratedModuleMaps-iphonesimulator/FirebaseFirestoreInternalWrapper.modulemap -Xcc -fmodule-map-file\=/Users/delaxstudio/Library/Developer/Xcode/DerivedData/shigodeki-fkaeotsqybievcdjwhonrrgqyvla/Build/Intermediates.noindex/GeneratedModuleMaps-iphonesimulator/FirebaseFirestoreTarget.modulemap -Xcc -fmodule-map-file\=/Users/delaxstudio/Library/Developer/Xcode/DerivedData/shigodeki-fkaeotsqybievcdjwhonrrgqyvla/Build/Intermediates.noindex/GeneratedModuleMaps-iphonesimulator/RecaptchaInterop.modulemap -Xcc -fmodule-map-file\=/Users/delaxstudio/Library/Developer/Xcode/DerivedData/shigodeki-fkaeotsqybievcdjwhonrrgqyvla/Build/Intermediates.noindex/GeneratedModuleMaps-iphonesimulator/GoogleUtilities-Network.modulemap -Xcc -fmodule-map-file\=/Users/delaxstudio/Library/Developer/Xcode/DerivedData/shigodeki-fkaeotsqybievcdjwhonrrgqyvla/Build/Intermediates.noindex/GeneratedModuleMaps-iphonesimulator/GoogleUtilities-Reachability.modulemap -Xcc -fmodule-map-file\=/Users/delaxstudio/Library/Developer/Xcode/DerivedData/shigodeki-fkaeotsqybievcdjwhonrrgqyvla/Build/Intermediates.noindex/GeneratedModuleMaps-iphonesimulator/GoogleUtilities-NSData.modulemap -Xcc -fmodule-map-file\=/Users/delaxstudio/Library/Developer/Xcode/DerivedData/shigodeki-fkaeotsqybievcdjwhonrrgqyvla/Build/Intermediates.noindex/GeneratedModuleMaps-iphonesimulator/GoogleUtilities-Logger.modulemap -Xcc -fmodule-map-file\=/Users/delaxstudio/Library/Developer/Xcode/DerivedData/shigodeki-fkaeotsqybievcdjwhonrrgqyvla/Build/Intermediates.noindex/GeneratedModuleMaps-iphonesimulator/GoogleUtilities-Environment.modulemap -Xcc -fmodule-map-file\=/Users/delaxstudio/Library/Developer/Xcode/DerivedData/shigodeki-fkaeotsqybievcdjwhonrrgqyvla/Build/Intermediates.noindex/GeneratedModuleMaps-iphonesimulator/third-party-IsAppEncrypted.modulemap -Xcc -fmodule-map-file\=/Users/delaxstudio/Library/Developer/Xcode/DerivedData/shigodeki-fkaeotsqybievcdjwhonrrgqyvla/Build/Intermediates.noindex/GeneratedModuleMaps-iphonesimulator/GoogleUtilities-AppDelegateSwizzler.modulemap -Xcc -fmodule-map-file\=/Users/delaxstudio/Library/Developer/Xcode/DerivedData/shigodeki-fkaeotsqybievcdjwhonrrgqyvla/Build/Intermediates.noindex/GeneratedModuleMaps-iphonesimulator/GTMSessionFetcherCore.modulemap -Xcc -fmodule-map-file\=/Users/delaxstudio/Library/Developer/Xcode/DerivedData/shigodeki-fkaeotsqybievcdjwhonrrgqyvla/Build/Intermediates.noindex/GeneratedModuleMaps-iphonesimulator/FirebaseCoreExtension.modulemap -Xcc -fmodule-map-file\=/Users/delaxstudio/Library/Developer/Xcode/DerivedData/shigodeki-fkaeotsqybievcdjwhonrrgqyvla/Build/Intermediates.noindex/GeneratedModuleMaps-iphonesimulator/FirebaseCore.modulemap -Xcc -fmodule-map-file\=/Users/delaxstudio/Library/Developer/Xcode/DerivedData/shigodeki-fkaeotsqybievcdjwhonrrgqyvla/Build/Intermediates.noindex/GeneratedModuleMaps-iphonesimulator/FirebaseAuthInternal.modulemap -Xcc -fmodule-map-file\=/Users/delaxstudio/Library/Developer/Xcode/DerivedData/shigodeki-fkaeotsqybievcdjwhonrrgqyvla/Build/Intermediates.noindex/GeneratedModuleMaps-iphonesimulator/FirebaseAuthInterop.modulemap -Xcc -fmodule-map-file\=/Users/delaxstudio/Library/Developer/Xcode/DerivedData/shigodeki-fkaeotsqybievcdjwhonrrgqyvla/Build/Intermediates.noindex/GeneratedModuleMaps-iphonesimulator/FirebaseAppCheckInterop.modulemap -enable-bare-slash-regex -enable-experimental-feature DebugDescriptionMacro -sdk /Applications/Xcode.app/Contents/Developer/Platforms/iPhoneSimulator.platform/Developer/SDKs/iPhoneSimulator26.2.sdk -target x86_64-apple-ios18.5-simulator -g -module-cache-path /Users/delaxstudio/Library/Developer/Xcode/DerivedData/ModuleCache.noindex -Xfrontend -serialize-debugging-options -enable-testing -index-store-path /Users/delaxstudio/Library/Developer/Xcode/DerivedData/shigodeki-fkaeotsqybievcdjwhonrrgqyvla/Index.noindex/DataStore -Xcc -D_LIBCPP_HARDENING_MODE\=_LIBCPP_HARDENING_MODE_DEBUG -swift-version 5 -I /Users/delaxstudio/Library/Developer/Xcode/DerivedData/shigodeki-fkaeotsqybievcdjwhonrrgqyvla/Build/Products/Debug-iphonesimulator -F /Users/delaxstudio/Library/Developer/Xcode/DerivedData/shigodeki-fkaeotsqybievcdjwhonrrgqyvla/Build/Products/Debug-iphonesimulator/PackageFrameworks -F /Users/delaxstudio/Library/Developer/Xcode/DerivedData/shigodeki-fkaeotsqybievcdjwhonrrgqyvla/Build/Products/Debug-iphonesimulator/PackageFrameworks -F /Users/delaxstudio/Library/Developer/Xcode/DerivedData/shigodeki-fkaeotsqybievcdjwhonrrgqyvla/Build/Products/Debug-iphonesimulator/PackageFrameworks -F /Users/delaxstudio/Library/Developer/Xcode/DerivedData/shigodeki-fkaeotsqybievcdjwhonrrgqyvla/Build/Products/Debug-iphonesimulator/PackageFrameworks -F /Users/delaxstudio/Library/Developer/Xcode/DerivedData/shigodeki-fkaeotsqybievcdjwhonrrgqyvla/Build/Products/Debug-iphonesimulator/PackageFrameworks -F /Users/delaxstudio/Library/Developer/Xcode/DerivedData/shigodeki-fkaeotsqybievcdjwhonrrgqyvla/Build/Products/Debug-iphonesimulator/PackageFrameworks -F /Users/delaxstudio/Library/Developer/Xcode/DerivedData/shigodeki-fkaeotsqybievcdjwhonrrgqyvla/Build/Products/Debug-iphonesimulator/PackageFrameworks -F /Users/delaxstudio/Library/Developer/Xcode/DerivedData/shigodeki-fkaeotsqybievcdjwhonrrgqyvla/Build/Products/Debug-iphonesimulator/PackageFrameworks -F /Users/delaxstudio/Library/Developer/Xcode/DerivedData/shigodeki-fkaeotsqybievcdjwhonrrgqyvla/Build/Products/Debug-iphonesimulator/PackageFrameworks -F /Users/delaxstudio/Library/Developer/Xcode/DerivedData/shigodeki-fkaeotsqybievcdjwhonrrgqyvla/Build/Products/Debug-iphonesimulator/PackageFrameworks -F /Users/delaxstudio/Library/Developer/Xcode/DerivedData/shigodeki-fkaeotsqybievcdjwhonrrgqyvla/Build/Products/Debug-iphonesimulator/PackageFrameworks -F /Users/delaxstudio/Library/Developer/Xcode/DerivedData/shigodeki-fkaeotsqybievcdjwhonrrgqyvla/Build/Products/Debug-iphonesimulator/PackageFrameworks -F /Users/delaxstudio/Library/Developer/Xcode/DerivedData/shigodeki-fkaeotsqybievcdjwhonrrgqyvla/Build/Products/Debug-iphonesimulator/PackageFrameworks -F /Users/delaxstudio/Library/Developer/Xcode/DerivedData/shigodeki-fkaeotsqybievcdjwhonrrgqyvla/Build/Products/Debug-iphonesimulator/PackageFrameworks -F /Users/delaxstudio/Library/Developer/Xcode/DerivedData/shigodeki-fkaeotsqybievcdjwhonrrgqyvla/Build/Products/Debug-iphonesimulator/PackageFrameworks -F /Users/delaxstudio/Library/Developer/Xcode/DerivedData/shigodeki-fkaeotsqybievcdjwhonrrgqyvla/Build/Products/Debug-iphonesimulator/PackageFrameworks -F /Users/delaxstudio/Library/Developer/Xcode/DerivedData/shigodeki-fkaeotsqybievcdjwhonrrgqyvla/Build/Products/Debug-iphonesimulator/PackageFrameworks -F /Users/delaxstudio/Library/Developer/Xcode/DerivedData/shigodeki-fkaeotsqybievcdjwhonrrgqyvla/Build/Products/Debug-iphonesimulator/PackageFrameworks -F /Users/delaxstudio/Library/Developer/Xcode/DerivedData/shigodeki-fkaeotsqybievcdjwhonrrgqyvla/Build/Products/Debug-iphonesimulator/PackageFrameworks -F /Users/delaxstudio/Library/Developer/Xcode/DerivedData/shigodeki-fkaeotsqybievcdjwhonrrgqyvla/Build/Products/Debug-iphonesimulator/PackageFrameworks -F /Users/delaxstudio/Library/Developer/Xcode/DerivedData/shigodeki-fkaeotsqybievcdjwhonrrgqyvla/Build/Products/Debug-iphonesimulator/PackageFrameworks -F /Users/delaxstudio/Library/Developer/Xcode/DerivedData/shigodeki-fkaeotsqybievcdjwhonrrgqyvla/Build/Products/Debug-iphonesimulator/PackageFrameworks -F /Users/delaxstudio/Library/Developer/Xcode/DerivedData/shigodeki-fkaeotsqybievcdjwhonrrgqyvla/Build/Products/Debug-iphonesimulator/PackageFrameworks -F /Users/delaxstudio/Library/Developer/Xcode/DerivedData/shigodeki-fkaeotsqybievcdjwhonrrgqyvla/Build/Products/Debug-iphonesimulator/PackageFrameworks -F /Users/delaxstudio/Library/Developer/Xcode/DerivedData/shigodeki-fkaeotsqybievcdjwhonrrgqyvla/Build/Products/Debug-iphonesimulator/PackageFrameworks -F /Users/delaxstudio/Library/Developer/Xcode/DerivedData/shigodeki-fkaeotsqybievcdjwhonrrgqyvla/Build/Products/Debug-iphonesimulator/PackageFrameworks -F /Users/delaxstudio/Library/Developer/Xcode/DerivedData/shigodeki-fkaeotsqybievcdjwhonrrgqyvla/Build/Products/Debug-iphonesimulator/PackageFrameworks -F /Users/delaxstudio/Library/Developer/Xcode/DerivedData/shigodeki-fkaeotsqybievcdjwhonrrgqyvla/Build/Products/Debug-iphonesimulator/PackageFrameworks -F /Users/delaxstudio/Library/Developer/Xcode/DerivedData/shigodeki-fkaeotsqybievcdjwhonrrgqyvla/Build/Products/Debug-iphonesimulator -emit-localized-strings -emit-localized-strings-path /Users/delaxstudio/Library/Developer/Xcode/DerivedData/shigodeki-fkaeotsqybievcdjwhonrrgqyvla/Build/Intermediates.noindex/shigodeki.build/Debug-iphonesimulator/shigodeki.build/Objects-normal/x86_64 -c -j20 -enable-batch-mode -incremental -Xcc -ivfsstatcache -Xcc /Users/delaxstudio/Library/Developer/Xcode/DerivedData/SDKStatCaches.noindex/iphonesimulator26.2-23C53-7d00a8b37fbd7999ea79df8ebc024bf0.sdkstatcache -output-file-map /Users/delaxstudio/Library/Developer/Xcode/DerivedData/shigodeki-fkaeotsqybievcdjwhonrrgqyvla/Build/Intermediates.noindex/shigodeki.build/Debug-iphonesimulator/shigodeki.build/Objects-normal/x86_64/shigodeki-OutputFileMap.json -use-frontend-parseable-output -save-temps -no-color-diagnostics -explicit-module-build -module-cache-path /Users/delaxstudio/Library/Developer/Xcode/DerivedData/shigodeki-fkaeotsqybievcdjwhonrrgqyvla/Build/Intermediates.noindex/SwiftExplicitPrecompiledModules -clang-scanner-module-cache-path /Users/delaxstudio/Library/Developer/Xcode/DerivedData/ModuleCache.noindex -sdk-module-cache-path /Users/delaxstudio/Library/Developer/Xcode/DerivedData/ModuleCache.noindex -serialize-diagnostics -emit-dependencies -emit-module -emit-module-path /Users/delaxstudio/Library/Developer/Xcode/DerivedData/shigodeki-fkaeotsqybievcdjwhonrrgqyvla/Build/Intermediates.noindex/shigodeki.build/Debug-iphonesimulator/shigodeki.build/Objects-normal/x86_64/shigodeki.swiftmodule -validate-clang-modules-once -clang-build-session-file /Users/delaxstudio/Library/Developer/Xcode/DerivedData/ModuleCache.noindex/Session.modulevalidation -Xcc -I/Users/delaxstudio/Library/Developer/Xcode/DerivedData/shigodeki-fkaeotsqybievcdjwhonrrgqyvla/Build/Intermediates.noindex/shigodeki.build/Debug-iphonesimulator/shigodeki.build/swift-overrides.hmap -emit-const-values -Xfrontend -const-gather-protocols-file -Xfrontend /Users/delaxstudio/Library/Developer/Xcode/DerivedData/shigodeki-fkaeotsqybievcdjwhonrrgqyvla/Build/Intermediates.noindex/shigodeki.build/Debug-iphonesimulator/shigodeki.build/Objects-normal/x86_64/shigodeki_const_extract_protocols.json -Xcc -iquote -Xcc /Users/delaxstudio/Library/Developer/Xcode/DerivedData/shigodeki-fkaeotsqybievcdjwhonrrgqyvla/Build/Intermediates.noindex/shigodeki.build/Debug-iphonesimulator/shigodeki.build/shigodeki-generated-files.hmap -Xcc -I/Users/delaxstudio/Library/Developer/Xcode/DerivedData/shigodeki-fkaeotsqybievcdjwhonrrgqyvla/Build/Intermediates.noindex/shigodeki.build/Debug-iphonesimulator/shigodeki.build/shigodeki-own-target-headers.hmap -Xcc -I/Users/delaxstudio/Library/Developer/Xcode/DerivedData/shigodeki-fkaeotsqybievcdjwhonrrgqyvla/Build/Intermediates.noindex/shigodeki.build/Debug-iphonesimulator/shigodeki.build/shigodeki-all-non-framework-target-headers.hmap -Xcc -ivfsoverlay -Xcc /Users/delaxstudio/Library/Developer/Xcode/DerivedData/shigodeki-fkaeotsqybievcdjwhonrrgqyvla/Build/Intermediates.noindex/shigodeki.build/Debug-iphonesimulator/shigodeki-778cd99806b7a64fcaf3138ab8d360b6-VFS-iphonesimulator/all-product-headers.yaml -Xcc -iquote -Xcc /Users/delaxstudio/Library/Developer/Xcode/DerivedData/shigodeki-fkaeotsqybievcdjwhonrrgqyvla/Build/Intermediates.noindex/shigodeki.build/Debug-iphonesimulator/shigodeki.build/shigodeki-project-headers.hmap -Xcc -I/Users/delaxstudio/Library/Developer/Xcode/DerivedData/shigodeki-fkaeotsqybievcdjwhonrrgqyvla/SourcePackages/checkouts/abseil-cpp-binary/absl-Wrapper/include -Xcc -I/Users/delaxstudio/Library/Developer/Xcode/DerivedData/shigodeki-fkaeotsqybievcdjwhonrrgqyvla/SourcePackages/checkouts/grpc-binary/openssl-grpc-Wrapper/include -Xcc -I/Users/delaxstudio/Library/Developer/Xcode/DerivedData/shigodeki-fkaeotsqybievcdjwhonrrgqyvla/SourcePackages/checkouts/grpc-binary/grpc-Wrapper/include -Xcc -I/Users/delaxstudio/Library/Developer/Xcode/DerivedData/shigodeki-fkaeotsqybievcdjwhonrrgqyvla/SourcePackages/checkouts/grpc-binary/grpcpp-Wrapper/include -Xcc -I/Users/delaxstudio/Library/Developer/Xcode/DerivedData/shigodeki-fkaeotsqybievcdjwhonrrgqyvla/SourcePackages/checkouts/nanopb/spm_headers -Xcc -I/Users/delaxstudio/Library/Developer/Xcode/DerivedData/shigodeki-fkaeotsqybievcdjwhonrrgqyvla/SourcePackages/checkouts/leveldb/include -Xcc -I/Users/delaxstudio/Library/Developer/Xcode/DerivedData/shigodeki-fkaeotsqybievcdjwhonrrgqyvla/SourcePackages/checkouts/firebase-ios-sdk/FirebaseFirestoreInternal -Xcc -I/Users/delaxstudio/Library/Developer/Xcode/DerivedData/shigodeki-fkaeotsqybievcdjwhonrrgqyvla/SourcePackages/checkouts/firebase-ios-sdk/SwiftPM-PlatformExclude/FirebaseFirestoreWrap/include -Xcc -I/Users/delaxstudio/Library/Developer/Xcode/DerivedData/shigodeki-fkaeotsqybievcdjwhonrrgqyvla/SourcePackages/checkouts/interop-ios-for-google-sdks/RecaptchaEnterprise/RecaptchaInterop/Public -Xcc -I/Users/delaxstudio/Library/Developer/Xcode/DerivedData/shigodeki-fkaeotsqybievcdjwhonrrgqyvla/SourcePackages/checkouts/GoogleUtilities/GoogleUtilities/Network/Public -Xcc -I/Users/delaxstudio/Library/Developer/Xcode/DerivedData/shigodeki-fkaeotsqybievcdjwhonrrgqyvla/SourcePackages/checkouts/GoogleUtilities/GoogleUtilities/Reachability/Public -Xcc -I/Users/delaxstudio/Library/Developer/Xcode/DerivedData/shigodeki-fkaeotsqybievcdjwhonrrgqyvla/SourcePackages/checkouts/GoogleUtilities/GoogleUtilities/NSData+zlib/Public -Xcc -I/Users/delaxstudio/Library/Developer/Xcode/DerivedData/shigodeki-fkaeotsqybievcdjwhonrrgqyvla/SourcePackages/checkouts/GoogleUtilities/GoogleUtilities/Logger/Public -Xcc -I/Users/delaxstudio/Library/Developer/Xcode/DerivedData/shigodeki-fkaeotsqybievcdjwhonrrgqyvla/SourcePackages/checkouts/GoogleUtilities/GoogleUtilities/Environment/Public -Xcc -I/Users/delaxstudio/Library/Developer/Xcode/DerivedData/shigodeki-fkaeotsqybievcdjwhonrrgqyvla/SourcePackages/checkouts/GoogleUtilities/third_party/IsAppEncrypted/Public -Xcc -I/Users/delaxstudio/Library/Developer/Xcode/DerivedData/shigodeki-fkaeotsqybievcdjwhonrrgqyvla/SourcePackages/checkouts/GoogleUtilities/GoogleUtilities/AppDelegateSwizzler/Public -Xcc -I/Users/delaxstudio/Library/Developer/Xcode/DerivedData/shigodeki-fkaeotsqybievcdjwhonrrgqyvla/SourcePackages/checkouts/gtm-session-fetcher/Sources/Core/Public -Xcc -I/Users/delaxstudio/Library/Developer/Xcode/DerivedData/shigodeki-fkaeotsqybievcdjwhonrrgqyvla/SourcePackages/checkouts/firebase-ios-sdk/FirebaseCore/Extension -Xcc -I/Users/delaxstudio/Library/Developer/Xcode/DerivedData/shigodeki-fkaeotsqybievcdjwhonrrgqyvla/SourcePackages/checkouts/firebase-ios-sdk/FirebaseCore/Sources/Public -Xcc -I/Users/delaxstudio/Library/Developer/Xcode/DerivedData/shigodeki-fkaeotsqybievcdjwhonrrgqyvla/SourcePackages/checkouts/firebase-ios-sdk/CoreOnly/Sources -Xcc -I/Users/delaxstudio/Library/Developer/Xcode/DerivedData/shigodeki-fkaeotsqybievcdjwhonrrgqyvla/SourcePackages/checkouts/firebase-ios-sdk/FirebaseAuth/Sources/Public -Xcc -I/Users/delaxstudio/Library/Developer/Xcode/DerivedData/shigodeki-fkaeotsqybievcdjwhonrrgqyvla/SourcePackages/checkouts/firebase-ios-sdk/FirebaseAuth/Interop/Public -Xcc -I/Users/delaxstudio/Library/Developer/Xcode/DerivedData/shigodeki-fkaeotsqybievcdjwhonrrgqyvla/SourcePackages/checkouts/firebase-ios-sdk/FirebaseAppCheck/Interop/Public -Xcc -I/Users/delaxstudio/Library/Developer/Xcode/DerivedData/shigodeki-fkaeotsqybievcdjwhonrrgqyvla/Build/Products/Debug-iphonesimulator/include -Xcc -I/Users/delaxstudio/Library/Developer/Xcode/DerivedData/shigodeki-fkaeotsqybievcdjwhonrrgqyvla/Build/Intermediates.noindex/shigodeki.build/Debug-iphonesimulator/shigodeki.build/DerivedSources-normal/x86_64 -Xcc -I/Users/delaxstudio/Library/Developer/Xcode/DerivedData/shigodeki-fkaeotsqybievcdjwhonrrgqyvla/Build/Intermediates.noindex/shigodeki.build/Debug-iphonesimulator/shigodeki.build/DerivedSources/x86_64 -Xcc -I/Users/delaxstudio/Library/Developer/Xcode/DerivedData/shigodeki-fkaeotsqybievcdjwhonrrgqyvla/Build/Intermediates.noindex/shigodeki.build/Debug-iphonesimulator/shigodeki.build/DerivedSources -Xcc -DDEBUG\=1 -emit-objc-header -emit-objc-header-path /Users/delaxstudio/Library/Developer/Xcode/DerivedData/shigodeki-fkaeotsqybievcdjwhonrrgqyvla/Build/Intermediates.noindex/shigodeki.build/Debug-iphonesimulator/shigodeki.build/Objects-normal/x86_64/shigodeki-Swift.h -working-directory /Users/delaxstudio/src/shigodeki/iOS -experimental-emit-module-separately -disable-cmo

SwiftDriver shigodeki normal arm64 com.apple.xcode.tools.swift.compiler (in target 'shigodeki' from project 'shigodeki')
    cd /Users/delaxstudio/src/shigodeki/iOS
    builtin-SwiftDriver -- /Applications/Xcode.app/Contents/Developer/Toolchains/XcodeDefault.xctoolchain/usr/bin/swiftc -module-name shigodeki -Onone -enforce-exclusivity\=checked @/Users/delaxstudio/Library/Developer/Xcode/DerivedData/shigodeki-fkaeotsqybievcdjwhonrrgqyvla/Build/Intermediates.noindex/shigodeki.build/Debug-iphonesimulator/shigodeki.build/Objects-normal/arm64/shigodeki.SwiftFileList -DDEBUG -Xcc -fmodule-map-file\=/Users/delaxstudio/Library/Developer/Xcode/DerivedData/shigodeki-fkaeotsqybievcdjwhonrrgqyvla/Build/Intermediates.noindex/GeneratedModuleMaps-iphonesimulator/abslWrapper.modulemap -Xcc -fmodule-map-file\=/Users/delaxstudio/Library/Developer/Xcode/DerivedData/shigodeki-fkaeotsqybievcdjwhonrrgqyvla/Build/Intermediates.noindex/GeneratedModuleMaps-iphonesimulator/opensslWrapper.modulemap -Xcc -fmodule-map-file\=/Users/delaxstudio/Library/Developer/Xcode/DerivedData/shigodeki-fkaeotsqybievcdjwhonrrgqyvla/Build/Intermediates.noindex/GeneratedModuleMaps-iphonesimulator/grpcWrapper.modulemap -Xcc -fmodule-map-file\=/Users/delaxstudio/Library/Developer/Xcode/DerivedData/shigodeki-fkaeotsqybievcdjwhonrrgqyvla/Build/Intermediates.noindex/GeneratedModuleMaps-iphonesimulator/grpcppWrapper.modulemap -Xcc -fmodule-map-file\=/Users/delaxstudio/Library/Developer/Xcode/DerivedData/shigodeki-fkaeotsqybievcdjwhonrrgqyvla/Build/Intermediates.noindex/GeneratedModuleMaps-iphonesimulator/nanopb.modulemap -Xcc -fmodule-map-file\=/Users/delaxstudio/Library/Developer/Xcode/DerivedData/shigodeki-fkaeotsqybievcdjwhonrrgqyvla/Build/Intermediates.noindex/GeneratedModuleMaps-iphonesimulator/leveldb.modulemap -Xcc -fmodule-map-file\=/Users/delaxstudio/Library/Developer/Xcode/DerivedData/shigodeki-fkaeotsqybievcdjwhonrrgqyvla/Build/Intermediates.noindex/GeneratedModuleMaps-iphonesimulator/FirebaseFirestoreInternalWrapper.modulemap -Xcc -fmodule-map-file\=/Users/delaxstudio/Library/Developer/Xcode/DerivedData/shigodeki-fkaeotsqybievcdjwhonrrgqyvla/Build/Intermediates.noindex/GeneratedModuleMaps-iphonesimulator/FirebaseFirestoreTarget.modulemap -Xcc -fmodule-map-file\=/Users/delaxstudio/Library/Developer/Xcode/DerivedData/shigodeki-fkaeotsqybievcdjwhonrrgqyvla/Build/Intermediates.noindex/GeneratedModuleMaps-iphonesimulator/RecaptchaInterop.modulemap -Xcc -fmodule-map-file\=/Users/delaxstudio/Library/Developer/Xcode/DerivedData/shigodeki-fkaeotsqybievcdjwhonrrgqyvla/Build/Intermediates.noindex/GeneratedModuleMaps-iphonesimulator/GoogleUtilities-Network.modulemap -Xcc -fmodule-map-file\=/Users/delaxstudio/Library/Developer/Xcode/DerivedData/shigodeki-fkaeotsqybievcdjwhonrrgqyvla/Build/Intermediates.noindex/GeneratedModuleMaps-iphonesimulator/GoogleUtilities-Reachability.modulemap -Xcc -fmodule-map-file\=/Users/delaxstudio/Library/Developer/Xcode/DerivedData/shigodeki-fkaeotsqybievcdjwhonrrgqyvla/Build/Intermediates.noindex/GeneratedModuleMaps-iphonesimulator/GoogleUtilities-NSData.modulemap -Xcc -fmodule-map-file\=/Users/delaxstudio/Library/Developer/Xcode/DerivedData/shigodeki-fkaeotsqybievcdjwhonrrgqyvla/Build/Intermediates.noindex/GeneratedModuleMaps-iphonesimulator/GoogleUtilities-Logger.modulemap -Xcc -fmodule-map-file\=/Users/delaxstudio/Library/Developer/Xcode/DerivedData/shigodeki-fkaeotsqybievcdjwhonrrgqyvla/Build/Intermediates.noindex/GeneratedModuleMaps-iphonesimulator/GoogleUtilities-Environment.modulemap -Xcc -fmodule-map-file\=/Users/delaxstudio/Library/Developer/Xcode/DerivedData/shigodeki-fkaeotsqybievcdjwhonrrgqyvla/Build/Intermediates.noindex/GeneratedModuleMaps-iphonesimulator/third-party-IsAppEncrypted.modulemap -Xcc -fmodule-map-file\=/Users/delaxstudio/Library/Developer/Xcode/DerivedData/shigodeki-fkaeotsqybievcdjwhonrrgqyvla/Build/Intermediates.noindex/GeneratedModuleMaps-iphonesimulator/GoogleUtilities-AppDelegateSwizzler.modulemap -Xcc -fmodule-map-file\=/Users/delaxstudio/Library/Developer/Xcode/DerivedData/shigodeki-fkaeotsqybievcdjwhonrrgqyvla/Build/Intermediates.noindex/GeneratedModuleMaps-iphonesimulator/GTMSessionFetcherCore.modulemap -Xcc -fmodule-map-file\=/Users/delaxstudio/Library/Developer/Xcode/DerivedData/shigodeki-fkaeotsqybievcdjwhonrrgqyvla/Build/Intermediates.noindex/GeneratedModuleMaps-iphonesimulator/FirebaseCoreExtension.modulemap -Xcc -fmodule-map-file\=/Users/delaxstudio/Library/Developer/Xcode/DerivedData/shigodeki-fkaeotsqybievcdjwhonrrgqyvla/Build/Intermediates.noindex/GeneratedModuleMaps-iphonesimulator/FirebaseCore.modulemap -Xcc -fmodule-map-file\=/Users/delaxstudio/Library/Developer/Xcode/DerivedData/shigodeki-fkaeotsqybievcdjwhonrrgqyvla/Build/Intermediates.noindex/GeneratedModuleMaps-iphonesimulator/FirebaseAuthInternal.modulemap -Xcc -fmodule-map-file\=/Users/delaxstudio/Library/Developer/Xcode/DerivedData/shigodeki-fkaeotsqybievcdjwhonrrgqyvla/Build/Intermediates.noindex/GeneratedModuleMaps-iphonesimulator/FirebaseAuthInterop.modulemap -Xcc -fmodule-map-file\=/Users/delaxstudio/Library/Developer/Xcode/DerivedData/shigodeki-fkaeotsqybievcdjwhonrrgqyvla/Build/Intermediates.noindex/GeneratedModuleMaps-iphonesimulator/FirebaseAppCheckInterop.modulemap -enable-bare-slash-regex -enable-experimental-feature DebugDescriptionMacro -sdk /Applications/Xcode.app/Contents/Developer/Platforms/iPhoneSimulator.platform/Developer/SDKs/iPhoneSimulator26.2.sdk -target arm64-apple-ios18.5-simulator -g -module-cache-path /Users/delaxstudio/Library/Developer/Xcode/DerivedData/ModuleCache.noindex -Xfrontend -serialize-debugging-options -enable-testing -index-store-path /Users/delaxstudio/Library/Developer/Xcode/DerivedData/shigodeki-fkaeotsqybievcdjwhonrrgqyvla/Index.noindex/DataStore -Xcc -D_LIBCPP_HARDENING_MODE\=_LIBCPP_HARDENING_MODE_DEBUG -swift-version 5 -I /Users/delaxstudio/Library/Developer/Xcode/DerivedData/shigodeki-fkaeotsqybievcdjwhonrrgqyvla/Build/Products/Debug-iphonesimulator -F /Users/delaxstudio/Library/Developer/Xcode/DerivedData/shigodeki-fkaeotsqybievcdjwhonrrgqyvla/Build/Products/Debug-iphonesimulator/PackageFrameworks -F /Users/delaxstudio/Library/Developer/Xcode/DerivedData/shigodeki-fkaeotsqybievcdjwhonrrgqyvla/Build/Products/Debug-iphonesimulator/PackageFrameworks -F /Users/delaxstudio/Library/Developer/Xcode/DerivedData/shigodeki-fkaeotsqybievcdjwhonrrgqyvla/Build/Products/Debug-iphonesimulator/PackageFrameworks -F /Users/delaxstudio/Library/Developer/Xcode/DerivedData/shigodeki-fkaeotsqybievcdjwhonrrgqyvla/Build/Products/Debug-iphonesimulator/PackageFrameworks -F /Users/delaxstudio/Library/Developer/Xcode/DerivedData/shigodeki-fkaeotsqybievcdjwhonrrgqyvla/Build/Products/Debug-iphonesimulator/PackageFrameworks -F /Users/delaxstudio/Library/Developer/Xcode/DerivedData/shigodeki-fkaeotsqybievcdjwhonrrgqyvla/Build/Products/Debug-iphonesimulator/PackageFrameworks -F /Users/delaxstudio/Library/Developer/Xcode/DerivedData/shigodeki-fkaeotsqybievcdjwhonrrgqyvla/Build/Products/Debug-iphonesimulator/PackageFrameworks -F /Users/delaxstudio/Library/Developer/Xcode/DerivedData/shigodeki-fkaeotsqybievcdjwhonrrgqyvla/Build/Products/Debug-iphonesimulator/PackageFrameworks -F /Users/delaxstudio/Library/Developer/Xcode/DerivedData/shigodeki-fkaeotsqybievcdjwhonrrgqyvla/Build/Products/Debug-iphonesimulator/PackageFrameworks -F /Users/delaxstudio/Library/Developer/Xcode/DerivedData/shigodeki-fkaeotsqybievcdjwhonrrgqyvla/Build/Products/Debug-iphonesimulator/PackageFrameworks -F /Users/delaxstudio/Library/Developer/Xcode/DerivedData/shigodeki-fkaeotsqybievcdjwhonrrgqyvla/Build/Products/Debug-iphonesimulator/PackageFrameworks -F /Users/delaxstudio/Library/Developer/Xcode/DerivedData/shigodeki-fkaeotsqybievcdjwhonrrgqyvla/Build/Products/Debug-iphonesimulator/PackageFrameworks -F /Users/delaxstudio/Library/Developer/Xcode/DerivedData/shigodeki-fkaeotsqybievcdjwhonrrgqyvla/Build/Products/Debug-iphonesimulator/PackageFrameworks -F /Users/delaxstudio/Library/Developer/Xcode/DerivedData/shigodeki-fkaeotsqybievcdjwhonrrgqyvla/Build/Products/Debug-iphonesimulator/PackageFrameworks -F /Users/delaxstudio/Library/Developer/Xcode/DerivedData/shigodeki-fkaeotsqybievcdjwhonrrgqyvla/Build/Products/Debug-iphonesimulator/PackageFrameworks -F /Users/delaxstudio/Library/Developer/Xcode/DerivedData/shigodeki-fkaeotsqybievcdjwhonrrgqyvla/Build/Products/Debug-iphonesimulator/PackageFrameworks -F /Users/delaxstudio/Library/Developer/Xcode/DerivedData/shigodeki-fkaeotsqybievcdjwhonrrgqyvla/Build/Products/Debug-iphonesimulator/PackageFrameworks -F /Users/delaxstudio/Library/Developer/Xcode/DerivedData/shigodeki-fkaeotsqybievcdjwhonrrgqyvla/Build/Products/Debug-iphonesimulator/PackageFrameworks -F /Users/delaxstudio/Library/Developer/Xcode/DerivedData/shigodeki-fkaeotsqybievcdjwhonrrgqyvla/Build/Products/Debug-iphonesimulator/PackageFrameworks -F /Users/delaxstudio/Library/Developer/Xcode/DerivedData/shigodeki-fkaeotsqybievcdjwhonrrgqyvla/Build/Products/Debug-iphonesimulator/PackageFrameworks -F /Users/delaxstudio/Library/Developer/Xcode/DerivedData/shigodeki-fkaeotsqybievcdjwhonrrgqyvla/Build/Products/Debug-iphonesimulator/PackageFrameworks -F /Users/delaxstudio/Library/Developer/Xcode/DerivedData/shigodeki-fkaeotsqybievcdjwhonrrgqyvla/Build/Products/Debug-iphonesimulator/PackageFrameworks -F /Users/delaxstudio/Library/Developer/Xcode/DerivedData/shigodeki-fkaeotsqybievcdjwhonrrgqyvla/Build/Products/Debug-iphonesimulator/PackageFrameworks -F /Users/delaxstudio/Library/Developer/Xcode/DerivedData/shigodeki-fkaeotsqybievcdjwhonrrgqyvla/Build/Products/Debug-iphonesimulator/PackageFrameworks -F /Users/delaxstudio/Library/Developer/Xcode/DerivedData/shigodeki-fkaeotsqybievcdjwhonrrgqyvla/Build/Products/Debug-iphonesimulator/PackageFrameworks -F /Users/delaxstudio/Library/Developer/Xcode/DerivedData/shigodeki-fkaeotsqybievcdjwhonrrgqyvla/Build/Products/Debug-iphonesimulator/PackageFrameworks -F /Users/delaxstudio/Library/Developer/Xcode/DerivedData/shigodeki-fkaeotsqybievcdjwhonrrgqyvla/Build/Products/Debug-iphonesimulator/PackageFrameworks -F /Users/delaxstudio/Library/Developer/Xcode/DerivedData/shigodeki-fkaeotsqybievcdjwhonrrgqyvla/Build/Products/Debug-iphonesimulator/PackageFrameworks -F /Users/delaxstudio/Library/Developer/Xcode/DerivedData/shigodeki-fkaeotsqybievcdjwhonrrgqyvla/Build/Products/Debug-iphonesimulator -emit-localized-strings -emit-localized-strings-path /Users/delaxstudio/Library/Developer/Xcode/DerivedData/shigodeki-fkaeotsqybievcdjwhonrrgqyvla/Build/Intermediates.noindex/shigodeki.build/Debug-iphonesimulator/shigodeki.build/Objects-normal/arm64 -c -j20 -enable-batch-mode -incremental -Xcc -ivfsstatcache -Xcc /Users/delaxstudio/Library/Developer/Xcode/DerivedData/SDKStatCaches.noindex/iphonesimulator26.2-23C53-7d00a8b37fbd7999ea79df8ebc024bf0.sdkstatcache -output-file-map /Users/delaxstudio/Library/Developer/Xcode/DerivedData/shigodeki-fkaeotsqybievcdjwhonrrgqyvla/Build/Intermediates.noindex/shigodeki.build/Debug-iphonesimulator/shigodeki.build/Objects-normal/arm64/shigodeki-OutputFileMap.json -use-frontend-parseable-output -save-temps -no-color-diagnostics -explicit-module-build -module-cache-path /Users/delaxstudio/Library/Developer/Xcode/DerivedData/shigodeki-fkaeotsqybievcdjwhonrrgqyvla/Build/Intermediates.noindex/SwiftExplicitPrecompiledModules -clang-scanner-module-cache-path /Users/delaxstudio/Library/Developer/Xcode/DerivedData/ModuleCache.noindex -sdk-module-cache-path /Users/delaxstudio/Library/Developer/Xcode/DerivedData/ModuleCache.noindex -serialize-diagnostics -emit-dependencies -emit-module -emit-module-path /Users/delaxstudio/Library/Developer/Xcode/DerivedData/shigodeki-fkaeotsqybievcdjwhonrrgqyvla/Build/Intermediates.noindex/shigodeki.build/Debug-iphonesimulator/shigodeki.build/Objects-normal/arm64/shigodeki.swiftmodule -validate-clang-modules-once -clang-build-session-file /Users/delaxstudio/Library/Developer/Xcode/DerivedData/ModuleCache.noindex/Session.modulevalidation -Xcc -I/Users/delaxstudio/Library/Developer/Xcode/DerivedData/shigodeki-fkaeotsqybievcdjwhonrrgqyvla/Build/Intermediates.noindex/shigodeki.build/Debug-iphonesimulator/shigodeki.build/swift-overrides.hmap -emit-const-values -Xfrontend -const-gather-protocols-file -Xfrontend /Users/delaxstudio/Library/Developer/Xcode/DerivedData/shigodeki-fkaeotsqybievcdjwhonrrgqyvla/Build/Intermediates.noindex/shigodeki.build/Debug-iphonesimulator/shigodeki.build/Objects-normal/arm64/shigodeki_const_extract_protocols.json -Xcc -iquote -Xcc /Users/delaxstudio/Library/Developer/Xcode/DerivedData/shigodeki-fkaeotsqybievcdjwhonrrgqyvla/Build/Intermediates.noindex/shigodeki.build/Debug-iphonesimulator/shigodeki.build/shigodeki-generated-files.hmap -Xcc -I/Users/delaxstudio/Library/Developer/Xcode/DerivedData/shigodeki-fkaeotsqybievcdjwhonrrgqyvla/Build/Intermediates.noindex/shigodeki.build/Debug-iphonesimulator/shigodeki.build/shigodeki-own-target-headers.hmap -Xcc -I/Users/delaxstudio/Library/Developer/Xcode/DerivedData/shigodeki-fkaeotsqybievcdjwhonrrgqyvla/Build/Intermediates.noindex/shigodeki.build/Debug-iphonesimulator/shigodeki.build/shigodeki-all-non-framework-target-headers.hmap -Xcc -ivfsoverlay -Xcc /Users/delaxstudio/Library/Developer/Xcode/DerivedData/shigodeki-fkaeotsqybievcdjwhonrrgqyvla/Build/Intermediates.noindex/shigodeki.build/Debug-iphonesimulator/shigodeki-778cd99806b7a64fcaf3138ab8d360b6-VFS-iphonesimulator/all-product-headers.yaml -Xcc -iquote -Xcc /Users/delaxstudio/Library/Developer/Xcode/DerivedData/shigodeki-fkaeotsqybievcdjwhonrrgqyvla/Build/Intermediates.noindex/shigodeki.build/Debug-iphonesimulator/shigodeki.build/shigodeki-project-headers.hmap -Xcc -I/Users/delaxstudio/Library/Developer/Xcode/DerivedData/shigodeki-fkaeotsqybievcdjwhonrrgqyvla/SourcePackages/checkouts/abseil-cpp-binary/absl-Wrapper/include -Xcc -I/Users/delaxstudio/Library/Developer/Xcode/DerivedData/shigodeki-fkaeotsqybievcdjwhonrrgqyvla/SourcePackages/checkouts/grpc-binary/openssl-grpc-Wrapper/include -Xcc -I/Users/delaxstudio/Library/Developer/Xcode/DerivedData/shigodeki-fkaeotsqybievcdjwhonrrgqyvla/SourcePackages/checkouts/grpc-binary/grpc-Wrapper/include -Xcc -I/Users/delaxstudio/Library/Developer/Xcode/DerivedData/shigodeki-fkaeotsqybievcdjwhonrrgqyvla/SourcePackages/checkouts/grpc-binary/grpcpp-Wrapper/include -Xcc -I/Users/delaxstudio/Library/Developer/Xcode/DerivedData/shigodeki-fkaeotsqybievcdjwhonrrgqyvla/SourcePackages/checkouts/nanopb/spm_headers -Xcc -I/Users/delaxstudio/Library/Developer/Xcode/DerivedData/shigodeki-fkaeotsqybievcdjwhonrrgqyvla/SourcePackages/checkouts/leveldb/include -Xcc -I/Users/delaxstudio/Library/Developer/Xcode/DerivedData/shigodeki-fkaeotsqybievcdjwhonrrgqyvla/SourcePackages/checkouts/firebase-ios-sdk/FirebaseFirestoreInternal -Xcc -I/Users/delaxstudio/Library/Developer/Xcode/DerivedData/shigodeki-fkaeotsqybievcdjwhonrrgqyvla/SourcePackages/checkouts/firebase-ios-sdk/SwiftPM-PlatformExclude/FirebaseFirestoreWrap/include -Xcc -I/Users/delaxstudio/Library/Developer/Xcode/DerivedData/shigodeki-fkaeotsqybievcdjwhonrrgqyvla/SourcePackages/checkouts/interop-ios-for-google-sdks/RecaptchaEnterprise/RecaptchaInterop/Public -Xcc -I/Users/delaxstudio/Library/Developer/Xcode/DerivedData/shigodeki-fkaeotsqybievcdjwhonrrgqyvla/SourcePackages/checkouts/GoogleUtilities/GoogleUtilities/Network/Public -Xcc -I/Users/delaxstudio/Library/Developer/Xcode/DerivedData/shigodeki-fkaeotsqybievcdjwhonrrgqyvla/SourcePackages/checkouts/GoogleUtilities/GoogleUtilities/Reachability/Public -Xcc -I/Users/delaxstudio/Library/Developer/Xcode/DerivedData/shigodeki-fkaeotsqybievcdjwhonrrgqyvla/SourcePackages/checkouts/GoogleUtilities/GoogleUtilities/NSData+zlib/Public -Xcc -I/Users/delaxstudio/Library/Developer/Xcode/DerivedData/shigodeki-fkaeotsqybievcdjwhonrrgqyvla/SourcePackages/checkouts/GoogleUtilities/GoogleUtilities/Logger/Public -Xcc -I/Users/delaxstudio/Library/Developer/Xcode/DerivedData/shigodeki-fkaeotsqybievcdjwhonrrgqyvla/SourcePackages/checkouts/GoogleUtilities/GoogleUtilities/Environment/Public -Xcc -I/Users/delaxstudio/Library/Developer/Xcode/DerivedData/shigodeki-fkaeotsqybievcdjwhonrrgqyvla/SourcePackages/checkouts/GoogleUtilities/third_party/IsAppEncrypted/Public -Xcc -I/Users/delaxstudio/Library/Developer/Xcode/DerivedData/shigodeki-fkaeotsqybievcdjwhonrrgqyvla/SourcePackages/checkouts/GoogleUtilities/GoogleUtilities/AppDelegateSwizzler/Public -Xcc -I/Users/delaxstudio/Library/Developer/Xcode/DerivedData/shigodeki-fkaeotsqybievcdjwhonrrgqyvla/SourcePackages/checkouts/gtm-session-fetcher/Sources/Core/Public -Xcc -I/Users/delaxstudio/Library/Developer/Xcode/DerivedData/shigodeki-fkaeotsqybievcdjwhonrrgqyvla/SourcePackages/checkouts/firebase-ios-sdk/FirebaseCore/Extension -Xcc -I/Users/delaxstudio/Library/Developer/Xcode/DerivedData/shigodeki-fkaeotsqybievcdjwhonrrgqyvla/SourcePackages/checkouts/firebase-ios-sdk/FirebaseCore/Sources/Public -Xcc -I/Users/delaxstudio/Library/Developer/Xcode/DerivedData/shigodeki-fkaeotsqybievcdjwhonrrgqyvla/SourcePackages/checkouts/firebase-ios-sdk/CoreOnly/Sources -Xcc -I/Users/delaxstudio/Library/Developer/Xcode/DerivedData/shigodeki-fkaeotsqybievcdjwhonrrgqyvla/SourcePackages/checkouts/firebase-ios-sdk/FirebaseAuth/Sources/Public -Xcc -I/Users/delaxstudio/Library/Developer/Xcode/DerivedData/shigodeki-fkaeotsqybievcdjwhonrrgqyvla/SourcePackages/checkouts/firebase-ios-sdk/FirebaseAuth/Interop/Public -Xcc -I/Users/delaxstudio/Library/Developer/Xcode/DerivedData/shigodeki-fkaeotsqybievcdjwhonrrgqyvla/SourcePackages/checkouts/firebase-ios-sdk/FirebaseAppCheck/Interop/Public -Xcc -I/Users/delaxstudio/Library/Developer/Xcode/DerivedData/shigodeki-fkaeotsqybievcdjwhonrrgqyvla/Build/Products/Debug-iphonesimulator/include -Xcc -I/Users/delaxstudio/Library/Developer/Xcode/DerivedData/shigodeki-fkaeotsqybievcdjwhonrrgqyvla/Build/Intermediates.noindex/shigodeki.build/Debug-iphonesimulator/shigodeki.build/DerivedSources-normal/arm64 -Xcc -I/Users/delaxstudio/Library/Developer/Xcode/DerivedData/shigodeki-fkaeotsqybievcdjwhonrrgqyvla/Build/Intermediates.noindex/shigodeki.build/Debug-iphonesimulator/shigodeki.build/DerivedSources/arm64 -Xcc -I/Users/delaxstudio/Library/Developer/Xcode/DerivedData/shigodeki-fkaeotsqybievcdjwhonrrgqyvla/Build/Intermediates.noindex/shigodeki.build/Debug-iphonesimulator/shigodeki.build/DerivedSources -Xcc -DDEBUG\=1 -emit-objc-header -emit-objc-header-path /Users/delaxstudio/Library/Developer/Xcode/DerivedData/shigodeki-fkaeotsqybievcdjwhonrrgqyvla/Build/Intermediates.noindex/shigodeki.build/Debug-iphonesimulator/shigodeki.build/Objects-normal/arm64/shigodeki-Swift.h -working-directory /Users/delaxstudio/src/shigodeki/iOS -experimental-emit-module-separately -disable-cmo

ProcessInfoPlistFile /Users/delaxstudio/Library/Developer/Xcode/DerivedData/shigodeki-fkaeotsqybievcdjwhonrrgqyvla/Build/Products/Debug-iphonesimulator/shigodeki.app/Info.plist /Users/delaxstudio/src/shigodeki/iOS/shigodeki/Info.plist (in target 'shigodeki' from project 'shigodeki')
    cd /Users/delaxstudio/src/shigodeki/iOS
    builtin-infoPlistUtility /Users/delaxstudio/src/shigodeki/iOS/shigodeki/Info.plist -producttype com.apple.product-type.application -genpkginfo /Users/delaxstudio/Library/Developer/Xcode/DerivedData/shigodeki-fkaeotsqybievcdjwhonrrgqyvla/Build/Products/Debug-iphonesimulator/shigodeki.app/PkgInfo -expandbuildsettings -format binary -platform iphonesimulator -additionalcontentfile /Users/delaxstudio/Library/Developer/Xcode/DerivedData/shigodeki-fkaeotsqybievcdjwhonrrgqyvla/Build/Intermediates.noindex/shigodeki.build/Debug-iphonesimulator/shigodeki.build/assetcatalog_generated_info.plist -scanforprivacyfile /Users/delaxstudio/Library/Developer/Xcode/DerivedData/shigodeki-fkaeotsqybievcdjwhonrrgqyvla/Build/Products/Debug-iphonesimulator/shigodeki.app/Firebase_FirebaseAuth.bundle -scanforprivacyfile /Users/delaxstudio/Library/Developer/Xcode/DerivedData/shigodeki-fkaeotsqybievcdjwhonrrgqyvla/Build/Products/Debug-iphonesimulator/shigodeki.app/Firebase_FirebaseCore.bundle -scanforprivacyfile /Users/delaxstudio/Library/Developer/Xcode/DerivedData/shigodeki-fkaeotsqybievcdjwhonrrgqyvla/Build/Products/Debug-iphonesimulator/shigodeki.app/Firebase_FirebaseCoreExtension.bundle -scanforprivacyfile /Users/delaxstudio/Library/Developer/Xcode/DerivedData/shigodeki-fkaeotsqybievcdjwhonrrgqyvla/Build/Products/Debug-iphonesimulator/shigodeki.app/Firebase_FirebaseCoreInternal.bundle -scanforprivacyfile /Users/delaxstudio/Library/Developer/Xcode/DerivedData/shigodeki-fkaeotsqybievcdjwhonrrgqyvla/Build/Products/Debug-iphonesimulator/shigodeki.app/Firebase_FirebaseFirestore.bundle -scanforprivacyfile /Users/delaxstudio/Library/Developer/Xcode/DerivedData/shigodeki-fkaeotsqybievcdjwhonrrgqyvla/Build/Products/Debug-iphonesimulator/shigodeki.app/Frameworks/FirebaseFirestoreInternal.framework -scanforprivacyfile /Users/delaxstudio/Library/Developer/Xcode/DerivedData/shigodeki-fkaeotsqybievcdjwhonrrgqyvla/Build/Products/Debug-iphonesimulator/shigodeki.app/Frameworks/absl.framework -scanforprivacyfile /Users/delaxstudio/Library/Developer/Xcode/DerivedData/shigodeki-fkaeotsqybievcdjwhonrrgqyvla/Build/Products/Debug-iphonesimulator/shigodeki.app/Frameworks/grpc.framework -scanforprivacyfile /Users/delaxstudio/Library/Developer/Xcode/DerivedData/shigodeki-fkaeotsqybievcdjwhonrrgqyvla/Build/Products/Debug-iphonesimulator/shigodeki.app/Frameworks/grpcpp.framework -scanforprivacyfile /Users/delaxstudio/Library/Developer/Xcode/DerivedData/shigodeki-fkaeotsqybievcdjwhonrrgqyvla/Build/Products/Debug-iphonesimulator/shigodeki.app/Frameworks/openssl_grpc.framework -scanforprivacyfile /Users/delaxstudio/Library/Developer/Xcode/DerivedData/shigodeki-fkaeotsqybievcdjwhonrrgqyvla/Build/Products/Debug-iphonesimulator/shigodeki.app/GTMSessionFetcher_GTMSessionFetcherCore.bundle -scanforprivacyfile /Users/delaxstudio/Library/Developer/Xcode/DerivedData/shigodeki-fkaeotsqybievcdjwhonrrgqyvla/Build/Products/Debug-iphonesimulator/shigodeki.app/GoogleUtilities_GoogleUtilities-AppDelegateSwizzler.bundle -scanforprivacyfile /Users/delaxstudio/Library/Developer/Xcode/DerivedData/shigodeki-fkaeotsqybievcdjwhonrrgqyvla/Build/Products/Debug-iphonesimulator/shigodeki.app/GoogleUtilities_GoogleUtilities-Environment.bundle -scanforprivacyfile /Users/delaxstudio/Library/Developer/Xcode/DerivedData/shigodeki-fkaeotsqybievcdjwhonrrgqyvla/Build/Products/Debug-iphonesimulator/shigodeki.app/GoogleUtilities_GoogleUtilities-Logger.bundle -scanforprivacyfile /Users/delaxstudio/Library/Developer/Xcode/DerivedData/shigodeki-fkaeotsqybievcdjwhonrrgqyvla/Build/Products/Debug-iphonesimulator/shigodeki.app/GoogleUtilities_GoogleUtilities-NSData.bundle -scanforprivacyfile /Users/delaxstudio/Library/Developer/Xcode/DerivedData/shigodeki-fkaeotsqybievcdjwhonrrgqyvla/Build/Products/Debug-iphonesimulator/shigodeki.app/GoogleUtilities_GoogleUtilities-Network.bundle -scanforprivacyfile /Users/delaxstudio/Library/Developer/Xcode/DerivedData/shigodeki-fkaeotsqybievcdjwhonrrgqyvla/Build/Products/Debug-iphonesimulator/shigodeki.app/GoogleUtilities_GoogleUtilities-Reachability.bundle -scanforprivacyfile /Users/delaxstudio/Library/Developer/Xcode/DerivedData/shigodeki-fkaeotsqybievcdjwhonrrgqyvla/Build/Products/Debug-iphonesimulator/shigodeki.app/abseil_abslWrapper.bundle -scanforprivacyfile /Users/delaxstudio/Library/Developer/Xcode/DerivedData/shigodeki-fkaeotsqybievcdjwhonrrgqyvla/Build/Products/Debug-iphonesimulator/shigodeki.app/gRPC_grpcWrapper.bundle -scanforprivacyfile /Users/delaxstudio/Library/Developer/Xcode/DerivedData/shigodeki-fkaeotsqybievcdjwhonrrgqyvla/Build/Products/Debug-iphonesimulator/shigodeki.app/gRPC_grpcppWrapper.bundle -scanforprivacyfile /Users/delaxstudio/Library/Developer/Xcode/DerivedData/shigodeki-fkaeotsqybievcdjwhonrrgqyvla/Build/Products/Debug-iphonesimulator/shigodeki.app/gRPC_opensslWrapper.bundle -scanforprivacyfile /Users/delaxstudio/Library/Developer/Xcode/DerivedData/shigodeki-fkaeotsqybievcdjwhonrrgqyvla/Build/Products/Debug-iphonesimulator/shigodeki.app/leveldb_leveldb.bundle -scanforprivacyfile /Users/delaxstudio/Library/Developer/Xcode/DerivedData/shigodeki-fkaeotsqybievcdjwhonrrgqyvla/Build/Products/Debug-iphonesimulator/shigodeki.app/nanopb_nanopb.bundle -o /Users/delaxstudio/Library/Developer/Xcode/DerivedData/shigodeki-fkaeotsqybievcdjwhonrrgqyvla/Build/Products/Debug-iphonesimulator/shigodeki.app/Info.plist

SwiftCompile normal x86_64 Compiling\ CameraPicker.swift,\ CardStyle.swift,\ ColorSystem.swift,\ CreateProjectComponents.swift,\ CreateProjectHeader.swift,\ CreateTaskComponents.swift,\ DocumentPickerComponents.swift,\ DynamicTypeExtensions.swift,\ EmptyStateView.swift,\ FamilyMemberOperations.swift,\ FamilyProjectOperations.swift,\ FirebaseListenerManager.swift,\ InstrumentsSetup.swift,\ IntegratedPerformanceMonitor.swift,\ InteractiveButtonStyle.swift,\ KeyboardDismissSupport.swift,\ LegacyDataBridge.swift /Users/delaxstudio/src/shigodeki/iOS/shigodeki/Components/CameraPicker.swift /Users/delaxstudio/src/shigodeki/iOS/shigodeki/Components/CardStyle.swift /Users/delaxstudio/src/shigodeki/iOS/shigodeki/Components/ColorSystem.swift /Users/delaxstudio/src/shigodeki/iOS/shigodeki/Components/CreateProjectComponents.swift /Users/delaxstudio/src/shigodeki/iOS/shigodeki/Components/CreateProjectHeader.swift /Users/delaxstudio/src/shigodeki/iOS/shigodeki/Components/CreateTaskComponents.swift /Users/delaxstudio/src/shigodeki/iOS/shigodeki/Components/DocumentPickerComponents.swift /Users/delaxstudio/src/shigodeki/iOS/shigodeki/Components/DynamicTypeExtensions.swift /Users/delaxstudio/src/shigodeki/iOS/shigodeki/Components/EmptyStateView.swift /Users/delaxstudio/src/shigodeki/iOS/shigodeki/Components/FamilyMemberOperations.swift /Users/delaxstudio/src/shigodeki/iOS/shigodeki/Components/FamilyProjectOperations.swift /Users/delaxstudio/src/shigodeki/iOS/shigodeki/Components/FirebaseListenerManager.swift /Users/delaxstudio/src/shigodeki/iOS/shigodeki/Components/InstrumentsSetup.swift /Users/delaxstudio/src/shigodeki/iOS/shigodeki/Components/IntegratedPerformanceMonitor.swift /Users/delaxstudio/src/shigodeki/iOS/shigodeki/Components/InteractiveButtonStyle.swift /Users/delaxstudio/src/shigodeki/iOS/shigodeki/Components/KeyboardDismissSupport.swift /Users/delaxstudio/src/shigodeki/iOS/shigodeki/Components/LegacyDataBridge.swift (in target 'shigodeki' from project 'shigodeki')

SwiftCompile normal x86_64 /Users/delaxstudio/src/shigodeki/iOS/shigodeki/Components/CameraPicker.swift (in target 'shigodeki' from project 'shigodeki')
    cd /Users/delaxstudio/src/shigodeki/iOS
    

SwiftCompile normal x86_64 /Users/delaxstudio/src/shigodeki/iOS/shigodeki/Components/CardStyle.swift (in target 'shigodeki' from project 'shigodeki')
    cd /Users/delaxstudio/src/shigodeki/iOS
    

SwiftCompile normal x86_64 /Users/delaxstudio/src/shigodeki/iOS/shigodeki/Components/ColorSystem.swift (in target 'shigodeki' from project 'shigodeki')
    cd /Users/delaxstudio/src/shigodeki/iOS
    

SwiftCompile normal x86_64 /Users/delaxstudio/src/shigodeki/iOS/shigodeki/Components/CreateProjectComponents.swift (in target 'shigodeki' from project 'shigodeki')
    cd /Users/delaxstudio/src/shigodeki/iOS
    

SwiftCompile normal x86_64 /Users/delaxstudio/src/shigodeki/iOS/shigodeki/Components/CreateProjectHeader.swift (in target 'shigodeki' from project 'shigodeki')
    cd /Users/delaxstudio/src/shigodeki/iOS
    

SwiftCompile normal x86_64 /Users/delaxstudio/src/shigodeki/iOS/shigodeki/Components/CreateTaskComponents.swift (in target 'shigodeki' from project 'shigodeki')
    cd /Users/delaxstudio/src/shigodeki/iOS
    

SwiftCompile normal x86_64 /Users/delaxstudio/src/shigodeki/iOS/shigodeki/Components/DocumentPickerComponents.swift (in target 'shigodeki' from project 'shigodeki')
    cd /Users/delaxstudio/src/shigodeki/iOS
    

SwiftCompile normal x86_64 /Users/delaxstudio/src/shigodeki/iOS/shigodeki/Components/DynamicTypeExtensions.swift (in target 'shigodeki' from project 'shigodeki')
    cd /Users/delaxstudio/src/shigodeki/iOS
    

SwiftCompile normal x86_64 /Users/delaxstudio/src/shigodeki/iOS/shigodeki/Components/EmptyStateView.swift (in target 'shigodeki' from project 'shigodeki')
    cd /Users/delaxstudio/src/shigodeki/iOS
    

SwiftCompile normal x86_64 /Users/delaxstudio/src/shigodeki/iOS/shigodeki/Components/FamilyMemberOperations.swift (in target 'shigodeki' from project 'shigodeki')
    cd /Users/delaxstudio/src/shigodeki/iOS
    

SwiftCompile normal x86_64 /Users/delaxstudio/src/shigodeki/iOS/shigodeki/Components/FamilyProjectOperations.swift (in target 'shigodeki' from project 'shigodeki')
    cd /Users/delaxstudio/src/shigodeki/iOS
    

SwiftCompile normal x86_64 /Users/delaxstudio/src/shigodeki/iOS/shigodeki/Components/FirebaseListenerManager.swift (in target 'shigodeki' from project 'shigodeki')
    cd /Users/delaxstudio/src/shigodeki/iOS
    

SwiftCompile normal x86_64 /Users/delaxstudio/src/shigodeki/iOS/shigodeki/Components/InstrumentsSetup.swift (in target 'shigodeki' from project 'shigodeki')
    cd /Users/delaxstudio/src/shigodeki/iOS
    

SwiftCompile normal x86_64 /Users/delaxstudio/src/shigodeki/iOS/shigodeki/Components/IntegratedPerformanceMonitor.swift (in target 'shigodeki' from project 'shigodeki')
    cd /Users/delaxstudio/src/shigodeki/iOS
    

SwiftCompile normal x86_64 /Users/delaxstudio/src/shigodeki/iOS/shigodeki/Components/InteractiveButtonStyle.swift (in target 'shigodeki' from project 'shigodeki')
    cd /Users/delaxstudio/src/shigodeki/iOS
    

SwiftCompile normal x86_64 /Users/delaxstudio/src/shigodeki/iOS/shigodeki/Components/KeyboardDismissSupport.swift (in target 'shigodeki' from project 'shigodeki')
    cd /Users/delaxstudio/src/shigodeki/iOS
    

SwiftCompile normal x86_64 /Users/delaxstudio/src/shigodeki/iOS/shigodeki/Components/LegacyDataBridge.swift (in target 'shigodeki' from project 'shigodeki')
    cd /Users/delaxstudio/src/shigodeki/iOS
    

SwiftCompile normal x86_64 Compiling\ TemplateCategoryExtensions.swift,\ TemplateLegacySupport.swift,\ User.swift,\ FamilyRepository.swift,\ FirestoreFamilyRepository.swift,\ AIDraftMapper.swift,\ DashboardDataService.swift,\ DraftSaveFacade.swift,\ TaskDraftSource.swift,\ KPIDataSource.swift,\ KPIRefreshScheduler.swift,\ KPIStore.swift,\ PortfolioKPIEngine.swift,\ TaskModelMigrationService.swift,\ PhotoDraftBuilder.swift,\ EntitlementResolverLive.swift,\ EntitlementStore.swift /Users/delaxstudio/src/shigodeki/iOS/shigodeki/Models/TemplateCategoryExtensions.swift /Users/delaxstudio/src/shigodeki/iOS/shigodeki/Models/TemplateLegacySupport.swift /Users/delaxstudio/src/shigodeki/iOS/shigodeki/Models/User.swift /Users/delaxstudio/src/shigodeki/iOS/shigodeki/Repository/FamilyRepository.swift /Users/delaxstudio/src/shigodeki/iOS/shigodeki/Repository/FirestoreFamilyRepository.swift /Users/delaxstudio/src/shigodeki/iOS/shigodeki/Services/AI/AIDraftMapper.swift /Users/delaxstudio/src/shigodeki/iOS/shigodeki/Services/Dashboard/DashboardDataService.swift /Users/delaxstudio/src/shigodeki/iOS/shigodeki/Services/DraftPipeline/DraftSaveFacade.swift /Users/delaxstudio/src/shigodeki/iOS/shigodeki/Services/DraftPipeline/TaskDraftSource.swift /Users/delaxstudio/src/shigodeki/iOS/shigodeki/Services/KPI/KPIDataSource.swift /Users/delaxstudio/src/shigodeki/iOS/shigodeki/Services/KPI/KPIRefreshScheduler.swift /Users/delaxstudio/src/shigodeki/iOS/shigodeki/Services/KPI/KPIStore.swift /Users/delaxstudio/src/shigodeki/iOS/shigodeki/Services/KPI/PortfolioKPIEngine.swift /Users/delaxstudio/src/shigodeki/iOS/shigodeki/Services/Migrations/TaskModelMigrationService.swift /Users/delaxstudio/src/shigodeki/iOS/shigodeki/Services/Photo/PhotoDraftBuilder.swift /Users/delaxstudio/src/shigodeki/iOS/shigodeki/Services/Purchases/EntitlementResolverLive.swift /Users/delaxstudio/src/shigodeki/iOS/shigodeki/Services/Purchases/EntitlementStore.swift (in target 'shigodeki' from project 'shigodeki')

SwiftCompile normal x86_64 /Users/delaxstudio/src/shigodeki/iOS/shigodeki/Models/TemplateCategoryExtensions.swift (in target 'shigodeki' from project 'shigodeki')
    cd /Users/delaxstudio/src/shigodeki/iOS
    

SwiftCompile normal x86_64 /Users/delaxstudio/src/shigodeki/iOS/shigodeki/Models/TemplateLegacySupport.swift (in target 'shigodeki' from project 'shigodeki')
    cd /Users/delaxstudio/src/shigodeki/iOS
    

SwiftCompile normal x86_64 /Users/delaxstudio/src/shigodeki/iOS/shigodeki/Models/User.swift (in target 'shigodeki' from project 'shigodeki')
    cd /Users/delaxstudio/src/shigodeki/iOS
    

SwiftCompile normal x86_64 /Users/delaxstudio/src/shigodeki/iOS/shigodeki/Repository/FamilyRepository.swift (in target 'shigodeki' from project 'shigodeki')
    cd /Users/delaxstudio/src/shigodeki/iOS
    

SwiftCompile normal x86_64 /Users/delaxstudio/src/shigodeki/iOS/shigodeki/Repository/FirestoreFamilyRepository.swift (in target 'shigodeki' from project 'shigodeki')
    cd /Users/delaxstudio/src/shigodeki/iOS
    

SwiftCompile normal x86_64 /Users/delaxstudio/src/shigodeki/iOS/shigodeki/Services/AI/AIDraftMapper.swift (in target 'shigodeki' from project 'shigodeki')
    cd /Users/delaxstudio/src/shigodeki/iOS
    

SwiftCompile normal x86_64 /Users/delaxstudio/src/shigodeki/iOS/shigodeki/Services/Dashboard/DashboardDataService.swift (in target 'shigodeki' from project 'shigodeki')
    cd /Users/delaxstudio/src/shigodeki/iOS
    

SwiftCompile normal x86_64 /Users/delaxstudio/src/shigodeki/iOS/shigodeki/Services/DraftPipeline/DraftSaveFacade.swift (in target 'shigodeki' from project 'shigodeki')
    cd /Users/delaxstudio/src/shigodeki/iOS
    

SwiftCompile normal x86_64 /Users/delaxstudio/src/shigodeki/iOS/shigodeki/Services/DraftPipeline/TaskDraftSource.swift (in target 'shigodeki' from project 'shigodeki')
    cd /Users/delaxstudio/src/shigodeki/iOS
    

SwiftCompile normal x86_64 /Users/delaxstudio/src/shigodeki/iOS/shigodeki/Services/KPI/KPIDataSource.swift (in target 'shigodeki' from project 'shigodeki')
    cd /Users/delaxstudio/src/shigodeki/iOS
    

SwiftCompile normal x86_64 /Users/delaxstudio/src/shigodeki/iOS/shigodeki/Services/KPI/KPIRefreshScheduler.swift (in target 'shigodeki' from project 'shigodeki')
    cd /Users/delaxstudio/src/shigodeki/iOS
    

SwiftCompile normal x86_64 /Users/delaxstudio/src/shigodeki/iOS/shigodeki/Services/KPI/KPIStore.swift (in target 'shigodeki' from project 'shigodeki')
    cd /Users/delaxstudio/src/shigodeki/iOS
    

SwiftCompile normal x86_64 /Users/delaxstudio/src/shigodeki/iOS/shigodeki/Services/KPI/PortfolioKPIEngine.swift (in target 'shigodeki' from project 'shigodeki')
    cd /Users/delaxstudio/src/shigodeki/iOS
    
/Users/delaxstudio/src/shigodeki/iOS/shigodeki/Services/KPI/PortfolioKPIEngine.swift:22:13: warning: initialization of immutable value 'completed' was never used; consider replacing with assignment to '_' or removing it
        let completed = tasks.filter { $0.isCompleted }.count
        ~~~~^~~~~~~~~
        _

SwiftCompile normal x86_64 /Users/delaxstudio/src/shigodeki/iOS/shigodeki/Services/Migrations/TaskModelMigrationService.swift (in target 'shigodeki' from project 'shigodeki')
    cd /Users/delaxstudio/src/shigodeki/iOS
    

SwiftCompile normal x86_64 /Users/delaxstudio/src/shigodeki/iOS/shigodeki/Services/Photo/PhotoDraftBuilder.swift (in target 'shigodeki' from project 'shigodeki')
    cd /Users/delaxstudio/src/shigodeki/iOS
    

SwiftCompile normal x86_64 /Users/delaxstudio/src/shigodeki/iOS/shigodeki/Services/Purchases/EntitlementResolverLive.swift (in target 'shigodeki' from project 'shigodeki')
    cd /Users/delaxstudio/src/shigodeki/iOS
    

SwiftCompile normal x86_64 /Users/delaxstudio/src/shigodeki/iOS/shigodeki/Services/Purchases/EntitlementStore.swift (in target 'shigodeki' from project 'shigodeki')
    cd /Users/delaxstudio/src/shigodeki/iOS
    

SwiftCompile normal x86_64 Compiling\ LoadingOverlay.swift,\ MemberDetailSections.swift,\ MemberInfoSections.swift,\ MemberRowView.swift,\ MemberStatisticsSections.swift,\ MemberSupportingComponents.swift,\ NavigationGestureSupport.swift,\ OptimizedProjectRow.swift,\ PerformanceModels.swift,\ PerformanceMonitoring.swift,\ PerformanceOptimization.swift,\ PerformanceReportGenerator.swift,\ PerformanceScoreCalculator.swift,\ PhaseTaskListRowView.swift,\ PhotoTaskSuggestionSection.swift,\ QuickAIGenerationComponents.swift,\ RealtimeSyncStatus.swift /Users/delaxstudio/src/shigodeki/iOS/shigodeki/Components/LoadingOverlay.swift /Users/delaxstudio/src/shigodeki/iOS/shigodeki/Components/MemberDetailSections.swift /Users/delaxstudio/src/shigodeki/iOS/shigodeki/Components/MemberInfoSections.swift /Users/delaxstudio/src/shigodeki/iOS/shigodeki/Components/MemberRowView.swift /Users/delaxstudio/src/shigodeki/iOS/shigodeki/Components/MemberStatisticsSections.swift /Users/delaxstudio/src/shigodeki/iOS/shigodeki/Components/MemberSupportingComponents.swift /Users/delaxstudio/src/shigodeki/iOS/shigodeki/Components/NavigationGestureSupport.swift /Users/delaxstudio/src/shigodeki/iOS/shigodeki/Components/OptimizedProjectRow.swift /Users/delaxstudio/src/shigodeki/iOS/shigodeki/Components/PerformanceModels.swift /Users/delaxstudio/src/shigodeki/iOS/shigodeki/Components/PerformanceMonitoring.swift /Users/delaxstudio/src/shigodeki/iOS/shigodeki/Components/PerformanceOptimization.swift /Users/delaxstudio/src/shigodeki/iOS/shigodeki/Components/PerformanceReportGenerator.swift /Users/delaxstudio/src/shigodeki/iOS/shigodeki/Components/PerformanceScoreCalculator.swift /Users/delaxstudio/src/shigodeki/iOS/shigodeki/Components/PhaseTaskListRowView.swift /Users/delaxstudio/src/shigodeki/iOS/shigodeki/Components/PhotoTaskSuggestionSection.swift /Users/delaxstudio/src/shigodeki/iOS/shigodeki/Components/QuickAIGenerationComponents.swift /Users/delaxstudio/src/shigodeki/iOS/shigodeki/Components/RealtimeSyncStatus.swift (in target 'shigodeki' from project 'shigodeki')
SwiftCompile normal x86_64 /Users/delaxstudio/src/shigodeki/iOS/shigodeki/Components/LoadingOverlay.swift (in target 'shigodeki' from project 'shigodeki')
    cd /Users/delaxstudio/src/shigodeki/iOS
    

SwiftCompile normal x86_64 /Users/delaxstudio/src/shigodeki/iOS/shigodeki/Components/MemberDetailSections.swift (in target 'shigodeki' from project 'shigodeki')
    cd /Users/delaxstudio/src/shigodeki/iOS
    

SwiftCompile normal x86_64 /Users/delaxstudio/src/shigodeki/iOS/shigodeki/Components/MemberInfoSections.swift (in target 'shigodeki' from project 'shigodeki')
    cd /Users/delaxstudio/src/shigodeki/iOS
    

SwiftCompile normal x86_64 /Users/delaxstudio/src/shigodeki/iOS/shigodeki/Components/MemberRowView.swift (in target 'shigodeki' from project 'shigodeki')
    cd /Users/delaxstudio/src/shigodeki/iOS
    

SwiftCompile normal x86_64 /Users/delaxstudio/src/shigodeki/iOS/shigodeki/Components/MemberStatisticsSections.swift (in target 'shigodeki' from project 'shigodeki')
    cd /Users/delaxstudio/src/shigodeki/iOS
    

SwiftCompile normal x86_64 /Users/delaxstudio/src/shigodeki/iOS/shigodeki/Components/MemberSupportingComponents.swift (in target 'shigodeki' from project 'shigodeki')
    cd /Users/delaxstudio/src/shigodeki/iOS
    

SwiftCompile normal x86_64 /Users/delaxstudio/src/shigodeki/iOS/shigodeki/Components/NavigationGestureSupport.swift (in target 'shigodeki' from project 'shigodeki')
    cd /Users/delaxstudio/src/shigodeki/iOS
    

SwiftCompile normal x86_64 /Users/delaxstudio/src/shigodeki/iOS/shigodeki/Components/OptimizedProjectRow.swift (in target 'shigodeki' from project 'shigodeki')
    cd /Users/delaxstudio/src/shigodeki/iOS
    

SwiftCompile normal x86_64 /Users/delaxstudio/src/shigodeki/iOS/shigodeki/Components/PerformanceModels.swift (in target 'shigodeki' from project 'shigodeki')
    cd /Users/delaxstudio/src/shigodeki/iOS
    

SwiftCompile normal x86_64 /Users/delaxstudio/src/shigodeki/iOS/shigodeki/Components/PerformanceMonitoring.swift (in target 'shigodeki' from project 'shigodeki')
    cd /Users/delaxstudio/src/shigodeki/iOS
    

SwiftCompile normal x86_64 /Users/delaxstudio/src/shigodeki/iOS/shigodeki/Components/PerformanceOptimization.swift (in target 'shigodeki' from project 'shigodeki')
    cd /Users/delaxstudio/src/shigodeki/iOS
    

SwiftCompile normal x86_64 /Users/delaxstudio/src/shigodeki/iOS/shigodeki/Components/PerformanceReportGenerator.swift (in target 'shigodeki' from project 'shigodeki')
    cd /Users/delaxstudio/src/shigodeki/iOS
    

SwiftCompile normal x86_64 /Users/delaxstudio/src/shigodeki/iOS/shigodeki/Components/PerformanceScoreCalculator.swift (in target 'shigodeki' from project 'shigodeki')
    cd /Users/delaxstudio/src/shigodeki/iOS
    

SwiftCompile normal x86_64 /Users/delaxstudio/src/shigodeki/iOS/shigodeki/Components/PhaseTaskListRowView.swift (in target 'shigodeki' from project 'shigodeki')
    cd /Users/delaxstudio/src/shigodeki/iOS
    

SwiftCompile normal x86_64 /Users/delaxstudio/src/shigodeki/iOS/shigodeki/Components/PhotoTaskSuggestionSection.swift (in target 'shigodeki' from project 'shigodeki')
    cd /Users/delaxstudio/src/shigodeki/iOS
    

SwiftCompile normal x86_64 /Users/delaxstudio/src/shigodeki/iOS/shigodeki/Components/QuickAIGenerationComponents.swift (in target 'shigodeki' from project 'shigodeki')
    cd /Users/delaxstudio/src/shigodeki/iOS
    

SwiftCompile normal x86_64 /Users/delaxstudio/src/shigodeki/iOS/shigodeki/Components/RealtimeSyncStatus.swift (in target 'shigodeki' from project 'shigodeki')
    cd /Users/delaxstudio/src/shigodeki/iOS
    

SwiftCompile normal x86_64 Compiling\ ProSubscriptionCoordinator.swift,\ PurchaseFlowTypes.swift,\ PurchaseOutcomeMapper.swift,\ PurchaseProductCatalog.swift,\ PurchaseService.swift,\ TemplateMonetizationCatalog.swift,\ TemplatePriceCatalog.swift,\ TemplatePurchaseCoordinator.swift,\ TemplateDraftBuilder.swift,\ FallbackPlanner.swift,\ Models.swift,\ OpenAIService.swift,\ PlanNormalization.swift,\ TidySchema.swift,\ VisionPlanCoordinator.swift,\ AIClient.swift,\ AIClientRouter.swift /Users/delaxstudio/src/shigodeki/iOS/shigodeki/Services/Purchases/ProSubscriptionCoordinator.swift /Users/delaxstudio/src/shigodeki/iOS/shigodeki/Services/Purchases/PurchaseFlowTypes.swift /Users/delaxstudio/src/shigodeki/iOS/shigodeki/Services/Purchases/PurchaseOutcomeMapper.swift /Users/delaxstudio/src/shigodeki/iOS/shigodeki/Services/Purchases/PurchaseProductCatalog.swift /Users/delaxstudio/src/shigodeki/iOS/shigodeki/Services/Purchases/PurchaseService.swift /Users/delaxstudio/src/shigodeki/iOS/shigodeki/Services/Purchases/TemplateMonetizationCatalog.swift /Users/delaxstudio/src/shigodeki/iOS/shigodeki/Services/Purchases/TemplatePriceCatalog.swift /Users/delaxstudio/src/shigodeki/iOS/shigodeki/Services/Purchases/TemplatePurchaseCoordinator.swift /Users/delaxstudio/src/shigodeki/iOS/shigodeki/Services/Template/TemplateDraftBuilder.swift /Users/delaxstudio/src/shigodeki/iOS/shigodeki/Services/TidyPlan/FallbackPlanner.swift /Users/delaxstudio/src/shigodeki/iOS/shigodeki/Services/TidyPlan/Models.swift /Users/delaxstudio/src/shigodeki/iOS/shigodeki/Services/TidyPlan/OpenAIService.swift /Users/delaxstudio/src/shigodeki/iOS/shigodeki/Services/TidyPlan/PlanNormalization.swift /Users/delaxstudio/src/shigodeki/iOS/shigodeki/Services/TidyPlan/TidySchema.swift /Users/delaxstudio/src/shigodeki/iOS/shigodeki/Services/TidyPlan/VisionPlanCoordinator.swift /Users/delaxstudio/src/shigodeki/iOS/shigodeki/Services/AIClient.swift /Users/delaxstudio/src/shigodeki/iOS/shigodeki/Services/AIClientRouter.swift (in target 'shigodeki' from project 'shigodeki')

SwiftCompile normal x86_64 /Users/delaxstudio/src/shigodeki/iOS/shigodeki/Services/Purchases/ProSubscriptionCoordinator.swift (in target 'shigodeki' from project 'shigodeki')
    cd /Users/delaxstudio/src/shigodeki/iOS
    

SwiftCompile normal x86_64 /Users/delaxstudio/src/shigodeki/iOS/shigodeki/Services/Purchases/PurchaseFlowTypes.swift (in target 'shigodeki' from project 'shigodeki')
    cd /Users/delaxstudio/src/shigodeki/iOS
    

SwiftCompile normal x86_64 /Users/delaxstudio/src/shigodeki/iOS/shigodeki/Services/Purchases/PurchaseOutcomeMapper.swift (in target 'shigodeki' from project 'shigodeki')
    cd /Users/delaxstudio/src/shigodeki/iOS
    

SwiftCompile normal x86_64 /Users/delaxstudio/src/shigodeki/iOS/shigodeki/Services/Purchases/PurchaseProductCatalog.swift (in target 'shigodeki' from project 'shigodeki')
    cd /Users/delaxstudio/src/shigodeki/iOS
    

SwiftCompile normal x86_64 /Users/delaxstudio/src/shigodeki/iOS/shigodeki/Services/Purchases/PurchaseService.swift (in target 'shigodeki' from project 'shigodeki')
    cd /Users/delaxstudio/src/shigodeki/iOS
    

SwiftCompile normal x86_64 /Users/delaxstudio/src/shigodeki/iOS/shigodeki/Services/Purchases/TemplateMonetizationCatalog.swift (in target 'shigodeki' from project 'shigodeki')
    cd /Users/delaxstudio/src/shigodeki/iOS
    

SwiftCompile normal x86_64 /Users/delaxstudio/src/shigodeki/iOS/shigodeki/Services/Purchases/TemplatePriceCatalog.swift (in target 'shigodeki' from project 'shigodeki')
    cd /Users/delaxstudio/src/shigodeki/iOS
    

SwiftCompile normal x86_64 /Users/delaxstudio/src/shigodeki/iOS/shigodeki/Services/Purchases/TemplatePurchaseCoordinator.swift (in target 'shigodeki' from project 'shigodeki')
    cd /Users/delaxstudio/src/shigodeki/iOS
    

SwiftCompile normal x86_64 /Users/delaxstudio/src/shigodeki/iOS/shigodeki/Services/Template/TemplateDraftBuilder.swift (in target 'shigodeki' from project 'shigodeki')
    cd /Users/delaxstudio/src/shigodeki/iOS
    

SwiftCompile normal x86_64 /Users/delaxstudio/src/shigodeki/iOS/shigodeki/Services/TidyPlan/FallbackPlanner.swift (in target 'shigodeki' from project 'shigodeki')
    cd /Users/delaxstudio/src/shigodeki/iOS
    

SwiftCompile normal x86_64 /Users/delaxstudio/src/shigodeki/iOS/shigodeki/Services/TidyPlan/Models.swift (in target 'shigodeki' from project 'shigodeki')
    cd /Users/delaxstudio/src/shigodeki/iOS
    

SwiftCompile normal x86_64 /Users/delaxstudio/src/shigodeki/iOS/shigodeki/Services/TidyPlan/OpenAIService.swift (in target 'shigodeki' from project 'shigodeki')
    cd /Users/delaxstudio/src/shigodeki/iOS
    

SwiftCompile normal x86_64 /Users/delaxstudio/src/shigodeki/iOS/shigodeki/Services/TidyPlan/PlanNormalization.swift (in target 'shigodeki' from project 'shigodeki')
    cd /Users/delaxstudio/src/shigodeki/iOS
    
/Users/delaxstudio/src/shigodeki/iOS/shigodeki/Services/TidyPlan/PlanNormalization.swift:27:19: warning: variable 'raw' was never mutated; consider changing to 'let' constant
        guard var raw = try? decoder.decode(RawPlan.self, from: data) else {
              ~~~ ^
              let

SwiftCompile normal x86_64 /Users/delaxstudio/src/shigodeki/iOS/shigodeki/Services/TidyPlan/TidySchema.swift (in target 'shigodeki' from project 'shigodeki')
    cd /Users/delaxstudio/src/shigodeki/iOS
    

SwiftCompile normal x86_64 /Users/delaxstudio/src/shigodeki/iOS/shigodeki/Services/TidyPlan/VisionPlanCoordinator.swift (in target 'shigodeki' from project 'shigodeki')
    cd /Users/delaxstudio/src/shigodeki/iOS
    

SwiftCompile normal x86_64 /Users/delaxstudio/src/shigodeki/iOS/shigodeki/Services/AIClient.swift (in target 'shigodeki' from project 'shigodeki')
    cd /Users/delaxstudio/src/shigodeki/iOS
    

SwiftCompile normal x86_64 /Users/delaxstudio/src/shigodeki/iOS/shigodeki/Services/AIClientRouter.swift (in target 'shigodeki' from project 'shigodeki')
    cd /Users/delaxstudio/src/shigodeki/iOS
    

SwiftCompile normal x86_64 Compiling\ AITaskConverter.swift,\ AITaskGenerator.swift,\ AppleSignInService.swift,\ AppPlanningTaskListBuilder.swift,\ AuthTestDataDeletionService.swift,\ BuiltInTemplates.swift,\ BusinessTemplates.swift,\ CreateProjectService.swift,\ DataMigrationUtility.swift,\ ManagerStatisticsService.swift,\ MemberDataService.swift,\ MemoryManagementService.swift,\ MobileAppTaskListBuilder.swift,\ MobileAppTemplateService.swift,\ ModelJSONUtility.swift,\ ModelValidation.swift,\ OptimisticUpdateManager.swift /Users/delaxstudio/src/shigodeki/iOS/shigodeki/Services/AITaskConverter.swift /Users/delaxstudio/src/shigodeki/iOS/shigodeki/Services/AITaskGenerator.swift /Users/delaxstudio/src/shigodeki/iOS/shigodeki/Services/AppleSignInService.swift /Users/delaxstudio/src/shigodeki/iOS/shigodeki/Services/AppPlanningTaskListBuilder.swift /Users/delaxstudio/src/shigodeki/iOS/shigodeki/Services/AuthTestDataDeletionService.swift /Users/delaxstudio/src/shigodeki/iOS/shigodeki/Services/BuiltInTemplates.swift /Users/delaxstudio/src/shigodeki/iOS/shigodeki/Services/BusinessTemplates.swift /Users/delaxstudio/src/shigodeki/iOS/shigodeki/Services/CreateProjectService.swift /Users/delaxstudio/src/shigodeki/iOS/shigodeki/Services/DataMigrationUtility.swift /Users/delaxstudio/src/shigodeki/iOS/shigodeki/Services/ManagerStatisticsService.swift /Users/delaxstudio/src/shigodeki/iOS/shigodeki/Services/MemberDataService.swift /Users/delaxstudio/src/shigodeki/iOS/shigodeki/Services/MemoryManagementService.swift /Users/delaxstudio/src/shigodeki/iOS/shigodeki/Services/MobileAppTaskListBuilder.swift /Users/delaxstudio/src/shigodeki/iOS/shigodeki/Services/MobileAppTemplateService.swift /Users/delaxstudio/src/shigodeki/iOS/shigodeki/Services/ModelJSONUtility.swift /Users/delaxstudio/src/shigodeki/iOS/shigodeki/Services/ModelValidation.swift /Users/delaxstudio/src/shigodeki/iOS/shigodeki/Services/OptimisticUpdateManager.swift (in target 'shigodeki' from project 'shigodeki')

SwiftCompile normal x86_64 /Users/delaxstudio/src/shigodeki/iOS/shigodeki/Services/AITaskConverter.swift (in target 'shigodeki' from project 'shigodeki')
    cd /Users/delaxstudio/src/shigodeki/iOS
    

SwiftCompile normal x86_64 /Users/delaxstudio/src/shigodeki/iOS/shigodeki/Services/AITaskGenerator.swift (in target 'shigodeki' from project 'shigodeki')
    cd /Users/delaxstudio/src/shigodeki/iOS
    

SwiftCompile normal x86_64 /Users/delaxstudio/src/shigodeki/iOS/shigodeki/Services/AppleSignInService.swift (in target 'shigodeki' from project 'shigodeki')
    cd /Users/delaxstudio/src/shigodeki/iOS
    
/Users/delaxstudio/src/shigodeki/iOS/shigodeki/Services/AppleSignInService.swift:99:13: warning: switch must be exhaustive
            switch authError.code {
            ^
/Users/delaxstudio/src/shigodeki/iOS/shigodeki/Services/AppleSignInService.swift:99:13: note: add missing case: '.preferSignInWithApple'
            switch authError.code {
            ^
/Users/delaxstudio/src/shigodeki/iOS/shigodeki/Services/AppleSignInService.swift:99:13: note: add missing case: '.deviceNotConfiguredForPasskeyCreation'
            switch authError.code {
            ^
/Users/delaxstudio/src/shigodeki/iOS/shigodeki/Services/AppleSignInService.swift:99:13: note: add missing cases
            switch authError.code {
            ^

SwiftCompile normal x86_64 /Users/delaxstudio/src/shigodeki/iOS/shigodeki/Services/AppPlanningTaskListBuilder.swift (in target 'shigodeki' from project 'shigodeki')
    cd /Users/delaxstudio/src/shigodeki/iOS
    

SwiftCompile normal x86_64 /Users/delaxstudio/src/shigodeki/iOS/shigodeki/Services/AuthTestDataDeletionService.swift (in target 'shigodeki' from project 'shigodeki')
    cd /Users/delaxstudio/src/shigodeki/iOS
    

SwiftCompile normal x86_64 /Users/delaxstudio/src/shigodeki/iOS/shigodeki/Services/BuiltInTemplates.swift (in target 'shigodeki' from project 'shigodeki')
    cd /Users/delaxstudio/src/shigodeki/iOS
    

SwiftCompile normal x86_64 /Users/delaxstudio/src/shigodeki/iOS/shigodeki/Services/BusinessTemplates.swift (in target 'shigodeki' from project 'shigodeki')
    cd /Users/delaxstudio/src/shigodeki/iOS
    

SwiftCompile normal x86_64 /Users/delaxstudio/src/shigodeki/iOS/shigodeki/Services/CreateProjectService.swift (in target 'shigodeki' from project 'shigodeki')
    cd /Users/delaxstudio/src/shigodeki/iOS
    

SwiftCompile normal x86_64 /Users/delaxstudio/src/shigodeki/iOS/shigodeki/Services/DataMigrationUtility.swift (in target 'shigodeki' from project 'shigodeki')
    cd /Users/delaxstudio/src/shigodeki/iOS
    

SwiftCompile normal x86_64 /Users/delaxstudio/src/shigodeki/iOS/shigodeki/Services/ManagerStatisticsService.swift (in target 'shigodeki' from project 'shigodeki')
    cd /Users/delaxstudio/src/shigodeki/iOS
    

SwiftCompile normal x86_64 /Users/delaxstudio/src/shigodeki/iOS/shigodeki/Services/MemberDataService.swift (in target 'shigodeki' from project 'shigodeki')
    cd /Users/delaxstudio/src/shigodeki/iOS
    

SwiftCompile normal x86_64 /Users/delaxstudio/src/shigodeki/iOS/shigodeki/Services/MemoryManagementService.swift (in target 'shigodeki' from project 'shigodeki')
    cd /Users/delaxstudio/src/shigodeki/iOS
    

SwiftCompile normal x86_64 /Users/delaxstudio/src/shigodeki/iOS/shigodeki/Services/MobileAppTaskListBuilder.swift (in target 'shigodeki' from project 'shigodeki')
    cd /Users/delaxstudio/src/shigodeki/iOS
    

SwiftCompile normal x86_64 /Users/delaxstudio/src/shigodeki/iOS/shigodeki/Services/MobileAppTemplateService.swift (in target 'shigodeki' from project 'shigodeki')
    cd /Users/delaxstudio/src/shigodeki/iOS
    

SwiftCompile normal x86_64 /Users/delaxstudio/src/shigodeki/iOS/shigodeki/Services/ModelJSONUtility.swift (in target 'shigodeki' from project 'shigodeki')
    cd /Users/delaxstudio/src/shigodeki/iOS
    

SwiftCompile normal x86_64 /Users/delaxstudio/src/shigodeki/iOS/shigodeki/Services/ModelValidation.swift (in target 'shigodeki' from project 'shigodeki')
    cd /Users/delaxstudio/src/shigodeki/iOS
    

SwiftCompile normal x86_64 /Users/delaxstudio/src/shigodeki/iOS/shigodeki/Services/OptimisticUpdateManager.swift (in target 'shigodeki' from project 'shigodeki')
    cd /Users/delaxstudio/src/shigodeki/iOS
    

SwiftCompile normal x86_64 Compiling\ TemplateManager.swift,\ AnalysisType.swift,\ Entitlements.swift,\ ExtractedTask.swift,\ Family.swift,\ KPIModels.swift,\ ModelRelationships.swift,\ Phase.swift,\ PhaseSection.swift,\ Project.swift,\ ProjectInvitation.swift,\ ProjectSummaryMetrics.swift,\ ProjectTemplate.swift,\ Subtask.swift,\ Task.swift,\ TaskList.swift,\ TaskTag.swift /Users/delaxstudio/src/shigodeki/iOS/shigodeki/Managers/TemplateManager.swift /Users/delaxstudio/src/shigodeki/iOS/shigodeki/Models/AnalysisType.swift /Users/delaxstudio/src/shigodeki/iOS/shigodeki/Models/Entitlements.swift /Users/delaxstudio/src/shigodeki/iOS/shigodeki/Models/ExtractedTask.swift /Users/delaxstudio/src/shigodeki/iOS/shigodeki/Models/Family.swift /Users/delaxstudio/src/shigodeki/iOS/shigodeki/Models/KPIModels.swift /Users/delaxstudio/src/shigodeki/iOS/shigodeki/Models/ModelRelationships.swift /Users/delaxstudio/src/shigodeki/iOS/shigodeki/Models/Phase.swift /Users/delaxstudio/src/shigodeki/iOS/shigodeki/Models/PhaseSection.swift /Users/delaxstudio/src/shigodeki/iOS/shigodeki/Models/Project.swift /Users/delaxstudio/src/shigodeki/iOS/shigodeki/Models/ProjectInvitation.swift /Users/delaxstudio/src/shigodeki/iOS/shigodeki/Models/ProjectSummaryMetrics.swift /Users/delaxstudio/src/shigodeki/iOS/shigodeki/Models/ProjectTemplate.swift /Users/delaxstudio/src/shigodeki/iOS/shigodeki/Models/Subtask.swift /Users/delaxstudio/src/shigodeki/iOS/shigodeki/Models/Task.swift /Users/delaxstudio/src/shigodeki/iOS/shigodeki/Models/TaskList.swift /Users/delaxstudio/src/shigodeki/iOS/shigodeki/Models/TaskTag.swift (in target 'shigodeki' from project 'shigodeki')

SwiftCompile normal x86_64 /Users/delaxstudio/src/shigodeki/iOS/shigodeki/Managers/TemplateManager.swift (in target 'shigodeki' from project 'shigodeki')
    cd /Users/delaxstudio/src/shigodeki/iOS
    

SwiftCompile normal x86_64 /Users/delaxstudio/src/shigodeki/iOS/shigodeki/Models/AnalysisType.swift (in target 'shigodeki' from project 'shigodeki')
    cd /Users/delaxstudio/src/shigodeki/iOS
    

SwiftCompile normal x86_64 /Users/delaxstudio/src/shigodeki/iOS/shigodeki/Models/Entitlements.swift (in target 'shigodeki' from project 'shigodeki')
    cd /Users/delaxstudio/src/shigodeki/iOS
    

SwiftCompile normal x86_64 /Users/delaxstudio/src/shigodeki/iOS/shigodeki/Models/ExtractedTask.swift (in target 'shigodeki' from project 'shigodeki')
    cd /Users/delaxstudio/src/shigodeki/iOS
    

SwiftCompile normal x86_64 /Users/delaxstudio/src/shigodeki/iOS/shigodeki/Models/Family.swift (in target 'shigodeki' from project 'shigodeki')
    cd /Users/delaxstudio/src/shigodeki/iOS
    

SwiftCompile normal x86_64 /Users/delaxstudio/src/shigodeki/iOS/shigodeki/Models/KPIModels.swift (in target 'shigodeki' from project 'shigodeki')
    cd /Users/delaxstudio/src/shigodeki/iOS
    

SwiftCompile normal x86_64 /Users/delaxstudio/src/shigodeki/iOS/shigodeki/Models/ModelRelationships.swift (in target 'shigodeki' from project 'shigodeki')
    cd /Users/delaxstudio/src/shigodeki/iOS
    

SwiftCompile normal x86_64 /Users/delaxstudio/src/shigodeki/iOS/shigodeki/Models/Phase.swift (in target 'shigodeki' from project 'shigodeki')
    cd /Users/delaxstudio/src/shigodeki/iOS
    

SwiftCompile normal x86_64 /Users/delaxstudio/src/shigodeki/iOS/shigodeki/Models/PhaseSection.swift (in target 'shigodeki' from project 'shigodeki')
    cd /Users/delaxstudio/src/shigodeki/iOS
    

SwiftCompile normal x86_64 /Users/delaxstudio/src/shigodeki/iOS/shigodeki/Models/Project.swift (in target 'shigodeki' from project 'shigodeki')
    cd /Users/delaxstudio/src/shigodeki/iOS
    

SwiftCompile normal x86_64 /Users/delaxstudio/src/shigodeki/iOS/shigodeki/Models/ProjectInvitation.swift (in target 'shigodeki' from project 'shigodeki')
    cd /Users/delaxstudio/src/shigodeki/iOS
    

SwiftCompile normal x86_64 /Users/delaxstudio/src/shigodeki/iOS/shigodeki/Models/ProjectSummaryMetrics.swift (in target 'shigodeki' from project 'shigodeki')
    cd /Users/delaxstudio/src/shigodeki/iOS
    

SwiftCompile normal x86_64 /Users/delaxstudio/src/shigodeki/iOS/shigodeki/Models/ProjectTemplate.swift (in target 'shigodeki' from project 'shigodeki')
    cd /Users/delaxstudio/src/shigodeki/iOS
    

SwiftCompile normal x86_64 /Users/delaxstudio/src/shigodeki/iOS/shigodeki/Models/Subtask.swift (in target 'shigodeki' from project 'shigodeki')
    cd /Users/delaxstudio/src/shigodeki/iOS
    

SwiftCompile normal x86_64 /Users/delaxstudio/src/shigodeki/iOS/shigodeki/Models/Task.swift (in target 'shigodeki' from project 'shigodeki')
    cd /Users/delaxstudio/src/shigodeki/iOS
    

SwiftCompile normal x86_64 /Users/delaxstudio/src/shigodeki/iOS/shigodeki/Models/TaskList.swift (in target 'shigodeki' from project 'shigodeki')
    cd /Users/delaxstudio/src/shigodeki/iOS
    

SwiftCompile normal x86_64 /Users/delaxstudio/src/shigodeki/iOS/shigodeki/Models/TaskTag.swift (in target 'shigodeki' from project 'shigodeki')
    cd /Users/delaxstudio/src/shigodeki/iOS
    

SwiftCompile normal x86_64 Compiling\ TemplateEditorComponents.swift,\ TemplateHeaderComponents.swift,\ TemplatePreviewComponents.swift,\ VoiceOverExtensions.swift,\ ZoomableView.swift,\ Phase2PerformanceValidationView.swift,\ DIContainer.swift,\ DateFormatter+Extensions.swift,\ AIStateManager.swift,\ AuthenticationManager.swift,\ EnhancedTaskManager.swift,\ FamilyCreationService.swift,\ FamilyInvitationService.swift,\ FamilyListenerService.swift,\ FamilyManager.swift,\ FamilyMembershipService.swift,\ FamilyOptimisticUpdates.swift /Users/delaxstudio/src/shigodeki/iOS/shigodeki/Components/TemplateEditorComponents.swift /Users/delaxstudio/src/shigodeki/iOS/shigodeki/Components/TemplateHeaderComponents.swift /Users/delaxstudio/src/shigodeki/iOS/shigodeki/Components/TemplatePreviewComponents.swift /Users/delaxstudio/src/shigodeki/iOS/shigodeki/Components/VoiceOverExtensions.swift /Users/delaxstudio/src/shigodeki/iOS/shigodeki/Components/ZoomableView.swift /Users/delaxstudio/src/shigodeki/iOS/shigodeki/Debug/Phase2PerformanceValidationView.swift /Users/delaxstudio/src/shigodeki/iOS/shigodeki/DI/DIContainer.swift /Users/delaxstudio/src/shigodeki/iOS/shigodeki/Extensions/DateFormatter+Extensions.swift /Users/delaxstudio/src/shigodeki/iOS/shigodeki/Managers/AIStateManager.swift /Users/delaxstudio/src/shigodeki/iOS/shigodeki/Managers/AuthenticationManager.swift /Users/delaxstudio/src/shigodeki/iOS/shigodeki/Managers/EnhancedTaskManager.swift /Users/delaxstudio/src/shigodeki/iOS/shigodeki/Managers/FamilyCreationService.swift /Users/delaxstudio/src/shigodeki/iOS/shigodeki/Managers/FamilyInvitationService.swift /Users/delaxstudio/src/shigodeki/iOS/shigodeki/Managers/FamilyListenerService.swift /Users/delaxstudio/src/shigodeki/iOS/shigodeki/Managers/FamilyManager.swift /Users/delaxstudio/src/shigodeki/iOS/shigodeki/Managers/FamilyMembershipService.swift /Users/delaxstudio/src/shigodeki/iOS/shigodeki/Managers/FamilyOptimisticUpdates.swift (in target 'shigodeki' from project 'shigodeki')

SwiftCompile normal x86_64 /Users/delaxstudio/src/shigodeki/iOS/shigodeki/Components/TemplateEditorComponents.swift (in target 'shigodeki' from project 'shigodeki')
    cd /Users/delaxstudio/src/shigodeki/iOS
    

SwiftCompile normal x86_64 /Users/delaxstudio/src/shigodeki/iOS/shigodeki/Components/TemplateHeaderComponents.swift (in target 'shigodeki' from project 'shigodeki')
    cd /Users/delaxstudio/src/shigodeki/iOS
    

SwiftCompile normal x86_64 /Users/delaxstudio/src/shigodeki/iOS/shigodeki/Components/TemplatePreviewComponents.swift (in target 'shigodeki' from project 'shigodeki')
    cd /Users/delaxstudio/src/shigodeki/iOS
    

SwiftCompile normal x86_64 /Users/delaxstudio/src/shigodeki/iOS/shigodeki/Components/VoiceOverExtensions.swift (in target 'shigodeki' from project 'shigodeki')
    cd /Users/delaxstudio/src/shigodeki/iOS
    

SwiftCompile normal x86_64 /Users/delaxstudio/src/shigodeki/iOS/shigodeki/Components/ZoomableView.swift (in target 'shigodeki' from project 'shigodeki')
    cd /Users/delaxstudio/src/shigodeki/iOS
    

SwiftCompile normal x86_64 /Users/delaxstudio/src/shigodeki/iOS/shigodeki/Debug/Phase2PerformanceValidationView.swift (in target 'shigodeki' from project 'shigodeki')
    cd /Users/delaxstudio/src/shigodeki/iOS
    
/Users/delaxstudio/src/shigodeki/iOS/shigodeki/Debug/Phase2PerformanceValidationView.swift:249:32: warning: 'sleep' is deprecated: replaced by 'Task.sleep(nanoseconds:)'
                    await Task.sleep(UInt64(100_000_000)) // 0.1秒待機
/Users/delaxstudio/src/shigodeki/iOS/shigodeki/Debug/Phase2PerformanceValidationView.swift:249:32: note: use 'Task.sleep(nanoseconds:)' instead
                    await Task.sleep(UInt64(100_000_000)) // 0.1秒待機

SwiftCompile normal x86_64 /Users/delaxstudio/src/shigodeki/iOS/shigodeki/DI/DIContainer.swift (in target 'shigodeki' from project 'shigodeki')
    cd /Users/delaxstudio/src/shigodeki/iOS
    

SwiftCompile normal x86_64 /Users/delaxstudio/src/shigodeki/iOS/shigodeki/Extensions/DateFormatter+Extensions.swift (in target 'shigodeki' from project 'shigodeki')
    cd /Users/delaxstudio/src/shigodeki/iOS
    

SwiftCompile normal x86_64 /Users/delaxstudio/src/shigodeki/iOS/shigodeki/Managers/AIStateManager.swift (in target 'shigodeki' from project 'shigodeki')
    cd /Users/delaxstudio/src/shigodeki/iOS
    

SwiftCompile normal x86_64 /Users/delaxstudio/src/shigodeki/iOS/shigodeki/Managers/AuthenticationManager.swift (in target 'shigodeki' from project 'shigodeki')
    cd /Users/delaxstudio/src/shigodeki/iOS
    

SwiftCompile normal x86_64 /Users/delaxstudio/src/shigodeki/iOS/shigodeki/Managers/EnhancedTaskManager.swift (in target 'shigodeki' from project 'shigodeki')
    cd /Users/delaxstudio/src/shigodeki/iOS
    

SwiftCompile normal x86_64 /Users/delaxstudio/src/shigodeki/iOS/shigodeki/Managers/FamilyCreationService.swift (in target 'shigodeki' from project 'shigodeki')
    cd /Users/delaxstudio/src/shigodeki/iOS
    

SwiftCompile normal x86_64 /Users/delaxstudio/src/shigodeki/iOS/shigodeki/Managers/FamilyInvitationService.swift (in target 'shigodeki' from project 'shigodeki')
    cd /Users/delaxstudio/src/shigodeki/iOS
    

SwiftCompile normal x86_64 /Users/delaxstudio/src/shigodeki/iOS/shigodeki/Managers/FamilyListenerService.swift (in target 'shigodeki' from project 'shigodeki')
    cd /Users/delaxstudio/src/shigodeki/iOS
    

SwiftCompile normal x86_64 /Users/delaxstudio/src/shigodeki/iOS/shigodeki/Managers/FamilyManager.swift (in target 'shigodeki' from project 'shigodeki')
    cd /Users/delaxstudio/src/shigodeki/iOS
    

SwiftCompile normal x86_64 /Users/delaxstudio/src/shigodeki/iOS/shigodeki/Managers/FamilyMembershipService.swift (in target 'shigodeki' from project 'shigodeki')
    cd /Users/delaxstudio/src/shigodeki/iOS
    

SwiftCompile normal x86_64 /Users/delaxstudio/src/shigodeki/iOS/shigodeki/Managers/FamilyOptimisticUpdates.swift (in target 'shigodeki' from project 'shigodeki')
    cd /Users/delaxstudio/src/shigodeki/iOS
    

SwiftCompile normal x86_64 Compiling\ KeychainManager.swift,\ OfflineManager.swift,\ PhaseManager.swift,\ PhaseSectionManager.swift,\ ProjectCreationHelpers.swift,\ ProjectInvitationManager.swift,\ ProjectListenerManager.swift,\ ProjectManager.swift,\ ProjectMemberOperations.swift,\ ProjectTemplateOperations.swift,\ ProjectValidationHelpers.swift,\ StorageManager.swift,\ SubtaskManager.swift,\ TagManager.swift,\ TaskListManager.swift,\ TaskManager.swift,\ TaskOrderingManager.swift /Users/delaxstudio/src/shigodeki/iOS/shigodeki/Managers/KeychainManager.swift /Users/delaxstudio/src/shigodeki/iOS/shigodeki/Managers/OfflineManager.swift /Users/delaxstudio/src/shigodeki/iOS/shigodeki/Managers/PhaseManager.swift /Users/delaxstudio/src/shigodeki/iOS/shigodeki/Managers/PhaseSectionManager.swift /Users/delaxstudio/src/shigodeki/iOS/shigodeki/Managers/ProjectCreationHelpers.swift /Users/delaxstudio/src/shigodeki/iOS/shigodeki/Managers/ProjectInvitationManager.swift /Users/delaxstudio/src/shigodeki/iOS/shigodeki/Managers/ProjectListenerManager.swift /Users/delaxstudio/src/shigodeki/iOS/shigodeki/Managers/ProjectManager.swift /Users/delaxstudio/src/shigodeki/iOS/shigodeki/Managers/ProjectMemberOperations.swift /Users/delaxstudio/src/shigodeki/iOS/shigodeki/Managers/ProjectTemplateOperations.swift /Users/delaxstudio/src/shigodeki/iOS/shigodeki/Managers/ProjectValidationHelpers.swift /Users/delaxstudio/src/shigodeki/iOS/shigodeki/Managers/StorageManager.swift /Users/delaxstudio/src/shigodeki/iOS/shigodeki/Managers/SubtaskManager.swift /Users/delaxstudio/src/shigodeki/iOS/shigodeki/Managers/TagManager.swift /Users/delaxstudio/src/shigodeki/iOS/shigodeki/Managers/TaskListManager.swift /Users/delaxstudio/src/shigodeki/iOS/shigodeki/Managers/TaskManager.swift /Users/delaxstudio/src/shigodeki/iOS/shigodeki/Managers/TaskOrderingManager.swift (in target 'shigodeki' from project 'shigodeki')

SwiftCompile normal x86_64 /Users/delaxstudio/src/shigodeki/iOS/shigodeki/Managers/KeychainManager.swift (in target 'shigodeki' from project 'shigodeki')
    cd /Users/delaxstudio/src/shigodeki/iOS
    

SwiftCompile normal x86_64 /Users/delaxstudio/src/shigodeki/iOS/shigodeki/Managers/OfflineManager.swift (in target 'shigodeki' from project 'shigodeki')
    cd /Users/delaxstudio/src/shigodeki/iOS
    

SwiftCompile normal x86_64 /Users/delaxstudio/src/shigodeki/iOS/shigodeki/Managers/PhaseManager.swift (in target 'shigodeki' from project 'shigodeki')
    cd /Users/delaxstudio/src/shigodeki/iOS
    

SwiftCompile normal x86_64 /Users/delaxstudio/src/shigodeki/iOS/shigodeki/Managers/PhaseSectionManager.swift (in target 'shigodeki' from project 'shigodeki')
    cd /Users/delaxstudio/src/shigodeki/iOS
    

SwiftCompile normal x86_64 /Users/delaxstudio/src/shigodeki/iOS/shigodeki/Managers/ProjectCreationHelpers.swift (in target 'shigodeki' from project 'shigodeki')
    cd /Users/delaxstudio/src/shigodeki/iOS
    

SwiftCompile normal x86_64 /Users/delaxstudio/src/shigodeki/iOS/shigodeki/Managers/ProjectInvitationManager.swift (in target 'shigodeki' from project 'shigodeki')
    cd /Users/delaxstudio/src/shigodeki/iOS
    

SwiftCompile normal x86_64 /Users/delaxstudio/src/shigodeki/iOS/shigodeki/Managers/ProjectListenerManager.swift (in target 'shigodeki' from project 'shigodeki')
    cd /Users/delaxstudio/src/shigodeki/iOS
    

SwiftCompile normal x86_64 /Users/delaxstudio/src/shigodeki/iOS/shigodeki/Managers/ProjectManager.swift (in target 'shigodeki' from project 'shigodeki')
    cd /Users/delaxstudio/src/shigodeki/iOS
    

SwiftCompile normal x86_64 /Users/delaxstudio/src/shigodeki/iOS/shigodeki/Managers/ProjectMemberOperations.swift (in target 'shigodeki' from project 'shigodeki')
    cd /Users/delaxstudio/src/shigodeki/iOS
    

SwiftCompile normal x86_64 /Users/delaxstudio/src/shigodeki/iOS/shigodeki/Managers/ProjectTemplateOperations.swift (in target 'shigodeki' from project 'shigodeki')
    cd /Users/delaxstudio/src/shigodeki/iOS
    

SwiftCompile normal x86_64 /Users/delaxstudio/src/shigodeki/iOS/shigodeki/Managers/ProjectValidationHelpers.swift (in target 'shigodeki' from project 'shigodeki')
    cd /Users/delaxstudio/src/shigodeki/iOS
    

SwiftCompile normal x86_64 /Users/delaxstudio/src/shigodeki/iOS/shigodeki/Managers/StorageManager.swift (in target 'shigodeki' from project 'shigodeki')
    cd /Users/delaxstudio/src/shigodeki/iOS
    

SwiftCompile normal x86_64 /Users/delaxstudio/src/shigodeki/iOS/shigodeki/Managers/SubtaskManager.swift (in target 'shigodeki' from project 'shigodeki')
    cd /Users/delaxstudio/src/shigodeki/iOS
    

SwiftCompile normal x86_64 /Users/delaxstudio/src/shigodeki/iOS/shigodeki/Managers/TagManager.swift (in target 'shigodeki' from project 'shigodeki')
    cd /Users/delaxstudio/src/shigodeki/iOS
    

SwiftCompile normal x86_64 /Users/delaxstudio/src/shigodeki/iOS/shigodeki/Managers/TaskListManager.swift (in target 'shigodeki' from project 'shigodeki')
    cd /Users/delaxstudio/src/shigodeki/iOS
    

SwiftCompile normal x86_64 /Users/delaxstudio/src/shigodeki/iOS/shigodeki/Managers/TaskManager.swift (in target 'shigodeki' from project 'shigodeki')
    cd /Users/delaxstudio/src/shigodeki/iOS
    

SwiftCompile normal x86_64 /Users/delaxstudio/src/shigodeki/iOS/shigodeki/Managers/TaskOrderingManager.swift (in target 'shigodeki' from project 'shigodeki')
    cd /Users/delaxstudio/src/shigodeki/iOS
    

SwiftCompile normal x86_64 Compiling\ ScrollToTopSupport.swift,\ SectionPickerView.swift,\ SharedManagerStore.swift,\ TagChip.swift,\ TagDisplayView.swift,\ TagInputComponents.swift,\ TaskAddModal.swift,\ TaskAIAssistantComponents.swift,\ TaskAIGenerationViews.swift,\ TaskAIModeComponents.swift,\ TaskAIStatusComponents.swift,\ TaskDetailComponents.swift,\ TaskImprovementStateViews.swift,\ TaskImprovementSuggestionComponents.swift,\ TaskQuickActions.swift,\ TasksPreview.swift,\ TemplateCustomizationComponents.swift /Users/delaxstudio/src/shigodeki/iOS/shigodeki/Components/ScrollToTopSupport.swift /Users/delaxstudio/src/shigodeki/iOS/shigodeki/Components/SectionPickerView.swift /Users/delaxstudio/src/shigodeki/iOS/shigodeki/Components/SharedManagerStore.swift /Users/delaxstudio/src/shigodeki/iOS/shigodeki/Components/TagChip.swift /Users/delaxstudio/src/shigodeki/iOS/shigodeki/Components/TagDisplayView.swift /Users/delaxstudio/src/shigodeki/iOS/shigodeki/Components/TagInputComponents.swift /Users/delaxstudio/src/shigodeki/iOS/shigodeki/Components/TaskAddModal.swift /Users/delaxstudio/src/shigodeki/iOS/shigodeki/Components/TaskAIAssistantComponents.swift /Users/delaxstudio/src/shigodeki/iOS/shigodeki/Components/TaskAIGenerationViews.swift /Users/delaxstudio/src/shigodeki/iOS/shigodeki/Components/TaskAIModeComponents.swift /Users/delaxstudio/src/shigodeki/iOS/shigodeki/Components/TaskAIStatusComponents.swift /Users/delaxstudio/src/shigodeki/iOS/shigodeki/Components/TaskDetailComponents.swift /Users/delaxstudio/src/shigodeki/iOS/shigodeki/Components/TaskImprovementStateViews.swift /Users/delaxstudio/src/shigodeki/iOS/shigodeki/Components/TaskImprovementSuggestionComponents.swift /Users/delaxstudio/src/shigodeki/iOS/shigodeki/Components/TaskQuickActions.swift /Users/delaxstudio/src/shigodeki/iOS/shigodeki/Components/TasksPreview.swift /Users/delaxstudio/src/shigodeki/iOS/shigodeki/Components/TemplateCustomizationComponents.swift (in target 'shigodeki' from project 'shigodeki')
SwiftCompile normal x86_64 /Users/delaxstudio/src/shigodeki/iOS/shigodeki/Components/ScrollToTopSupport.swift (in target 'shigodeki' from project 'shigodeki')
    cd /Users/delaxstudio/src/shigodeki/iOS
    

SwiftCompile normal x86_64 /Users/delaxstudio/src/shigodeki/iOS/shigodeki/Components/SectionPickerView.swift (in target 'shigodeki' from project 'shigodeki')
    cd /Users/delaxstudio/src/shigodeki/iOS
    

SwiftCompile normal x86_64 /Users/delaxstudio/src/shigodeki/iOS/shigodeki/Components/SharedManagerStore.swift (in target 'shigodeki' from project 'shigodeki')
    cd /Users/delaxstudio/src/shigodeki/iOS
    

SwiftCompile normal x86_64 /Users/delaxstudio/src/shigodeki/iOS/shigodeki/Components/TagChip.swift (in target 'shigodeki' from project 'shigodeki')
    cd /Users/delaxstudio/src/shigodeki/iOS
    

SwiftCompile normal x86_64 /Users/delaxstudio/src/shigodeki/iOS/shigodeki/Components/TagDisplayView.swift (in target 'shigodeki' from project 'shigodeki')
    cd /Users/delaxstudio/src/shigodeki/iOS
    

SwiftCompile normal x86_64 /Users/delaxstudio/src/shigodeki/iOS/shigodeki/Components/TagInputComponents.swift (in target 'shigodeki' from project 'shigodeki')
    cd /Users/delaxstudio/src/shigodeki/iOS
    

SwiftCompile normal x86_64 /Users/delaxstudio/src/shigodeki/iOS/shigodeki/Components/TaskAddModal.swift (in target 'shigodeki' from project 'shigodeki')
    cd /Users/delaxstudio/src/shigodeki/iOS
    

SwiftCompile normal x86_64 /Users/delaxstudio/src/shigodeki/iOS/shigodeki/Components/TaskAIAssistantComponents.swift (in target 'shigodeki' from project 'shigodeki')
    cd /Users/delaxstudio/src/shigodeki/iOS
    

SwiftCompile normal x86_64 /Users/delaxstudio/src/shigodeki/iOS/shigodeki/Components/TaskAIGenerationViews.swift (in target 'shigodeki' from project 'shigodeki')
    cd /Users/delaxstudio/src/shigodeki/iOS
    

SwiftCompile normal x86_64 /Users/delaxstudio/src/shigodeki/iOS/shigodeki/Components/TaskAIModeComponents.swift (in target 'shigodeki' from project 'shigodeki')
    cd /Users/delaxstudio/src/shigodeki/iOS
    

SwiftCompile normal x86_64 /Users/delaxstudio/src/shigodeki/iOS/shigodeki/Components/TaskAIStatusComponents.swift (in target 'shigodeki' from project 'shigodeki')
    cd /Users/delaxstudio/src/shigodeki/iOS
    

SwiftCompile normal x86_64 /Users/delaxstudio/src/shigodeki/iOS/shigodeki/Components/TaskDetailComponents.swift (in target 'shigodeki' from project 'shigodeki')
    cd /Users/delaxstudio/src/shigodeki/iOS
    

SwiftCompile normal x86_64 /Users/delaxstudio/src/shigodeki/iOS/shigodeki/Components/TaskImprovementStateViews.swift (in target 'shigodeki' from project 'shigodeki')
    cd /Users/delaxstudio/src/shigodeki/iOS
    

SwiftCompile normal x86_64 /Users/delaxstudio/src/shigodeki/iOS/shigodeki/Components/TaskImprovementSuggestionComponents.swift (in target 'shigodeki' from project 'shigodeki')
    cd /Users/delaxstudio/src/shigodeki/iOS
    

SwiftCompile normal x86_64 /Users/delaxstudio/src/shigodeki/iOS/shigodeki/Components/TaskQuickActions.swift (in target 'shigodeki' from project 'shigodeki')
    cd /Users/delaxstudio/src/shigodeki/iOS
    

SwiftCompile normal x86_64 /Users/delaxstudio/src/shigodeki/iOS/shigodeki/Components/TasksPreview.swift (in target 'shigodeki' from project 'shigodeki')
    cd /Users/delaxstudio/src/shigodeki/iOS
    

SwiftCompile normal x86_64 /Users/delaxstudio/src/shigodeki/iOS/shigodeki/Components/TemplateCustomizationComponents.swift (in target 'shigodeki' from project 'shigodeki')
    cd /Users/delaxstudio/src/shigodeki/iOS
    

SwiftCompile normal x86_64 Compiling\ AIPromptTemplate.swift,\ AITaskPromptBuilder.swift,\ AITaskSuggestionParser.swift,\ ClaudeClient.swift,\ GeminiClient.swift,\ OpenAIClient.swift,\ AccessibilityComponents.swift,\ AccessibilityFocusManager.swift,\ AccessibilitySystem.swift,\ AnimationSystem.swift,\ AssigneeSectionView.swift,\ AuthDebugComponents.swift,\ AuthHelperViews.swift,\ AuthStatusComponents.swift,\ AuthTestComponents.swift,\ AuthTestControls.swift,\ BreadcrumbBar.swift /Users/delaxstudio/src/shigodeki/iOS/shigodeki/AI/AIPromptTemplate.swift /Users/delaxstudio/src/shigodeki/iOS/shigodeki/AI/AITaskPromptBuilder.swift /Users/delaxstudio/src/shigodeki/iOS/shigodeki/AI/AITaskSuggestionParser.swift /Users/delaxstudio/src/shigodeki/iOS/shigodeki/AI/ClaudeClient.swift /Users/delaxstudio/src/shigodeki/iOS/shigodeki/AI/GeminiClient.swift /Users/delaxstudio/src/shigodeki/iOS/shigodeki/AI/OpenAIClient.swift /Users/delaxstudio/src/shigodeki/iOS/shigodeki/Components/AccessibilityComponents.swift /Users/delaxstudio/src/shigodeki/iOS/shigodeki/Components/AccessibilityFocusManager.swift /Users/delaxstudio/src/shigodeki/iOS/shigodeki/Components/AccessibilitySystem.swift /Users/delaxstudio/src/shigodeki/iOS/shigodeki/Components/AnimationSystem.swift /Users/delaxstudio/src/shigodeki/iOS/shigodeki/Components/AssigneeSectionView.swift /Users/delaxstudio/src/shigodeki/iOS/shigodeki/Components/AuthDebugComponents.swift /Users/delaxstudio/src/shigodeki/iOS/shigodeki/Components/AuthHelperViews.swift /Users/delaxstudio/src/shigodeki/iOS/shigodeki/Components/AuthStatusComponents.swift /Users/delaxstudio/src/shigodeki/iOS/shigodeki/Components/AuthTestComponents.swift /Users/delaxstudio/src/shigodeki/iOS/shigodeki/Components/AuthTestControls.swift /Users/delaxstudio/src/shigodeki/iOS/shigodeki/Components/BreadcrumbBar.swift (in target 'shigodeki' from project 'shigodeki')

SwiftCompile normal x86_64 /Users/delaxstudio/src/shigodeki/iOS/shigodeki/AI/AIPromptTemplate.swift (in target 'shigodeki' from project 'shigodeki')
    cd /Users/delaxstudio/src/shigodeki/iOS
    

SwiftCompile normal x86_64 /Users/delaxstudio/src/shigodeki/iOS/shigodeki/AI/AITaskPromptBuilder.swift (in target 'shigodeki' from project 'shigodeki')
    cd /Users/delaxstudio/src/shigodeki/iOS
    

SwiftCompile normal x86_64 /Users/delaxstudio/src/shigodeki/iOS/shigodeki/AI/AITaskSuggestionParser.swift (in target 'shigodeki' from project 'shigodeki')
    cd /Users/delaxstudio/src/shigodeki/iOS
    

SwiftCompile normal x86_64 /Users/delaxstudio/src/shigodeki/iOS/shigodeki/AI/ClaudeClient.swift (in target 'shigodeki' from project 'shigodeki')
    cd /Users/delaxstudio/src/shigodeki/iOS
    

SwiftCompile normal x86_64 /Users/delaxstudio/src/shigodeki/iOS/shigodeki/AI/GeminiClient.swift (in target 'shigodeki' from project 'shigodeki')
    cd /Users/delaxstudio/src/shigodeki/iOS
    

SwiftCompile normal x86_64 /Users/delaxstudio/src/shigodeki/iOS/shigodeki/AI/OpenAIClient.swift (in target 'shigodeki' from project 'shigodeki')
    cd /Users/delaxstudio/src/shigodeki/iOS
    

SwiftCompile normal x86_64 /Users/delaxstudio/src/shigodeki/iOS/shigodeki/Components/AccessibilityComponents.swift (in target 'shigodeki' from project 'shigodeki')
    cd /Users/delaxstudio/src/shigodeki/iOS
    

SwiftCompile normal x86_64 /Users/delaxstudio/src/shigodeki/iOS/shigodeki/Components/AccessibilityFocusManager.swift (in target 'shigodeki' from project 'shigodeki')
    cd /Users/delaxstudio/src/shigodeki/iOS
    

SwiftCompile normal x86_64 /Users/delaxstudio/src/shigodeki/iOS/shigodeki/Components/AccessibilitySystem.swift (in target 'shigodeki' from project 'shigodeki')
    cd /Users/delaxstudio/src/shigodeki/iOS
    

SwiftCompile normal x86_64 /Users/delaxstudio/src/shigodeki/iOS/shigodeki/Components/AnimationSystem.swift (in target 'shigodeki' from project 'shigodeki')
    cd /Users/delaxstudio/src/shigodeki/iOS
    

SwiftCompile normal x86_64 /Users/delaxstudio/src/shigodeki/iOS/shigodeki/Components/AssigneeSectionView.swift (in target 'shigodeki' from project 'shigodeki')
    cd /Users/delaxstudio/src/shigodeki/iOS
    

SwiftCompile normal x86_64 /Users/delaxstudio/src/shigodeki/iOS/shigodeki/Components/AuthDebugComponents.swift (in target 'shigodeki' from project 'shigodeki')
    cd /Users/delaxstudio/src/shigodeki/iOS
    

SwiftCompile normal x86_64 /Users/delaxstudio/src/shigodeki/iOS/shigodeki/Components/AuthHelperViews.swift (in target 'shigodeki' from project 'shigodeki')
    cd /Users/delaxstudio/src/shigodeki/iOS
    

SwiftCompile normal x86_64 /Users/delaxstudio/src/shigodeki/iOS/shigodeki/Components/AuthStatusComponents.swift (in target 'shigodeki' from project 'shigodeki')
    cd /Users/delaxstudio/src/shigodeki/iOS
    

SwiftCompile normal x86_64 /Users/delaxstudio/src/shigodeki/iOS/shigodeki/Components/AuthTestComponents.swift (in target 'shigodeki' from project 'shigodeki')
    cd /Users/delaxstudio/src/shigodeki/iOS
    

SwiftCompile normal x86_64 /Users/delaxstudio/src/shigodeki/iOS/shigodeki/Components/AuthTestControls.swift (in target 'shigodeki' from project 'shigodeki')
    cd /Users/delaxstudio/src/shigodeki/iOS
    

SwiftCompile normal x86_64 /Users/delaxstudio/src/shigodeki/iOS/shigodeki/Components/BreadcrumbBar.swift (in target 'shigodeki' from project 'shigodeki')
    cd /Users/delaxstudio/src/shigodeki/iOS
    

SwiftCompile normal x86_64 Compiling\ TagCRUDService.swift,\ TagDataService.swift,\ TagUsageService.swift,\ TaskAnalysisService.swift,\ TaskCreationService.swift,\ TaskCRUDService.swift,\ TaskImprovementEngine.swift,\ TaskListArchiveService.swift,\ TaskListCRUDService.swift,\ TaskListenerService.swift,\ TaskListListenerService.swift,\ TaskListOrderingService.swift,\ TaskListService.swift,\ TaskListValidationService.swift,\ TaskOperationService.swift,\ TaskRealtimeService.swift,\ TaskRefinementService.swift /Users/delaxstudio/src/shigodeki/iOS/shigodeki/Services/TagCRUDService.swift /Users/delaxstudio/src/shigodeki/iOS/shigodeki/Services/TagDataService.swift /Users/delaxstudio/src/shigodeki/iOS/shigodeki/Services/TagUsageService.swift /Users/delaxstudio/src/shigodeki/iOS/shigodeki/Services/TaskAnalysisService.swift /Users/delaxstudio/src/shigodeki/iOS/shigodeki/Services/TaskCreationService.swift /Users/delaxstudio/src/shigodeki/iOS/shigodeki/Services/TaskCRUDService.swift /Users/delaxstudio/src/shigodeki/iOS/shigodeki/Services/TaskImprovementEngine.swift /Users/delaxstudio/src/shigodeki/iOS/shigodeki/Services/TaskListArchiveService.swift /Users/delaxstudio/src/shigodeki/iOS/shigodeki/Services/TaskListCRUDService.swift /Users/delaxstudio/src/shigodeki/iOS/shigodeki/Services/TaskListenerService.swift /Users/delaxstudio/src/shigodeki/iOS/shigodeki/Services/TaskListListenerService.swift /Users/delaxstudio/src/shigodeki/iOS/shigodeki/Services/TaskListOrderingService.swift /Users/delaxstudio/src/shigodeki/iOS/shigodeki/Services/TaskListService.swift /Users/delaxstudio/src/shigodeki/iOS/shigodeki/Services/TaskListValidationService.swift /Users/delaxstudio/src/shigodeki/iOS/shigodeki/Services/TaskOperationService.swift /Users/delaxstudio/src/shigodeki/iOS/shigodeki/Services/TaskRealtimeService.swift /Users/delaxstudio/src/shigodeki/iOS/shigodeki/Services/TaskRefinementService.swift (in target 'shigodeki' from project 'shigodeki')

SwiftCompile normal x86_64 /Users/delaxstudio/src/shigodeki/iOS/shigodeki/Services/TagCRUDService.swift (in target 'shigodeki' from project 'shigodeki')
    cd /Users/delaxstudio/src/shigodeki/iOS
    

SwiftCompile normal x86_64 /Users/delaxstudio/src/shigodeki/iOS/shigodeki/Services/TagDataService.swift (in target 'shigodeki' from project 'shigodeki')
    cd /Users/delaxstudio/src/shigodeki/iOS
    

SwiftCompile normal x86_64 /Users/delaxstudio/src/shigodeki/iOS/shigodeki/Services/TagUsageService.swift (in target 'shigodeki' from project 'shigodeki')
    cd /Users/delaxstudio/src/shigodeki/iOS
    

SwiftCompile normal x86_64 /Users/delaxstudio/src/shigodeki/iOS/shigodeki/Services/TaskAnalysisService.swift (in target 'shigodeki' from project 'shigodeki')
    cd /Users/delaxstudio/src/shigodeki/iOS
    

SwiftCompile normal x86_64 /Users/delaxstudio/src/shigodeki/iOS/shigodeki/Services/TaskCreationService.swift (in target 'shigodeki' from project 'shigodeki')
    cd /Users/delaxstudio/src/shigodeki/iOS
    

SwiftCompile normal x86_64 /Users/delaxstudio/src/shigodeki/iOS/shigodeki/Services/TaskCRUDService.swift (in target 'shigodeki' from project 'shigodeki')
    cd /Users/delaxstudio/src/shigodeki/iOS
    

SwiftCompile normal x86_64 /Users/delaxstudio/src/shigodeki/iOS/shigodeki/Services/TaskImprovementEngine.swift (in target 'shigodeki' from project 'shigodeki')
    cd /Users/delaxstudio/src/shigodeki/iOS
    

SwiftCompile normal x86_64 /Users/delaxstudio/src/shigodeki/iOS/shigodeki/Services/TaskListArchiveService.swift (in target 'shigodeki' from project 'shigodeki')
    cd /Users/delaxstudio/src/shigodeki/iOS
    

SwiftCompile normal x86_64 /Users/delaxstudio/src/shigodeki/iOS/shigodeki/Services/TaskListCRUDService.swift (in target 'shigodeki' from project 'shigodeki')
    cd /Users/delaxstudio/src/shigodeki/iOS
    

SwiftCompile normal x86_64 /Users/delaxstudio/src/shigodeki/iOS/shigodeki/Services/TaskListenerService.swift (in target 'shigodeki' from project 'shigodeki')
    cd /Users/delaxstudio/src/shigodeki/iOS
    

SwiftCompile normal x86_64 /Users/delaxstudio/src/shigodeki/iOS/shigodeki/Services/TaskListListenerService.swift (in target 'shigodeki' from project 'shigodeki')
    cd /Users/delaxstudio/src/shigodeki/iOS
    

SwiftCompile normal x86_64 /Users/delaxstudio/src/shigodeki/iOS/shigodeki/Services/TaskListOrderingService.swift (in target 'shigodeki' from project 'shigodeki')
    cd /Users/delaxstudio/src/shigodeki/iOS
    

SwiftCompile normal x86_64 /Users/delaxstudio/src/shigodeki/iOS/shigodeki/Services/TaskListService.swift (in target 'shigodeki' from project 'shigodeki')
    cd /Users/delaxstudio/src/shigodeki/iOS
    

SwiftCompile normal x86_64 /Users/delaxstudio/src/shigodeki/iOS/shigodeki/Services/TaskListValidationService.swift (in target 'shigodeki' from project 'shigodeki')
    cd /Users/delaxstudio/src/shigodeki/iOS
    

SwiftCompile normal x86_64 /Users/delaxstudio/src/shigodeki/iOS/shigodeki/Services/TaskOperationService.swift (in target 'shigodeki' from project 'shigodeki')
    cd /Users/delaxstudio/src/shigodeki/iOS
    

SwiftCompile normal x86_64 /Users/delaxstudio/src/shigodeki/iOS/shigodeki/Services/TaskRealtimeService.swift (in target 'shigodeki' from project 'shigodeki')
    cd /Users/delaxstudio/src/shigodeki/iOS
    

SwiftCompile normal x86_64 /Users/delaxstudio/src/shigodeki/iOS/shigodeki/Services/TaskRefinementService.swift (in target 'shigodeki' from project 'shigodeki')
    cd /Users/delaxstudio/src/shigodeki/iOS
    

SwiftCompile normal x86_64 Compiling\ TemplateComplexityCalculator.swift,\ TemplateContentEncoder.swift,\ TemplateCustomizationService.swift,\ TemplateExporter.swift,\ TemplateExportOptions.swift,\ TemplateFilterService.swift,\ TemplateImportConversion.swift,\ TemplateImporter.swift,\ TemplateImportService.swift,\ TemplateImportValidation.swift,\ TemplateProcessingService.swift,\ TemplateStatisticsService.swift,\ TemplateValidation.swift,\ TemplateValidationHelpers.swift,\ TemplateValidationLogic.swift,\ TemplateValidationTypes.swift,\ TestingTaskListBuilder.swift /Users/delaxstudio/src/shigodeki/iOS/shigodeki/Services/TemplateComplexityCalculator.swift /Users/delaxstudio/src/shigodeki/iOS/shigodeki/Services/TemplateContentEncoder.swift /Users/delaxstudio/src/shigodeki/iOS/shigodeki/Services/TemplateCustomizationService.swift /Users/delaxstudio/src/shigodeki/iOS/shigodeki/Services/TemplateExporter.swift /Users/delaxstudio/src/shigodeki/iOS/shigodeki/Services/TemplateExportOptions.swift /Users/delaxstudio/src/shigodeki/iOS/shigodeki/Services/TemplateFilterService.swift /Users/delaxstudio/src/shigodeki/iOS/shigodeki/Services/TemplateImportConversion.swift /Users/delaxstudio/src/shigodeki/iOS/shigodeki/Services/TemplateImporter.swift /Users/delaxstudio/src/shigodeki/iOS/shigodeki/Services/TemplateImportService.swift /Users/delaxstudio/src/shigodeki/iOS/shigodeki/Services/TemplateImportValidation.swift /Users/delaxstudio/src/shigodeki/iOS/shigodeki/Services/TemplateProcessingService.swift /Users/delaxstudio/src/shigodeki/iOS/shigodeki/Services/TemplateStatisticsService.swift /Users/delaxstudio/src/shigodeki/iOS/shigodeki/Services/TemplateValidation.swift /Users/delaxstudio/src/shigodeki/iOS/shigodeki/Services/TemplateValidationHelpers.swift /Users/delaxstudio/src/shigodeki/iOS/shigodeki/Services/TemplateValidationLogic.swift /Users/delaxstudio/src/shigodeki/iOS/shigodeki/Services/TemplateValidationTypes.swift /Users/delaxstudio/src/shigodeki/iOS/shigodeki/Services/TestingTaskListBuilder.swift (in target 'shigodeki' from project 'shigodeki')

SwiftCompile normal x86_64 /Users/delaxstudio/src/shigodeki/iOS/shigodeki/Services/TemplateComplexityCalculator.swift (in target 'shigodeki' from project 'shigodeki')
    cd /Users/delaxstudio/src/shigodeki/iOS
    

SwiftCompile normal x86_64 /Users/delaxstudio/src/shigodeki/iOS/shigodeki/Services/TemplateContentEncoder.swift (in target 'shigodeki' from project 'shigodeki')
    cd /Users/delaxstudio/src/shigodeki/iOS
    

SwiftCompile normal x86_64 /Users/delaxstudio/src/shigodeki/iOS/shigodeki/Services/TemplateCustomizationService.swift (in target 'shigodeki' from project 'shigodeki')
    cd /Users/delaxstudio/src/shigodeki/iOS
    

SwiftCompile normal x86_64 /Users/delaxstudio/src/shigodeki/iOS/shigodeki/Services/TemplateExporter.swift (in target 'shigodeki' from project 'shigodeki')
    cd /Users/delaxstudio/src/shigodeki/iOS
    

SwiftCompile normal x86_64 /Users/delaxstudio/src/shigodeki/iOS/shigodeki/Services/TemplateExportOptions.swift (in target 'shigodeki' from project 'shigodeki')
    cd /Users/delaxstudio/src/shigodeki/iOS
    

SwiftCompile normal x86_64 /Users/delaxstudio/src/shigodeki/iOS/shigodeki/Services/TemplateFilterService.swift (in target 'shigodeki' from project 'shigodeki')
    cd /Users/delaxstudio/src/shigodeki/iOS
    

SwiftCompile normal x86_64 /Users/delaxstudio/src/shigodeki/iOS/shigodeki/Services/TemplateImportConversion.swift (in target 'shigodeki' from project 'shigodeki')
    cd /Users/delaxstudio/src/shigodeki/iOS
    

SwiftCompile normal x86_64 /Users/delaxstudio/src/shigodeki/iOS/shigodeki/Services/TemplateImporter.swift (in target 'shigodeki' from project 'shigodeki')
    cd /Users/delaxstudio/src/shigodeki/iOS
    

SwiftCompile normal x86_64 /Users/delaxstudio/src/shigodeki/iOS/shigodeki/Services/TemplateImportService.swift (in target 'shigodeki' from project 'shigodeki')
    cd /Users/delaxstudio/src/shigodeki/iOS
    

SwiftCompile normal x86_64 /Users/delaxstudio/src/shigodeki/iOS/shigodeki/Services/TemplateImportValidation.swift (in target 'shigodeki' from project 'shigodeki')
    cd /Users/delaxstudio/src/shigodeki/iOS
    

SwiftCompile normal x86_64 /Users/delaxstudio/src/shigodeki/iOS/shigodeki/Services/TemplateProcessingService.swift (in target 'shigodeki' from project 'shigodeki')
    cd /Users/delaxstudio/src/shigodeki/iOS
    

SwiftCompile normal x86_64 /Users/delaxstudio/src/shigodeki/iOS/shigodeki/Services/TemplateStatisticsService.swift (in target 'shigodeki' from project 'shigodeki')
    cd /Users/delaxstudio/src/shigodeki/iOS
    

SwiftCompile normal x86_64 /Users/delaxstudio/src/shigodeki/iOS/shigodeki/Services/TemplateValidation.swift (in target 'shigodeki' from project 'shigodeki')
    cd /Users/delaxstudio/src/shigodeki/iOS
    

SwiftCompile normal x86_64 /Users/delaxstudio/src/shigodeki/iOS/shigodeki/Services/TemplateValidationHelpers.swift (in target 'shigodeki' from project 'shigodeki')
    cd /Users/delaxstudio/src/shigodeki/iOS
    

SwiftCompile normal x86_64 /Users/delaxstudio/src/shigodeki/iOS/shigodeki/Services/TemplateValidationLogic.swift (in target 'shigodeki' from project 'shigodeki')
    cd /Users/delaxstudio/src/shigodeki/iOS
    

SwiftCompile normal x86_64 /Users/delaxstudio/src/shigodeki/iOS/shigodeki/Services/TemplateValidationTypes.swift (in target 'shigodeki' from project 'shigodeki')
    cd /Users/delaxstudio/src/shigodeki/iOS
    

SwiftCompile normal x86_64 /Users/delaxstudio/src/shigodeki/iOS/shigodeki/Services/TestingTaskListBuilder.swift (in target 'shigodeki' from project 'shigodeki')
    cd /Users/delaxstudio/src/shigodeki/iOS
    

SwiftCompile normal x86_64 Compiling\ ProjectInfoSection.swift,\ ProjectInvitationSection.swift,\ ProjectOwnerSection.swift,\ TaskAISections.swift,\ TaskBasicSections.swift,\ TaskDetailSheets.swift,\ TaskDetailToolbar.swift,\ TaskExtendedSections.swift,\ TaskListContentSection.swift,\ TaskListInfoSection.swift,\ TaskRelatedSections.swift,\ TaskRowComponent.swift,\ AIDraftFlowView.swift,\ PhotoDraftFlowView.swift,\ TemplateDraftFlowView.swift,\ KPIState.swift,\ PortfolioKPIHeader.swift /Users/delaxstudio/src/shigodeki/iOS/shigodeki/Views/Components/ProjectInfoSection.swift /Users/delaxstudio/src/shigodeki/iOS/shigodeki/Views/Components/ProjectInvitationSection.swift /Users/delaxstudio/src/shigodeki/iOS/shigodeki/Views/Components/ProjectOwnerSection.swift /Users/delaxstudio/src/shigodeki/iOS/shigodeki/Views/Components/TaskAISections.swift /Users/delaxstudio/src/shigodeki/iOS/shigodeki/Views/Components/TaskBasicSections.swift /Users/delaxstudio/src/shigodeki/iOS/shigodeki/Views/Components/TaskDetailSheets.swift /Users/delaxstudio/src/shigodeki/iOS/shigodeki/Views/Components/TaskDetailToolbar.swift /Users/delaxstudio/src/shigodeki/iOS/shigodeki/Views/Components/TaskExtendedSections.swift /Users/delaxstudio/src/shigodeki/iOS/shigodeki/Views/Components/TaskListContentSection.swift /Users/delaxstudio/src/shigodeki/iOS/shigodeki/Views/Components/TaskListInfoSection.swift /Users/delaxstudio/src/shigodeki/iOS/shigodeki/Views/Components/TaskRelatedSections.swift /Users/delaxstudio/src/shigodeki/iOS/shigodeki/Views/Components/TaskRowComponent.swift /Users/delaxstudio/src/shigodeki/iOS/shigodeki/Views/Drafts/AIDraftFlowView.swift /Users/delaxstudio/src/shigodeki/iOS/shigodeki/Views/Drafts/PhotoDraftFlowView.swift /Users/delaxstudio/src/shigodeki/iOS/shigodeki/Views/Drafts/TemplateDraftFlowView.swift /Users/delaxstudio/src/shigodeki/iOS/shigodeki/Views/KPI/KPIState.swift /Users/delaxstudio/src/shigodeki/iOS/shigodeki/Views/KPI/PortfolioKPIHeader.swift (in target 'shigodeki' from project 'shigodeki')

SwiftCompile normal x86_64 /Users/delaxstudio/src/shigodeki/iOS/shigodeki/Views/Components/ProjectInfoSection.swift (in target 'shigodeki' from project 'shigodeki')
    cd /Users/delaxstudio/src/shigodeki/iOS
    

SwiftCompile normal x86_64 /Users/delaxstudio/src/shigodeki/iOS/shigodeki/Views/Components/ProjectInvitationSection.swift (in target 'shigodeki' from project 'shigodeki')
    cd /Users/delaxstudio/src/shigodeki/iOS
    

SwiftCompile normal x86_64 /Users/delaxstudio/src/shigodeki/iOS/shigodeki/Views/Components/ProjectOwnerSection.swift (in target 'shigodeki' from project 'shigodeki')
    cd /Users/delaxstudio/src/shigodeki/iOS
    

SwiftCompile normal x86_64 /Users/delaxstudio/src/shigodeki/iOS/shigodeki/Views/Components/TaskAISections.swift (in target 'shigodeki' from project 'shigodeki')
    cd /Users/delaxstudio/src/shigodeki/iOS
    

SwiftCompile normal x86_64 /Users/delaxstudio/src/shigodeki/iOS/shigodeki/Views/Components/TaskBasicSections.swift (in target 'shigodeki' from project 'shigodeki')
    cd /Users/delaxstudio/src/shigodeki/iOS
    

SwiftCompile normal x86_64 /Users/delaxstudio/src/shigodeki/iOS/shigodeki/Views/Components/TaskDetailSheets.swift (in target 'shigodeki' from project 'shigodeki')
    cd /Users/delaxstudio/src/shigodeki/iOS
    

SwiftCompile normal x86_64 /Users/delaxstudio/src/shigodeki/iOS/shigodeki/Views/Components/TaskDetailToolbar.swift (in target 'shigodeki' from project 'shigodeki')
    cd /Users/delaxstudio/src/shigodeki/iOS
    

SwiftCompile normal x86_64 /Users/delaxstudio/src/shigodeki/iOS/shigodeki/Views/Components/TaskExtendedSections.swift (in target 'shigodeki' from project 'shigodeki')
    cd /Users/delaxstudio/src/shigodeki/iOS
    

SwiftCompile normal x86_64 /Users/delaxstudio/src/shigodeki/iOS/shigodeki/Views/Components/TaskListContentSection.swift (in target 'shigodeki' from project 'shigodeki')
    cd /Users/delaxstudio/src/shigodeki/iOS
    

SwiftCompile normal x86_64 /Users/delaxstudio/src/shigodeki/iOS/shigodeki/Views/Components/TaskListInfoSection.swift (in target 'shigodeki' from project 'shigodeki')
    cd /Users/delaxstudio/src/shigodeki/iOS
    

SwiftCompile normal x86_64 /Users/delaxstudio/src/shigodeki/iOS/shigodeki/Views/Components/TaskRelatedSections.swift (in target 'shigodeki' from project 'shigodeki')
    cd /Users/delaxstudio/src/shigodeki/iOS
    

SwiftCompile normal x86_64 /Users/delaxstudio/src/shigodeki/iOS/shigodeki/Views/Components/TaskRowComponent.swift (in target 'shigodeki' from project 'shigodeki')
    cd /Users/delaxstudio/src/shigodeki/iOS
    

SwiftCompile normal x86_64 /Users/delaxstudio/src/shigodeki/iOS/shigodeki/Views/Drafts/AIDraftFlowView.swift (in target 'shigodeki' from project 'shigodeki')
    cd /Users/delaxstudio/src/shigodeki/iOS
    

SwiftCompile normal x86_64 /Users/delaxstudio/src/shigodeki/iOS/shigodeki/Views/Drafts/PhotoDraftFlowView.swift (in target 'shigodeki' from project 'shigodeki')
    cd /Users/delaxstudio/src/shigodeki/iOS
    

SwiftCompile normal x86_64 /Users/delaxstudio/src/shigodeki/iOS/shigodeki/Views/Drafts/TemplateDraftFlowView.swift (in target 'shigodeki' from project 'shigodeki')
    cd /Users/delaxstudio/src/shigodeki/iOS
    

SwiftCompile normal x86_64 /Users/delaxstudio/src/shigodeki/iOS/shigodeki/Views/KPI/KPIState.swift (in target 'shigodeki' from project 'shigodeki')
    cd /Users/delaxstudio/src/shigodeki/iOS
    

SwiftCompile normal x86_64 /Users/delaxstudio/src/shigodeki/iOS/shigodeki/Views/KPI/PortfolioKPIHeader.swift (in target 'shigodeki' from project 'shigodeki')
    cd /Users/delaxstudio/src/shigodeki/iOS
    

SwiftCompile normal x86_64 Compiling\ Persistence.swift,\ PhaseAIService.swift,\ PhaseSubtaskService.swift,\ PhaseTaskDetailService.swift,\ PhaseTaskDetailViewHelpers.swift,\ PhaseTaskViewService.swift,\ ProjectAnalysisEngine.swift,\ ProjectMetricsService.swift,\ ProjectTemplateConverter.swift,\ ProviderThrottleCenter.swift,\ PublishingTaskListBuilder.swift,\ QuickAIPromptBuilder.swift,\ SettingsDataService.swift,\ SoftTemplateDecoding.swift,\ SoftwareDevTemplates.swift,\ SubtaskPromotionService.swift,\ TagCreationService.swift /Users/delaxstudio/src/shigodeki/iOS/shigodeki/Services/Persistence.swift /Users/delaxstudio/src/shigodeki/iOS/shigodeki/Services/PhaseAIService.swift /Users/delaxstudio/src/shigodeki/iOS/shigodeki/Services/PhaseSubtaskService.swift /Users/delaxstudio/src/shigodeki/iOS/shigodeki/Services/PhaseTaskDetailService.swift /Users/delaxstudio/src/shigodeki/iOS/shigodeki/Services/PhaseTaskDetailViewHelpers.swift /Users/delaxstudio/src/shigodeki/iOS/shigodeki/Services/PhaseTaskViewService.swift /Users/delaxstudio/src/shigodeki/iOS/shigodeki/Services/ProjectAnalysisEngine.swift /Users/delaxstudio/src/shigodeki/iOS/shigodeki/Services/ProjectMetricsService.swift /Users/delaxstudio/src/shigodeki/iOS/shigodeki/Services/ProjectTemplateConverter.swift /Users/delaxstudio/src/shigodeki/iOS/shigodeki/Services/ProviderThrottleCenter.swift /Users/delaxstudio/src/shigodeki/iOS/shigodeki/Services/PublishingTaskListBuilder.swift /Users/delaxstudio/src/shigodeki/iOS/shigodeki/Services/QuickAIPromptBuilder.swift /Users/delaxstudio/src/shigodeki/iOS/shigodeki/Services/SettingsDataService.swift /Users/delaxstudio/src/shigodeki/iOS/shigodeki/Services/SoftTemplateDecoding.swift /Users/delaxstudio/src/shigodeki/iOS/shigodeki/Services/SoftwareDevTemplates.swift /Users/delaxstudio/src/shigodeki/iOS/shigodeki/Services/SubtaskPromotionService.swift /Users/delaxstudio/src/shigodeki/iOS/shigodeki/Services/TagCreationService.swift (in target 'shigodeki' from project 'shigodeki')

SwiftCompile normal x86_64 /Users/delaxstudio/src/shigodeki/iOS/shigodeki/Services/Persistence.swift (in target 'shigodeki' from project 'shigodeki')
    cd /Users/delaxstudio/src/shigodeki/iOS
    

SwiftCompile normal x86_64 /Users/delaxstudio/src/shigodeki/iOS/shigodeki/Services/PhaseAIService.swift (in target 'shigodeki' from project 'shigodeki')
    cd /Users/delaxstudio/src/shigodeki/iOS
    

SwiftCompile normal x86_64 /Users/delaxstudio/src/shigodeki/iOS/shigodeki/Services/PhaseSubtaskService.swift (in target 'shigodeki' from project 'shigodeki')
    cd /Users/delaxstudio/src/shigodeki/iOS
    

SwiftCompile normal x86_64 /Users/delaxstudio/src/shigodeki/iOS/shigodeki/Services/PhaseTaskDetailService.swift (in target 'shigodeki' from project 'shigodeki')
    cd /Users/delaxstudio/src/shigodeki/iOS
    

SwiftCompile normal x86_64 /Users/delaxstudio/src/shigodeki/iOS/shigodeki/Services/PhaseTaskDetailViewHelpers.swift (in target 'shigodeki' from project 'shigodeki')
    cd /Users/delaxstudio/src/shigodeki/iOS
    

SwiftCompile normal x86_64 /Users/delaxstudio/src/shigodeki/iOS/shigodeki/Services/PhaseTaskViewService.swift (in target 'shigodeki' from project 'shigodeki')
    cd /Users/delaxstudio/src/shigodeki/iOS
    

SwiftCompile normal x86_64 /Users/delaxstudio/src/shigodeki/iOS/shigodeki/Services/ProjectAnalysisEngine.swift (in target 'shigodeki' from project 'shigodeki')
    cd /Users/delaxstudio/src/shigodeki/iOS
    

SwiftCompile normal x86_64 /Users/delaxstudio/src/shigodeki/iOS/shigodeki/Services/ProjectMetricsService.swift (in target 'shigodeki' from project 'shigodeki')
    cd /Users/delaxstudio/src/shigodeki/iOS
    

SwiftCompile normal x86_64 /Users/delaxstudio/src/shigodeki/iOS/shigodeki/Services/ProjectTemplateConverter.swift (in target 'shigodeki' from project 'shigodeki')
    cd /Users/delaxstudio/src/shigodeki/iOS
    

SwiftCompile normal x86_64 /Users/delaxstudio/src/shigodeki/iOS/shigodeki/Services/ProviderThrottleCenter.swift (in target 'shigodeki' from project 'shigodeki')
    cd /Users/delaxstudio/src/shigodeki/iOS
    

SwiftCompile normal x86_64 /Users/delaxstudio/src/shigodeki/iOS/shigodeki/Services/PublishingTaskListBuilder.swift (in target 'shigodeki' from project 'shigodeki')
    cd /Users/delaxstudio/src/shigodeki/iOS
    

SwiftCompile normal x86_64 /Users/delaxstudio/src/shigodeki/iOS/shigodeki/Services/QuickAIPromptBuilder.swift (in target 'shigodeki' from project 'shigodeki')
    cd /Users/delaxstudio/src/shigodeki/iOS
    

SwiftCompile normal x86_64 /Users/delaxstudio/src/shigodeki/iOS/shigodeki/Services/SettingsDataService.swift (in target 'shigodeki' from project 'shigodeki')
    cd /Users/delaxstudio/src/shigodeki/iOS
    

SwiftCompile normal x86_64 /Users/delaxstudio/src/shigodeki/iOS/shigodeki/Services/SoftTemplateDecoding.swift (in target 'shigodeki' from project 'shigodeki')
    cd /Users/delaxstudio/src/shigodeki/iOS
    

SwiftCompile normal x86_64 /Users/delaxstudio/src/shigodeki/iOS/shigodeki/Services/SoftwareDevTemplates.swift (in target 'shigodeki' from project 'shigodeki')
    cd /Users/delaxstudio/src/shigodeki/iOS
    

SwiftCompile normal x86_64 /Users/delaxstudio/src/shigodeki/iOS/shigodeki/Services/SubtaskPromotionService.swift (in target 'shigodeki' from project 'shigodeki')
    cd /Users/delaxstudio/src/shigodeki/iOS
    

SwiftCompile normal x86_64 /Users/delaxstudio/src/shigodeki/iOS/shigodeki/Services/TagCreationService.swift (in target 'shigodeki' from project 'shigodeki')
    cd /Users/delaxstudio/src/shigodeki/iOS
    

SwiftCompile normal x86_64 Compiling\ UnifiedInvitationService.swift,\ UserDataService.swift,\ WebApiPhaseBuilder.swift,\ WebApiTaskListBuilder.swift,\ WebApiTemplateService.swift,\ WebsiteTemplateService.swift,\ EmailDisplayUtility.swift,\ Environment+Entitlements.swift,\ Environment+Purchases.swift,\ FeatureFlagOverrides.swift,\ FeatureFlags.swift,\ RemoteConfigGate.swift,\ SyncQueue.swift,\ Telemetry.swift,\ ToastCenter.swift,\ DashboardViewModel.swift,\ FamilyViewModel.swift /Users/delaxstudio/src/shigodeki/iOS/shigodeki/Services/UnifiedInvitationService.swift /Users/delaxstudio/src/shigodeki/iOS/shigodeki/Services/UserDataService.swift /Users/delaxstudio/src/shigodeki/iOS/shigodeki/Services/WebApiPhaseBuilder.swift /Users/delaxstudio/src/shigodeki/iOS/shigodeki/Services/WebApiTaskListBuilder.swift /Users/delaxstudio/src/shigodeki/iOS/shigodeki/Services/WebApiTemplateService.swift /Users/delaxstudio/src/shigodeki/iOS/shigodeki/Services/WebsiteTemplateService.swift /Users/delaxstudio/src/shigodeki/iOS/shigodeki/Utilities/EmailDisplayUtility.swift /Users/delaxstudio/src/shigodeki/iOS/shigodeki/Utilities/Environment+Entitlements.swift /Users/delaxstudio/src/shigodeki/iOS/shigodeki/Utilities/Environment+Purchases.swift /Users/delaxstudio/src/shigodeki/iOS/shigodeki/Utilities/FeatureFlagOverrides.swift /Users/delaxstudio/src/shigodeki/iOS/shigodeki/Utilities/FeatureFlags.swift /Users/delaxstudio/src/shigodeki/iOS/shigodeki/Utilities/RemoteConfigGate.swift /Users/delaxstudio/src/shigodeki/iOS/shigodeki/Utilities/SyncQueue.swift /Users/delaxstudio/src/shigodeki/iOS/shigodeki/Utilities/Telemetry.swift /Users/delaxstudio/src/shigodeki/iOS/shigodeki/Utilities/ToastCenter.swift /Users/delaxstudio/src/shigodeki/iOS/shigodeki/ViewModels/DashboardViewModel.swift /Users/delaxstudio/src/shigodeki/iOS/shigodeki/ViewModels/FamilyViewModel.swift (in target 'shigodeki' from project 'shigodeki')

SwiftCompile normal x86_64 /Users/delaxstudio/src/shigodeki/iOS/shigodeki/Services/UnifiedInvitationService.swift (in target 'shigodeki' from project 'shigodeki')
    cd /Users/delaxstudio/src/shigodeki/iOS
    

SwiftCompile normal x86_64 /Users/delaxstudio/src/shigodeki/iOS/shigodeki/Services/UserDataService.swift (in target 'shigodeki' from project 'shigodeki')
    cd /Users/delaxstudio/src/shigodeki/iOS
    

SwiftCompile normal x86_64 /Users/delaxstudio/src/shigodeki/iOS/shigodeki/Services/WebApiPhaseBuilder.swift (in target 'shigodeki' from project 'shigodeki')
    cd /Users/delaxstudio/src/shigodeki/iOS
    

SwiftCompile normal x86_64 /Users/delaxstudio/src/shigodeki/iOS/shigodeki/Services/WebApiTaskListBuilder.swift (in target 'shigodeki' from project 'shigodeki')
    cd /Users/delaxstudio/src/shigodeki/iOS
    

SwiftCompile normal x86_64 /Users/delaxstudio/src/shigodeki/iOS/shigodeki/Services/WebApiTemplateService.swift (in target 'shigodeki' from project 'shigodeki')
    cd /Users/delaxstudio/src/shigodeki/iOS
    

SwiftCompile normal x86_64 /Users/delaxstudio/src/shigodeki/iOS/shigodeki/Services/WebsiteTemplateService.swift (in target 'shigodeki' from project 'shigodeki')
    cd /Users/delaxstudio/src/shigodeki/iOS
    

SwiftCompile normal x86_64 /Users/delaxstudio/src/shigodeki/iOS/shigodeki/Utilities/EmailDisplayUtility.swift (in target 'shigodeki' from project 'shigodeki')
    cd /Users/delaxstudio/src/shigodeki/iOS
    

SwiftCompile normal x86_64 /Users/delaxstudio/src/shigodeki/iOS/shigodeki/Utilities/Environment+Entitlements.swift (in target 'shigodeki' from project 'shigodeki')
    cd /Users/delaxstudio/src/shigodeki/iOS
    

SwiftCompile normal x86_64 /Users/delaxstudio/src/shigodeki/iOS/shigodeki/Utilities/Environment+Purchases.swift (in target 'shigodeki' from project 'shigodeki')
    cd /Users/delaxstudio/src/shigodeki/iOS
    

SwiftCompile normal x86_64 /Users/delaxstudio/src/shigodeki/iOS/shigodeki/Utilities/FeatureFlagOverrides.swift (in target 'shigodeki' from project 'shigodeki')
    cd /Users/delaxstudio/src/shigodeki/iOS
    

SwiftCompile normal x86_64 /Users/delaxstudio/src/shigodeki/iOS/shigodeki/Utilities/FeatureFlags.swift (in target 'shigodeki' from project 'shigodeki')
    cd /Users/delaxstudio/src/shigodeki/iOS
    

SwiftCompile normal x86_64 /Users/delaxstudio/src/shigodeki/iOS/shigodeki/Utilities/RemoteConfigGate.swift (in target 'shigodeki' from project 'shigodeki')
    cd /Users/delaxstudio/src/shigodeki/iOS
    

SwiftCompile normal x86_64 /Users/delaxstudio/src/shigodeki/iOS/shigodeki/Utilities/SyncQueue.swift (in target 'shigodeki' from project 'shigodeki')
    cd /Users/delaxstudio/src/shigodeki/iOS
    

SwiftCompile normal x86_64 /Users/delaxstudio/src/shigodeki/iOS/shigodeki/Utilities/Telemetry.swift (in target 'shigodeki' from project 'shigodeki')
    cd /Users/delaxstudio/src/shigodeki/iOS
    

SwiftCompile normal x86_64 /Users/delaxstudio/src/shigodeki/iOS/shigodeki/Utilities/ToastCenter.swift (in target 'shigodeki' from project 'shigodeki')
    cd /Users/delaxstudio/src/shigodeki/iOS
    

SwiftCompile normal x86_64 /Users/delaxstudio/src/shigodeki/iOS/shigodeki/ViewModels/DashboardViewModel.swift (in target 'shigodeki' from project 'shigodeki')
    cd /Users/delaxstudio/src/shigodeki/iOS
    
/Users/delaxstudio/src/shigodeki/iOS/shigodeki/ViewModels/DashboardViewModel.swift:29:45: warning: main actor-isolated static property 'shared' can not be referenced from a nonisolated context; this is an error in the Swift 6 language mode
    init(sharedStore: SharedManagerStore = .shared) {
                                            ^
/Users/delaxstudio/src/shigodeki/iOS/shigodeki/Components/SharedManagerStore.swift:20:16: note: static property declared here
    static let shared = SharedManagerStore()
               ^

SwiftCompile normal x86_64 /Users/delaxstudio/src/shigodeki/iOS/shigodeki/ViewModels/FamilyViewModel.swift (in target 'shigodeki' from project 'shigodeki')
    cd /Users/delaxstudio/src/shigodeki/iOS
    
/Users/delaxstudio/src/shigodeki/iOS/shigodeki/ViewModels/FamilyViewModel.swift:286:9: warning: will never be executed
        families = operationState.families
        ^
/Users/delaxstudio/src/shigodeki/iOS/shigodeki/ViewModels/FamilyViewModel.swift:372:9: warning: will never be executed
        processingMessage = operationState.processingMessage
        ^

SwiftCompile normal x86_64 Compiling\ FamilyViewModelDI.swift,\ FamilyViewModelState.swift,\ PhaseTaskDetailViewModel.swift,\ PhaseTaskListViewModel.swift,\ ProjectDetailViewModel.swift,\ ProjectListViewModel.swift,\ ProjectPhaseKPIViewModel.swift,\ ProjectPortfolioKPIViewModel.swift,\ TaskListDetailViewModel.swift,\ AIActionButtonsView.swift,\ AIConfigurationPromptView.swift,\ AIDetailResultView.swift,\ AIErrorView.swift,\ AIStatusIndicatorView.swift,\ AnalysisTypeCard.swift,\ ProjectAnalysisHeader.swift,\ ProjectBasicSection.swift /Users/delaxstudio/src/shigodeki/iOS/shigodeki/ViewModels/FamilyViewModelDI.swift /Users/delaxstudio/src/shigodeki/iOS/shigodeki/ViewModels/FamilyViewModelState.swift /Users/delaxstudio/src/shigodeki/iOS/shigodeki/ViewModels/PhaseTaskDetailViewModel.swift /Users/delaxstudio/src/shigodeki/iOS/shigodeki/ViewModels/PhaseTaskListViewModel.swift /Users/delaxstudio/src/shigodeki/iOS/shigodeki/ViewModels/ProjectDetailViewModel.swift /Users/delaxstudio/src/shigodeki/iOS/shigodeki/ViewModels/ProjectListViewModel.swift /Users/delaxstudio/src/shigodeki/iOS/shigodeki/ViewModels/ProjectPhaseKPIViewModel.swift /Users/delaxstudio/src/shigodeki/iOS/shigodeki/ViewModels/ProjectPortfolioKPIViewModel.swift /Users/delaxstudio/src/shigodeki/iOS/shigodeki/ViewModels/TaskListDetailViewModel.swift /Users/delaxstudio/src/shigodeki/iOS/shigodeki/Views/Components/AIActionButtonsView.swift /Users/delaxstudio/src/shigodeki/iOS/shigodeki/Views/Components/AIConfigurationPromptView.swift /Users/delaxstudio/src/shigodeki/iOS/shigodeki/Views/Components/AIDetailResultView.swift /Users/delaxstudio/src/shigodeki/iOS/shigodeki/Views/Components/AIErrorView.swift /Users/delaxstudio/src/shigodeki/iOS/shigodeki/Views/Components/AIStatusIndicatorView.swift /Users/delaxstudio/src/shigodeki/iOS/shigodeki/Views/Components/AnalysisTypeCard.swift /Users/delaxstudio/src/shigodeki/iOS/shigodeki/Views/Components/ProjectAnalysisHeader.swift /Users/delaxstudio/src/shigodeki/iOS/shigodeki/Views/Components/ProjectBasicSection.swift (in target 'shigodeki' from project 'shigodeki')

SwiftCompile normal x86_64 /Users/delaxstudio/src/shigodeki/iOS/shigodeki/ViewModels/FamilyViewModelDI.swift (in target 'shigodeki' from project 'shigodeki')
    cd /Users/delaxstudio/src/shigodeki/iOS
    
/Users/delaxstudio/src/shigodeki/iOS/shigodeki/ViewModels/ProjectListViewModel.swift:328:15: warning: 'catch' block is unreachable because no errors are thrown in 'do' block
            } catch {
              ^

SwiftCompile normal x86_64 /Users/delaxstudio/src/shigodeki/iOS/shigodeki/ViewModels/FamilyViewModelState.swift (in target 'shigodeki' from project 'shigodeki')
    cd /Users/delaxstudio/src/shigodeki/iOS
    
/Users/delaxstudio/src/shigodeki/iOS/shigodeki/ViewModels/ProjectListViewModel.swift:328:15: warning: 'catch' block is unreachable because no errors are thrown in 'do' block
            } catch {
              ^

SwiftCompile normal x86_64 /Users/delaxstudio/src/shigodeki/iOS/shigodeki/ViewModels/PhaseTaskDetailViewModel.swift (in target 'shigodeki' from project 'shigodeki')
    cd /Users/delaxstudio/src/shigodeki/iOS
    
/Users/delaxstudio/src/shigodeki/iOS/shigodeki/ViewModels/ProjectListViewModel.swift:328:15: warning: 'catch' block is unreachable because no errors are thrown in 'do' block
            } catch {
              ^

SwiftCompile normal x86_64 /Users/delaxstudio/src/shigodeki/iOS/shigodeki/ViewModels/PhaseTaskListViewModel.swift (in target 'shigodeki' from project 'shigodeki')
    cd /Users/delaxstudio/src/shigodeki/iOS
    
/Users/delaxstudio/src/shigodeki/iOS/shigodeki/ViewModels/ProjectListViewModel.swift:328:15: warning: 'catch' block is unreachable because no errors are thrown in 'do' block
            } catch {
              ^

SwiftCompile normal x86_64 /Users/delaxstudio/src/shigodeki/iOS/shigodeki/ViewModels/ProjectDetailViewModel.swift (in target 'shigodeki' from project 'shigodeki')
    cd /Users/delaxstudio/src/shigodeki/iOS
    
/Users/delaxstudio/src/shigodeki/iOS/shigodeki/ViewModels/ProjectListViewModel.swift:328:15: warning: 'catch' block is unreachable because no errors are thrown in 'do' block
            } catch {
              ^

SwiftCompile normal x86_64 /Users/delaxstudio/src/shigodeki/iOS/shigodeki/ViewModels/ProjectListViewModel.swift (in target 'shigodeki' from project 'shigodeki')
    cd /Users/delaxstudio/src/shigodeki/iOS
    
/Users/delaxstudio/src/shigodeki/iOS/shigodeki/ViewModels/ProjectListViewModel.swift:328:15: warning: 'catch' block is unreachable because no errors are thrown in 'do' block
            } catch {
              ^

SwiftCompile normal x86_64 /Users/delaxstudio/src/shigodeki/iOS/shigodeki/ViewModels/ProjectPhaseKPIViewModel.swift (in target 'shigodeki' from project 'shigodeki')
    cd /Users/delaxstudio/src/shigodeki/iOS
    
/Users/delaxstudio/src/shigodeki/iOS/shigodeki/ViewModels/ProjectListViewModel.swift:328:15: warning: 'catch' block is unreachable because no errors are thrown in 'do' block
            } catch {
              ^

SwiftCompile normal x86_64 /Users/delaxstudio/src/shigodeki/iOS/shigodeki/ViewModels/ProjectPortfolioKPIViewModel.swift (in target 'shigodeki' from project 'shigodeki')
    cd /Users/delaxstudio/src/shigodeki/iOS
    
/Users/delaxstudio/src/shigodeki/iOS/shigodeki/ViewModels/ProjectListViewModel.swift:328:15: warning: 'catch' block is unreachable because no errors are thrown in 'do' block
            } catch {
              ^

SwiftCompile normal x86_64 /Users/delaxstudio/src/shigodeki/iOS/shigodeki/ViewModels/TaskListDetailViewModel.swift (in target 'shigodeki' from project 'shigodeki')
    cd /Users/delaxstudio/src/shigodeki/iOS
    
/Users/delaxstudio/src/shigodeki/iOS/shigodeki/ViewModels/ProjectListViewModel.swift:328:15: warning: 'catch' block is unreachable because no errors are thrown in 'do' block
            } catch {
              ^

SwiftCompile normal x86_64 /Users/delaxstudio/src/shigodeki/iOS/shigodeki/Views/Components/AIActionButtonsView.swift (in target 'shigodeki' from project 'shigodeki')
    cd /Users/delaxstudio/src/shigodeki/iOS
    
/Users/delaxstudio/src/shigodeki/iOS/shigodeki/ViewModels/ProjectListViewModel.swift:328:15: warning: 'catch' block is unreachable because no errors are thrown in 'do' block
            } catch {
              ^

SwiftCompile normal x86_64 /Users/delaxstudio/src/shigodeki/iOS/shigodeki/Views/Components/AIConfigurationPromptView.swift (in target 'shigodeki' from project 'shigodeki')
    cd /Users/delaxstudio/src/shigodeki/iOS
    
/Users/delaxstudio/src/shigodeki/iOS/shigodeki/ViewModels/ProjectListViewModel.swift:328:15: warning: 'catch' block is unreachable because no errors are thrown in 'do' block
            } catch {
              ^

SwiftCompile normal x86_64 /Users/delaxstudio/src/shigodeki/iOS/shigodeki/Views/Components/AIDetailResultView.swift (in target 'shigodeki' from project 'shigodeki')
    cd /Users/delaxstudio/src/shigodeki/iOS
    
/Users/delaxstudio/src/shigodeki/iOS/shigodeki/ViewModels/ProjectListViewModel.swift:328:15: warning: 'catch' block is unreachable because no errors are thrown in 'do' block
            } catch {
              ^

SwiftCompile normal x86_64 /Users/delaxstudio/src/shigodeki/iOS/shigodeki/Views/Components/AIErrorView.swift (in target 'shigodeki' from project 'shigodeki')
    cd /Users/delaxstudio/src/shigodeki/iOS
    
/Users/delaxstudio/src/shigodeki/iOS/shigodeki/ViewModels/ProjectListViewModel.swift:328:15: warning: 'catch' block is unreachable because no errors are thrown in 'do' block
            } catch {
              ^

SwiftCompile normal x86_64 /Users/delaxstudio/src/shigodeki/iOS/shigodeki/Views/Components/AIStatusIndicatorView.swift (in target 'shigodeki' from project 'shigodeki')
    cd /Users/delaxstudio/src/shigodeki/iOS
    
/Users/delaxstudio/src/shigodeki/iOS/shigodeki/ViewModels/ProjectListViewModel.swift:328:15: warning: 'catch' block is unreachable because no errors are thrown in 'do' block
            } catch {
              ^

SwiftCompile normal x86_64 /Users/delaxstudio/src/shigodeki/iOS/shigodeki/Views/Components/AnalysisTypeCard.swift (in target 'shigodeki' from project 'shigodeki')
    cd /Users/delaxstudio/src/shigodeki/iOS
    
/Users/delaxstudio/src/shigodeki/iOS/shigodeki/ViewModels/ProjectListViewModel.swift:328:15: warning: 'catch' block is unreachable because no errors are thrown in 'do' block
            } catch {
              ^

SwiftCompile normal x86_64 /Users/delaxstudio/src/shigodeki/iOS/shigodeki/Views/Components/ProjectAnalysisHeader.swift (in target 'shigodeki' from project 'shigodeki')
    cd /Users/delaxstudio/src/shigodeki/iOS
    
/Users/delaxstudio/src/shigodeki/iOS/shigodeki/ViewModels/ProjectListViewModel.swift:328:15: warning: 'catch' block is unreachable because no errors are thrown in 'do' block
            } catch {
              ^

SwiftCompile normal x86_64 /Users/delaxstudio/src/shigodeki/iOS/shigodeki/Views/Components/ProjectBasicSection.swift (in target 'shigodeki' from project 'shigodeki')
    cd /Users/delaxstudio/src/shigodeki/iOS
    
/Users/delaxstudio/src/shigodeki/iOS/shigodeki/ViewModels/ProjectListViewModel.swift:328:15: warning: 'catch' block is unreachable because no errors are thrown in 'do' block
            } catch {
              ^

SwiftCompile normal x86_64 Compiling\ ProjectPhaseKPISection.swift,\ AcceptProjectInviteView.swift,\ AIGenerationView.swift,\ APISettingsView.swift,\ AuthTestResultViews.swift,\ AuthTestView.swift,\ ContentView.swift,\ CreateFamilyView.swift,\ CreatePhaseTaskViews.swift,\ CreatePhaseView.swift,\ CreateProjectView.swift,\ CreateProjectViewSections.swift,\ CreateProjectViewSheets.swift,\ CreateTaskFormContent.swift,\ CreateTaskListView.swift,\ CreateTaskView.swift,\ DashboardTaskDetailView.swift /Users/delaxstudio/src/shigodeki/iOS/shigodeki/Views/KPI/ProjectPhaseKPISection.swift /Users/delaxstudio/src/shigodeki/iOS/shigodeki/Views/AcceptProjectInviteView.swift /Users/delaxstudio/src/shigodeki/iOS/shigodeki/Views/AIGenerationView.swift /Users/delaxstudio/src/shigodeki/iOS/shigodeki/Views/APISettingsView.swift /Users/delaxstudio/src/shigodeki/iOS/shigodeki/Views/AuthTestResultViews.swift /Users/delaxstudio/src/shigodeki/iOS/shigodeki/Views/AuthTestView.swift /Users/delaxstudio/src/shigodeki/iOS/shigodeki/Views/ContentView.swift /Users/delaxstudio/src/shigodeki/iOS/shigodeki/Views/CreateFamilyView.swift /Users/delaxstudio/src/shigodeki/iOS/shigodeki/Views/CreatePhaseTaskViews.swift /Users/delaxstudio/src/shigodeki/iOS/shigodeki/Views/CreatePhaseView.swift /Users/delaxstudio/src/shigodeki/iOS/shigodeki/Views/CreateProjectView.swift /Users/delaxstudio/src/shigodeki/iOS/shigodeki/Views/CreateProjectViewSections.swift /Users/delaxstudio/src/shigodeki/iOS/shigodeki/Views/CreateProjectViewSheets.swift /Users/delaxstudio/src/shigodeki/iOS/shigodeki/Views/CreateTaskFormContent.swift /Users/delaxstudio/src/shigodeki/iOS/shigodeki/Views/CreateTaskListView.swift /Users/delaxstudio/src/shigodeki/iOS/shigodeki/Views/CreateTaskView.swift /Users/delaxstudio/src/shigodeki/iOS/shigodeki/Views/DashboardTaskDetailView.swift (in target 'shigodeki' from project 'shigodeki')
SwiftCompile normal x86_64 /Users/delaxstudio/src/shigodeki/iOS/shigodeki/Views/KPI/ProjectPhaseKPISection.swift (in target 'shigodeki' from project 'shigodeki')
    cd /Users/delaxstudio/src/shigodeki/iOS
    

SwiftCompile normal x86_64 /Users/delaxstudio/src/shigodeki/iOS/shigodeki/Views/AcceptProjectInviteView.swift (in target 'shigodeki' from project 'shigodeki')
    cd /Users/delaxstudio/src/shigodeki/iOS
    

SwiftCompile normal x86_64 /Users/delaxstudio/src/shigodeki/iOS/shigodeki/Views/AIGenerationView.swift (in target 'shigodeki' from project 'shigodeki')
    cd /Users/delaxstudio/src/shigodeki/iOS
    

SwiftCompile normal x86_64 /Users/delaxstudio/src/shigodeki/iOS/shigodeki/Views/APISettingsView.swift (in target 'shigodeki' from project 'shigodeki')
    cd /Users/delaxstudio/src/shigodeki/iOS
    

SwiftCompile normal x86_64 /Users/delaxstudio/src/shigodeki/iOS/shigodeki/Views/AuthTestResultViews.swift (in target 'shigodeki' from project 'shigodeki')
    cd /Users/delaxstudio/src/shigodeki/iOS
    

SwiftCompile normal x86_64 /Users/delaxstudio/src/shigodeki/iOS/shigodeki/Views/AuthTestView.swift (in target 'shigodeki' from project 'shigodeki')
    cd /Users/delaxstudio/src/shigodeki/iOS
    

SwiftCompile normal x86_64 /Users/delaxstudio/src/shigodeki/iOS/shigodeki/Views/ContentView.swift (in target 'shigodeki' from project 'shigodeki')
    cd /Users/delaxstudio/src/shigodeki/iOS
    

SwiftCompile normal x86_64 /Users/delaxstudio/src/shigodeki/iOS/shigodeki/Views/CreateFamilyView.swift (in target 'shigodeki' from project 'shigodeki')
    cd /Users/delaxstudio/src/shigodeki/iOS
    

SwiftCompile normal x86_64 /Users/delaxstudio/src/shigodeki/iOS/shigodeki/Views/CreatePhaseTaskViews.swift (in target 'shigodeki' from project 'shigodeki')
    cd /Users/delaxstudio/src/shigodeki/iOS
    

SwiftCompile normal x86_64 /Users/delaxstudio/src/shigodeki/iOS/shigodeki/Views/CreatePhaseView.swift (in target 'shigodeki' from project 'shigodeki')
    cd /Users/delaxstudio/src/shigodeki/iOS
    

SwiftCompile normal x86_64 /Users/delaxstudio/src/shigodeki/iOS/shigodeki/Views/CreateProjectView.swift (in target 'shigodeki' from project 'shigodeki')
    cd /Users/delaxstudio/src/shigodeki/iOS
    

SwiftCompile normal x86_64 /Users/delaxstudio/src/shigodeki/iOS/shigodeki/Views/CreateProjectViewSections.swift (in target 'shigodeki' from project 'shigodeki')
    cd /Users/delaxstudio/src/shigodeki/iOS
    

SwiftCompile normal x86_64 /Users/delaxstudio/src/shigodeki/iOS/shigodeki/Views/CreateProjectViewSheets.swift (in target 'shigodeki' from project 'shigodeki')
    cd /Users/delaxstudio/src/shigodeki/iOS
    

SwiftCompile normal x86_64 /Users/delaxstudio/src/shigodeki/iOS/shigodeki/Views/CreateTaskFormContent.swift (in target 'shigodeki' from project 'shigodeki')
    cd /Users/delaxstudio/src/shigodeki/iOS
    

SwiftCompile normal x86_64 /Users/delaxstudio/src/shigodeki/iOS/shigodeki/Views/CreateTaskListView.swift (in target 'shigodeki' from project 'shigodeki')
    cd /Users/delaxstudio/src/shigodeki/iOS
    

SwiftCompile normal x86_64 /Users/delaxstudio/src/shigodeki/iOS/shigodeki/Views/CreateTaskView.swift (in target 'shigodeki' from project 'shigodeki')
    cd /Users/delaxstudio/src/shigodeki/iOS
    

SwiftCompile normal x86_64 /Users/delaxstudio/src/shigodeki/iOS/shigodeki/Views/DashboardTaskDetailView.swift (in target 'shigodeki' from project 'shigodeki')
    cd /Users/delaxstudio/src/shigodeki/iOS
    

SwiftCompile normal x86_64 Compiling\ PhaseTaskViewComponents.swift,\ ProjectAIAnalysisView.swift,\ ProjectDetailView.swift,\ ProjectHeaderView.swift,\ ProjectListView.swift,\ ProjectRowView.swift,\ ProjectSettingsView.swift,\ ProjectTypePickerView.swift,\ ProPaywallView.swift,\ QuickAIGenerationSections.swift,\ QuickAIGenerationView.swift,\ SettingsViewSections.swift,\ TabNavigationManager.swift,\ TagInputView.swift,\ TagManagementComponents.swift,\ TagManagementView.swift,\ TaskAIAssistantView.swift /Users/delaxstudio/src/shigodeki/iOS/shigodeki/Views/PhaseTaskViewComponents.swift /Users/delaxstudio/src/shigodeki/iOS/shigodeki/Views/ProjectAIAnalysisView.swift /Users/delaxstudio/src/shigodeki/iOS/shigodeki/Views/ProjectDetailView.swift /Users/delaxstudio/src/shigodeki/iOS/shigodeki/Views/ProjectHeaderView.swift /Users/delaxstudio/src/shigodeki/iOS/shigodeki/Views/ProjectListView.swift /Users/delaxstudio/src/shigodeki/iOS/shigodeki/Views/ProjectRowView.swift /Users/delaxstudio/src/shigodeki/iOS/shigodeki/Views/ProjectSettingsView.swift /Users/delaxstudio/src/shigodeki/iOS/shigodeki/Views/ProjectTypePickerView.swift /Users/delaxstudio/src/shigodeki/iOS/shigodeki/Views/ProPaywallView.swift /Users/delaxstudio/src/shigodeki/iOS/shigodeki/Views/QuickAIGenerationSections.swift /Users/delaxstudio/src/shigodeki/iOS/shigodeki/Views/QuickAIGenerationView.swift /Users/delaxstudio/src/shigodeki/iOS/shigodeki/Views/SettingsViewSections.swift /Users/delaxstudio/src/shigodeki/iOS/shigodeki/Views/TabNavigationManager.swift /Users/delaxstudio/src/shigodeki/iOS/shigodeki/Views/TagInputView.swift /Users/delaxstudio/src/shigodeki/iOS/shigodeki/Views/TagManagementComponents.swift /Users/delaxstudio/src/shigodeki/iOS/shigodeki/Views/TagManagementView.swift /Users/delaxstudio/src/shigodeki/iOS/shigodeki/Views/TaskAIAssistantView.swift (in target 'shigodeki' from project 'shigodeki')
SwiftCompile normal x86_64 /Users/delaxstudio/src/shigodeki/iOS/shigodeki/Views/PhaseTaskViewComponents.swift (in target 'shigodeki' from project 'shigodeki')
    cd /Users/delaxstudio/src/shigodeki/iOS
    

SwiftCompile normal x86_64 /Users/delaxstudio/src/shigodeki/iOS/shigodeki/Views/ProjectAIAnalysisView.swift (in target 'shigodeki' from project 'shigodeki')
    cd /Users/delaxstudio/src/shigodeki/iOS
    

SwiftCompile normal x86_64 /Users/delaxstudio/src/shigodeki/iOS/shigodeki/Views/ProjectDetailView.swift (in target 'shigodeki' from project 'shigodeki')
    cd /Users/delaxstudio/src/shigodeki/iOS
    

SwiftCompile normal x86_64 /Users/delaxstudio/src/shigodeki/iOS/shigodeki/Views/ProjectHeaderView.swift (in target 'shigodeki' from project 'shigodeki')
    cd /Users/delaxstudio/src/shigodeki/iOS
    

SwiftCompile normal x86_64 /Users/delaxstudio/src/shigodeki/iOS/shigodeki/Views/ProjectListView.swift (in target 'shigodeki' from project 'shigodeki')
    cd /Users/delaxstudio/src/shigodeki/iOS
    

SwiftCompile normal x86_64 /Users/delaxstudio/src/shigodeki/iOS/shigodeki/Views/ProjectRowView.swift (in target 'shigodeki' from project 'shigodeki')
    cd /Users/delaxstudio/src/shigodeki/iOS
    

SwiftCompile normal x86_64 /Users/delaxstudio/src/shigodeki/iOS/shigodeki/Views/ProjectSettingsView.swift (in target 'shigodeki' from project 'shigodeki')
    cd /Users/delaxstudio/src/shigodeki/iOS
    

SwiftCompile normal x86_64 /Users/delaxstudio/src/shigodeki/iOS/shigodeki/Views/ProjectTypePickerView.swift (in target 'shigodeki' from project 'shigodeki')
    cd /Users/delaxstudio/src/shigodeki/iOS
    

SwiftCompile normal x86_64 /Users/delaxstudio/src/shigodeki/iOS/shigodeki/Views/ProPaywallView.swift (in target 'shigodeki' from project 'shigodeki')
    cd /Users/delaxstudio/src/shigodeki/iOS
    

SwiftCompile normal x86_64 /Users/delaxstudio/src/shigodeki/iOS/shigodeki/Views/QuickAIGenerationSections.swift (in target 'shigodeki' from project 'shigodeki')
    cd /Users/delaxstudio/src/shigodeki/iOS
    

SwiftCompile normal x86_64 /Users/delaxstudio/src/shigodeki/iOS/shigodeki/Views/QuickAIGenerationView.swift (in target 'shigodeki' from project 'shigodeki')
    cd /Users/delaxstudio/src/shigodeki/iOS
    

SwiftCompile normal x86_64 /Users/delaxstudio/src/shigodeki/iOS/shigodeki/Views/SettingsViewSections.swift (in target 'shigodeki' from project 'shigodeki')
    cd /Users/delaxstudio/src/shigodeki/iOS
    

SwiftCompile normal x86_64 /Users/delaxstudio/src/shigodeki/iOS/shigodeki/Views/TabNavigationManager.swift (in target 'shigodeki' from project 'shigodeki')
    cd /Users/delaxstudio/src/shigodeki/iOS
    

SwiftCompile normal x86_64 /Users/delaxstudio/src/shigodeki/iOS/shigodeki/Views/TagInputView.swift (in target 'shigodeki' from project 'shigodeki')
    cd /Users/delaxstudio/src/shigodeki/iOS
    

SwiftCompile normal x86_64 /Users/delaxstudio/src/shigodeki/iOS/shigodeki/Views/TagManagementComponents.swift (in target 'shigodeki' from project 'shigodeki')
    cd /Users/delaxstudio/src/shigodeki/iOS
    

SwiftCompile normal x86_64 /Users/delaxstudio/src/shigodeki/iOS/shigodeki/Views/TagManagementView.swift (in target 'shigodeki' from project 'shigodeki')
    cd /Users/delaxstudio/src/shigodeki/iOS
    

SwiftCompile normal x86_64 /Users/delaxstudio/src/shigodeki/iOS/shigodeki/Views/TaskAIAssistantView.swift (in target 'shigodeki' from project 'shigodeki')
    cd /Users/delaxstudio/src/shigodeki/iOS
    
/Users/delaxstudio/src/shigodeki/iOS/shigodeki/Views/TaskAIAssistantView.swift:140:14: warning: 'onChange(of:perform:)' was deprecated in iOS 17.0: Use `onChange` with a two or zero parameter action closure instead.
            .onChange(of: aiGenerator.error) { newError in
             ^
/Users/delaxstudio/src/shigodeki/iOS/shigodeki/Views/TaskAIAssistantView.swift:343:14: warning: 'onChange(of:perform:)' was deprecated in iOS 17.0: Use `onChange` with a two or zero parameter action closure instead.
            .onChange(of: aiGenerator.error) { newError in
             ^

SwiftCompile normal x86_64 Compiling\ TaskDetailView.swift,\ TaskEditorView.swift,\ TaskImprovementSuggestionView.swift,\ TaskListDetailView.swift,\ TemplateFilePickerView.swift,\ TemplateLibraryComponents.swift,\ TemplateLibraryView.swift,\ TemplatePaywallView.swift,\ TemplatePreviewSections.swift,\ TemplatePreviewView.swift,\ TemplateValidationResultView.swift,\ shigodekiApp.swift,\ Item+CoreDataClass.swift,\ Item+CoreDataProperties.swift,\ shigodeki+CoreDataModel.swift,\ GeneratedAssetSymbols.swift /Users/delaxstudio/src/shigodeki/iOS/shigodeki/Views/TaskDetailView.swift /Users/delaxstudio/src/shigodeki/iOS/shigodeki/Views/TaskEditorView.swift /Users/delaxstudio/src/shigodeki/iOS/shigodeki/Views/TaskImprovementSuggestionView.swift /Users/delaxstudio/src/shigodeki/iOS/shigodeki/Views/TaskListDetailView.swift /Users/delaxstudio/src/shigodeki/iOS/shigodeki/Views/TemplateFilePickerView.swift /Users/delaxstudio/src/shigodeki/iOS/shigodeki/Views/TemplateLibraryComponents.swift /Users/delaxstudio/src/shigodeki/iOS/shigodeki/Views/TemplateLibraryView.swift /Users/delaxstudio/src/shigodeki/iOS/shigodeki/Views/TemplatePaywallView.swift /Users/delaxstudio/src/shigodeki/iOS/shigodeki/Views/TemplatePreviewSections.swift /Users/delaxstudio/src/shigodeki/iOS/shigodeki/Views/TemplatePreviewView.swift /Users/delaxstudio/src/shigodeki/iOS/shigodeki/Views/TemplateValidationResultView.swift /Users/delaxstudio/src/shigodeki/iOS/shigodeki/shigodekiApp.swift /Users/delaxstudio/Library/Developer/Xcode/DerivedData/shigodeki-fkaeotsqybievcdjwhonrrgqyvla/Build/Intermediates.noindex/shigodeki.build/Debug-iphonesimulator/shigodeki.build/DerivedSources/CoreDataGenerated/shigodeki/Item+CoreDataClass.swift /Users/delaxstudio/Library/Developer/Xcode/DerivedData/shigodeki-fkaeotsqybievcdjwhonrrgqyvla/Build/Intermediates.noindex/shigodeki.build/Debug-iphonesimulator/shigodeki.build/DerivedSources/CoreDataGenerated/shigodeki/Item+CoreDataProperties.swift /Users/delaxstudio/Library/Developer/Xcode/DerivedData/shigodeki-fkaeotsqybievcdjwhonrrgqyvla/Build/Intermediates.noindex/shigodeki.build/Debug-iphonesimulator/shigodeki.build/DerivedSources/CoreDataGenerated/shigodeki/shigodeki+CoreDataModel.swift /Users/delaxstudio/Library/Developer/Xcode/DerivedData/shigodeki-fkaeotsqybievcdjwhonrrgqyvla/Build/Intermediates.noindex/shigodeki.build/Debug-iphonesimulator/shigodeki.build/DerivedSources/GeneratedAssetSymbols.swift (in target 'shigodeki' from project 'shigodeki')

SwiftCompile normal x86_64 /Users/delaxstudio/src/shigodeki/iOS/shigodeki/Views/TaskDetailView.swift (in target 'shigodeki' from project 'shigodeki')
    cd /Users/delaxstudio/src/shigodeki/iOS
    

SwiftCompile normal x86_64 /Users/delaxstudio/src/shigodeki/iOS/shigodeki/Views/TaskEditorView.swift (in target 'shigodeki' from project 'shigodeki')
    cd /Users/delaxstudio/src/shigodeki/iOS
    

SwiftCompile normal x86_64 /Users/delaxstudio/src/shigodeki/iOS/shigodeki/Views/TaskImprovementSuggestionView.swift (in target 'shigodeki' from project 'shigodeki')
    cd /Users/delaxstudio/src/shigodeki/iOS
    

SwiftCompile normal x86_64 /Users/delaxstudio/src/shigodeki/iOS/shigodeki/Views/TaskListDetailView.swift (in target 'shigodeki' from project 'shigodeki')
    cd /Users/delaxstudio/src/shigodeki/iOS
    

SwiftCompile normal x86_64 /Users/delaxstudio/src/shigodeki/iOS/shigodeki/Views/TemplateFilePickerView.swift (in target 'shigodeki' from project 'shigodeki')
    cd /Users/delaxstudio/src/shigodeki/iOS
    

SwiftCompile normal x86_64 /Users/delaxstudio/src/shigodeki/iOS/shigodeki/Views/TemplateLibraryComponents.swift (in target 'shigodeki' from project 'shigodeki')
    cd /Users/delaxstudio/src/shigodeki/iOS
    

SwiftCompile normal x86_64 /Users/delaxstudio/src/shigodeki/iOS/shigodeki/Views/TemplateLibraryView.swift (in target 'shigodeki' from project 'shigodeki')
    cd /Users/delaxstudio/src/shigodeki/iOS
    

SwiftCompile normal x86_64 /Users/delaxstudio/src/shigodeki/iOS/shigodeki/Views/TemplatePaywallView.swift (in target 'shigodeki' from project 'shigodeki')
    cd /Users/delaxstudio/src/shigodeki/iOS
    

SwiftCompile normal x86_64 /Users/delaxstudio/src/shigodeki/iOS/shigodeki/Views/TemplatePreviewSections.swift (in target 'shigodeki' from project 'shigodeki')
    cd /Users/delaxstudio/src/shigodeki/iOS
    

SwiftCompile normal x86_64 /Users/delaxstudio/src/shigodeki/iOS/shigodeki/Views/TemplatePreviewView.swift (in target 'shigodeki' from project 'shigodeki')
    cd /Users/delaxstudio/src/shigodeki/iOS
    

SwiftCompile normal x86_64 /Users/delaxstudio/src/shigodeki/iOS/shigodeki/Views/TemplateValidationResultView.swift (in target 'shigodeki' from project 'shigodeki')
    cd /Users/delaxstudio/src/shigodeki/iOS
    

SwiftCompile normal x86_64 /Users/delaxstudio/src/shigodeki/iOS/shigodeki/shigodekiApp.swift (in target 'shigodeki' from project 'shigodeki')
    cd /Users/delaxstudio/src/shigodeki/iOS
    

SwiftCompile normal x86_64 /Users/delaxstudio/Library/Developer/Xcode/DerivedData/shigodeki-fkaeotsqybievcdjwhonrrgqyvla/Build/Intermediates.noindex/shigodeki.build/Debug-iphonesimulator/shigodeki.build/DerivedSources/CoreDataGenerated/shigodeki/Item+CoreDataClass.swift (in target 'shigodeki' from project 'shigodeki')
    cd /Users/delaxstudio/src/shigodeki/iOS
    

SwiftCompile normal x86_64 /Users/delaxstudio/Library/Developer/Xcode/DerivedData/shigodeki-fkaeotsqybievcdjwhonrrgqyvla/Build/Intermediates.noindex/shigodeki.build/Debug-iphonesimulator/shigodeki.build/DerivedSources/CoreDataGenerated/shigodeki/Item+CoreDataProperties.swift (in target 'shigodeki' from project 'shigodeki')
    cd /Users/delaxstudio/src/shigodeki/iOS
    

SwiftCompile normal x86_64 /Users/delaxstudio/Library/Developer/Xcode/DerivedData/shigodeki-fkaeotsqybievcdjwhonrrgqyvla/Build/Intermediates.noindex/shigodeki.build/Debug-iphonesimulator/shigodeki.build/DerivedSources/CoreDataGenerated/shigodeki/shigodeki+CoreDataModel.swift (in target 'shigodeki' from project 'shigodeki')
    cd /Users/delaxstudio/src/shigodeki/iOS
    

SwiftCompile normal x86_64 /Users/delaxstudio/Library/Developer/Xcode/DerivedData/shigodeki-fkaeotsqybievcdjwhonrrgqyvla/Build/Intermediates.noindex/shigodeki.build/Debug-iphonesimulator/shigodeki.build/DerivedSources/GeneratedAssetSymbols.swift (in target 'shigodeki' from project 'shigodeki')
    cd /Users/delaxstudio/src/shigodeki/iOS
    

SwiftEmitModule normal x86_64 Emitting\ module\ for\ shigodeki (in target 'shigodeki' from project 'shigodeki')

EmitSwiftModule normal x86_64 (in target 'shigodeki' from project 'shigodeki')
    cd /Users/delaxstudio/src/shigodeki/iOS
    
/Users/delaxstudio/src/shigodeki/iOS/shigodeki/ViewModels/DashboardViewModel.swift:29:45: warning: main actor-isolated static property 'shared' can not be referenced from a nonisolated context; this is an error in the Swift 6 language mode
    init(sharedStore: SharedManagerStore = .shared) {
                                            ^
/Users/delaxstudio/src/shigodeki/iOS/shigodeki/Components/SharedManagerStore.swift:20:16: note: static property declared here
    static let shared = SharedManagerStore()
               ^

SwiftEmitModule normal arm64 Emitting\ module\ for\ shigodeki (in target 'shigodeki' from project 'shigodeki')

EmitSwiftModule normal arm64 (in target 'shigodeki' from project 'shigodeki')
    cd /Users/delaxstudio/src/shigodeki/iOS
    
/Users/delaxstudio/src/shigodeki/iOS/shigodeki/ViewModels/DashboardViewModel.swift:29:45: warning: main actor-isolated static property 'shared' can not be referenced from a nonisolated context; this is an error in the Swift 6 language mode
    init(sharedStore: SharedManagerStore = .shared) {
                                            ^
/Users/delaxstudio/src/shigodeki/iOS/shigodeki/Components/SharedManagerStore.swift:20:16: note: static property declared here
    static let shared = SharedManagerStore()
               ^

SwiftDriverJobDiscovery normal x86_64 Compiling TagCRUDService.swift, TagDataService.swift, TagUsageService.swift, TaskAnalysisService.swift, TaskCreationService.swift, TaskCRUDService.swift, TaskImprovementEngine.swift, TaskListArchiveService.swift, TaskListCRUDService.swift, TaskListenerService.swift, TaskListListenerService.swift, TaskListOrderingService.swift, TaskListService.swift, TaskListValidationService.swift, TaskOperationService.swift, TaskRealtimeService.swift, TaskRefinementService.swift (in target 'shigodeki' from project 'shigodeki')

SwiftCompile normal arm64 Compiling\ TaskQuickActions.swift,\ TasksPreview.swift,\ TemplateCustomizationComponents.swift,\ TemplateEditorComponents.swift,\ TemplateHeaderComponents.swift,\ TemplatePreviewComponents.swift,\ VoiceOverExtensions.swift,\ ZoomableView.swift,\ Phase2PerformanceValidationView.swift,\ DIContainer.swift,\ DateFormatter+Extensions.swift,\ AIStateManager.swift,\ AuthenticationManager.swift,\ EnhancedTaskManager.swift,\ FamilyCreationService.swift,\ FamilyInvitationService.swift /Users/delaxstudio/src/shigodeki/iOS/shigodeki/Components/TaskQuickActions.swift /Users/delaxstudio/src/shigodeki/iOS/shigodeki/Components/TasksPreview.swift /Users/delaxstudio/src/shigodeki/iOS/shigodeki/Components/TemplateCustomizationComponents.swift /Users/delaxstudio/src/shigodeki/iOS/shigodeki/Components/TemplateEditorComponents.swift /Users/delaxstudio/src/shigodeki/iOS/shigodeki/Components/TemplateHeaderComponents.swift /Users/delaxstudio/src/shigodeki/iOS/shigodeki/Components/TemplatePreviewComponents.swift /Users/delaxstudio/src/shigodeki/iOS/shigodeki/Components/VoiceOverExtensions.swift /Users/delaxstudio/src/shigodeki/iOS/shigodeki/Components/ZoomableView.swift /Users/delaxstudio/src/shigodeki/iOS/shigodeki/Debug/Phase2PerformanceValidationView.swift /Users/delaxstudio/src/shigodeki/iOS/shigodeki/DI/DIContainer.swift /Users/delaxstudio/src/shigodeki/iOS/shigodeki/Extensions/DateFormatter+Extensions.swift /Users/delaxstudio/src/shigodeki/iOS/shigodeki/Managers/AIStateManager.swift /Users/delaxstudio/src/shigodeki/iOS/shigodeki/Managers/AuthenticationManager.swift /Users/delaxstudio/src/shigodeki/iOS/shigodeki/Managers/EnhancedTaskManager.swift /Users/delaxstudio/src/shigodeki/iOS/shigodeki/Managers/FamilyCreationService.swift /Users/delaxstudio/src/shigodeki/iOS/shigodeki/Managers/FamilyInvitationService.swift (in target 'shigodeki' from project 'shigodeki')

SwiftCompile normal arm64 /Users/delaxstudio/src/shigodeki/iOS/shigodeki/Components/TaskQuickActions.swift (in target 'shigodeki' from project 'shigodeki')
    cd /Users/delaxstudio/src/shigodeki/iOS
    

SwiftCompile normal arm64 /Users/delaxstudio/src/shigodeki/iOS/shigodeki/Components/TasksPreview.swift (in target 'shigodeki' from project 'shigodeki')
    cd /Users/delaxstudio/src/shigodeki/iOS
    

SwiftCompile normal arm64 /Users/delaxstudio/src/shigodeki/iOS/shigodeki/Components/TemplateCustomizationComponents.swift (in target 'shigodeki' from project 'shigodeki')
    cd /Users/delaxstudio/src/shigodeki/iOS
    

SwiftCompile normal arm64 /Users/delaxstudio/src/shigodeki/iOS/shigodeki/Components/TemplateEditorComponents.swift (in target 'shigodeki' from project 'shigodeki')
    cd /Users/delaxstudio/src/shigodeki/iOS
    

SwiftCompile normal arm64 /Users/delaxstudio/src/shigodeki/iOS/shigodeki/Components/TemplateHeaderComponents.swift (in target 'shigodeki' from project 'shigodeki')
    cd /Users/delaxstudio/src/shigodeki/iOS
    

SwiftCompile normal arm64 /Users/delaxstudio/src/shigodeki/iOS/shigodeki/Components/TemplatePreviewComponents.swift (in target 'shigodeki' from project 'shigodeki')
    cd /Users/delaxstudio/src/shigodeki/iOS
    

SwiftCompile normal arm64 /Users/delaxstudio/src/shigodeki/iOS/shigodeki/Components/VoiceOverExtensions.swift (in target 'shigodeki' from project 'shigodeki')
    cd /Users/delaxstudio/src/shigodeki/iOS
    

SwiftCompile normal arm64 /Users/delaxstudio/src/shigodeki/iOS/shigodeki/Components/ZoomableView.swift (in target 'shigodeki' from project 'shigodeki')
    cd /Users/delaxstudio/src/shigodeki/iOS
    

SwiftCompile normal arm64 /Users/delaxstudio/src/shigodeki/iOS/shigodeki/Debug/Phase2PerformanceValidationView.swift (in target 'shigodeki' from project 'shigodeki')
    cd /Users/delaxstudio/src/shigodeki/iOS
    
/Users/delaxstudio/src/shigodeki/iOS/shigodeki/Debug/Phase2PerformanceValidationView.swift:249:32: warning: 'sleep' is deprecated: replaced by 'Task.sleep(nanoseconds:)'
                    await Task.sleep(UInt64(100_000_000)) // 0.1秒待機
/Users/delaxstudio/src/shigodeki/iOS/shigodeki/Debug/Phase2PerformanceValidationView.swift:249:32: note: use 'Task.sleep(nanoseconds:)' instead
                    await Task.sleep(UInt64(100_000_000)) // 0.1秒待機

SwiftCompile normal arm64 /Users/delaxstudio/src/shigodeki/iOS/shigodeki/DI/DIContainer.swift (in target 'shigodeki' from project 'shigodeki')
    cd /Users/delaxstudio/src/shigodeki/iOS
    

SwiftCompile normal arm64 /Users/delaxstudio/src/shigodeki/iOS/shigodeki/Extensions/DateFormatter+Extensions.swift (in target 'shigodeki' from project 'shigodeki')
    cd /Users/delaxstudio/src/shigodeki/iOS
    

SwiftCompile normal arm64 /Users/delaxstudio/src/shigodeki/iOS/shigodeki/Managers/AIStateManager.swift (in target 'shigodeki' from project 'shigodeki')
    cd /Users/delaxstudio/src/shigodeki/iOS
    

SwiftCompile normal arm64 /Users/delaxstudio/src/shigodeki/iOS/shigodeki/Managers/AuthenticationManager.swift (in target 'shigodeki' from project 'shigodeki')
    cd /Users/delaxstudio/src/shigodeki/iOS
    

SwiftCompile normal arm64 /Users/delaxstudio/src/shigodeki/iOS/shigodeki/Managers/EnhancedTaskManager.swift (in target 'shigodeki' from project 'shigodeki')
    cd /Users/delaxstudio/src/shigodeki/iOS
    

SwiftCompile normal arm64 /Users/delaxstudio/src/shigodeki/iOS/shigodeki/Managers/FamilyCreationService.swift (in target 'shigodeki' from project 'shigodeki')
    cd /Users/delaxstudio/src/shigodeki/iOS
    

SwiftCompile normal arm64 /Users/delaxstudio/src/shigodeki/iOS/shigodeki/Managers/FamilyInvitationService.swift (in target 'shigodeki' from project 'shigodeki')
    cd /Users/delaxstudio/src/shigodeki/iOS
    

SwiftDriverJobDiscovery normal x86_64 Compiling AITaskConverter.swift, AITaskGenerator.swift, AppleSignInService.swift, AppPlanningTaskListBuilder.swift, AuthTestDataDeletionService.swift, BuiltInTemplates.swift, BusinessTemplates.swift, CreateProjectService.swift, DataMigrationUtility.swift, ManagerStatisticsService.swift, MemberDataService.swift, MemoryManagementService.swift, MobileAppTaskListBuilder.swift, MobileAppTemplateService.swift, ModelJSONUtility.swift, ModelValidation.swift, OptimisticUpdateManager.swift (in target 'shigodeki' from project 'shigodeki')

SwiftCompile normal arm64 Compiling\ FamilyListenerService.swift,\ FamilyManager.swift,\ FamilyMembershipService.swift,\ FamilyOptimisticUpdates.swift,\ KeychainManager.swift,\ OfflineManager.swift,\ PhaseManager.swift,\ PhaseSectionManager.swift,\ ProjectCreationHelpers.swift,\ ProjectInvitationManager.swift,\ ProjectListenerManager.swift,\ ProjectManager.swift,\ ProjectMemberOperations.swift,\ ProjectTemplateOperations.swift,\ ProjectValidationHelpers.swift,\ StorageManager.swift /Users/delaxstudio/src/shigodeki/iOS/shigodeki/Managers/FamilyListenerService.swift /Users/delaxstudio/src/shigodeki/iOS/shigodeki/Managers/FamilyManager.swift /Users/delaxstudio/src/shigodeki/iOS/shigodeki/Managers/FamilyMembershipService.swift /Users/delaxstudio/src/shigodeki/iOS/shigodeki/Managers/FamilyOptimisticUpdates.swift /Users/delaxstudio/src/shigodeki/iOS/shigodeki/Managers/KeychainManager.swift /Users/delaxstudio/src/shigodeki/iOS/shigodeki/Managers/OfflineManager.swift /Users/delaxstudio/src/shigodeki/iOS/shigodeki/Managers/PhaseManager.swift /Users/delaxstudio/src/shigodeki/iOS/shigodeki/Managers/PhaseSectionManager.swift /Users/delaxstudio/src/shigodeki/iOS/shigodeki/Managers/ProjectCreationHelpers.swift /Users/delaxstudio/src/shigodeki/iOS/shigodeki/Managers/ProjectInvitationManager.swift /Users/delaxstudio/src/shigodeki/iOS/shigodeki/Managers/ProjectListenerManager.swift /Users/delaxstudio/src/shigodeki/iOS/shigodeki/Managers/ProjectManager.swift /Users/delaxstudio/src/shigodeki/iOS/shigodeki/Managers/ProjectMemberOperations.swift /Users/delaxstudio/src/shigodeki/iOS/shigodeki/Managers/ProjectTemplateOperations.swift /Users/delaxstudio/src/shigodeki/iOS/shigodeki/Managers/ProjectValidationHelpers.swift /Users/delaxstudio/src/shigodeki/iOS/shigodeki/Managers/StorageManager.swift (in target 'shigodeki' from project 'shigodeki')

SwiftCompile normal arm64 /Users/delaxstudio/src/shigodeki/iOS/shigodeki/Managers/FamilyListenerService.swift (in target 'shigodeki' from project 'shigodeki')
    cd /Users/delaxstudio/src/shigodeki/iOS
    

SwiftCompile normal arm64 /Users/delaxstudio/src/shigodeki/iOS/shigodeki/Managers/FamilyManager.swift (in target 'shigodeki' from project 'shigodeki')
    cd /Users/delaxstudio/src/shigodeki/iOS
    

SwiftCompile normal arm64 /Users/delaxstudio/src/shigodeki/iOS/shigodeki/Managers/FamilyMembershipService.swift (in target 'shigodeki' from project 'shigodeki')
    cd /Users/delaxstudio/src/shigodeki/iOS
    

SwiftCompile normal arm64 /Users/delaxstudio/src/shigodeki/iOS/shigodeki/Managers/FamilyOptimisticUpdates.swift (in target 'shigodeki' from project 'shigodeki')
    cd /Users/delaxstudio/src/shigodeki/iOS
    

SwiftCompile normal arm64 /Users/delaxstudio/src/shigodeki/iOS/shigodeki/Managers/KeychainManager.swift (in target 'shigodeki' from project 'shigodeki')
    cd /Users/delaxstudio/src/shigodeki/iOS
    

SwiftCompile normal arm64 /Users/delaxstudio/src/shigodeki/iOS/shigodeki/Managers/OfflineManager.swift (in target 'shigodeki' from project 'shigodeki')
    cd /Users/delaxstudio/src/shigodeki/iOS
    

SwiftCompile normal arm64 /Users/delaxstudio/src/shigodeki/iOS/shigodeki/Managers/PhaseManager.swift (in target 'shigodeki' from project 'shigodeki')
    cd /Users/delaxstudio/src/shigodeki/iOS
    

SwiftCompile normal arm64 /Users/delaxstudio/src/shigodeki/iOS/shigodeki/Managers/PhaseSectionManager.swift (in target 'shigodeki' from project 'shigodeki')
    cd /Users/delaxstudio/src/shigodeki/iOS
    

SwiftCompile normal arm64 /Users/delaxstudio/src/shigodeki/iOS/shigodeki/Managers/ProjectCreationHelpers.swift (in target 'shigodeki' from project 'shigodeki')
    cd /Users/delaxstudio/src/shigodeki/iOS
    

SwiftCompile normal arm64 /Users/delaxstudio/src/shigodeki/iOS/shigodeki/Managers/ProjectInvitationManager.swift (in target 'shigodeki' from project 'shigodeki')
    cd /Users/delaxstudio/src/shigodeki/iOS
    

SwiftCompile normal arm64 /Users/delaxstudio/src/shigodeki/iOS/shigodeki/Managers/ProjectListenerManager.swift (in target 'shigodeki' from project 'shigodeki')
    cd /Users/delaxstudio/src/shigodeki/iOS
    

SwiftCompile normal arm64 /Users/delaxstudio/src/shigodeki/iOS/shigodeki/Managers/ProjectManager.swift (in target 'shigodeki' from project 'shigodeki')
    cd /Users/delaxstudio/src/shigodeki/iOS
    

SwiftCompile normal arm64 /Users/delaxstudio/src/shigodeki/iOS/shigodeki/Managers/ProjectMemberOperations.swift (in target 'shigodeki' from project 'shigodeki')
    cd /Users/delaxstudio/src/shigodeki/iOS
    

SwiftCompile normal arm64 /Users/delaxstudio/src/shigodeki/iOS/shigodeki/Managers/ProjectTemplateOperations.swift (in target 'shigodeki' from project 'shigodeki')
    cd /Users/delaxstudio/src/shigodeki/iOS
    

SwiftCompile normal arm64 /Users/delaxstudio/src/shigodeki/iOS/shigodeki/Managers/ProjectValidationHelpers.swift (in target 'shigodeki' from project 'shigodeki')
    cd /Users/delaxstudio/src/shigodeki/iOS
    

SwiftCompile normal arm64 /Users/delaxstudio/src/shigodeki/iOS/shigodeki/Managers/StorageManager.swift (in target 'shigodeki' from project 'shigodeki')
    cd /Users/delaxstudio/src/shigodeki/iOS
    

SwiftDriverJobDiscovery normal x86_64 Compiling UnifiedInvitationService.swift, UserDataService.swift, WebApiPhaseBuilder.swift, WebApiTaskListBuilder.swift, WebApiTemplateService.swift, WebsiteTemplateService.swift, EmailDisplayUtility.swift, Environment+Entitlements.swift, Environment+Purchases.swift, FeatureFlagOverrides.swift, FeatureFlags.swift, RemoteConfigGate.swift, SyncQueue.swift, Telemetry.swift, ToastCenter.swift, DashboardViewModel.swift, FamilyViewModel.swift (in target 'shigodeki' from project 'shigodeki')

SwiftCompile normal arm64 Compiling\ KPIRefreshScheduler.swift,\ KPIStore.swift,\ PortfolioKPIEngine.swift,\ TaskModelMigrationService.swift,\ PhotoDraftBuilder.swift,\ EntitlementResolverLive.swift,\ EntitlementStore.swift,\ ProSubscriptionCoordinator.swift,\ PurchaseFlowTypes.swift,\ PurchaseOutcomeMapper.swift,\ PurchaseProductCatalog.swift,\ PurchaseService.swift,\ TemplateMonetizationCatalog.swift,\ TemplatePriceCatalog.swift,\ TemplatePurchaseCoordinator.swift,\ TemplateDraftBuilder.swift /Users/delaxstudio/src/shigodeki/iOS/shigodeki/Services/KPI/KPIRefreshScheduler.swift /Users/delaxstudio/src/shigodeki/iOS/shigodeki/Services/KPI/KPIStore.swift /Users/delaxstudio/src/shigodeki/iOS/shigodeki/Services/KPI/PortfolioKPIEngine.swift /Users/delaxstudio/src/shigodeki/iOS/shigodeki/Services/Migrations/TaskModelMigrationService.swift /Users/delaxstudio/src/shigodeki/iOS/shigodeki/Services/Photo/PhotoDraftBuilder.swift /Users/delaxstudio/src/shigodeki/iOS/shigodeki/Services/Purchases/EntitlementResolverLive.swift /Users/delaxstudio/src/shigodeki/iOS/shigodeki/Services/Purchases/EntitlementStore.swift /Users/delaxstudio/src/shigodeki/iOS/shigodeki/Services/Purchases/ProSubscriptionCoordinator.swift /Users/delaxstudio/src/shigodeki/iOS/shigodeki/Services/Purchases/PurchaseFlowTypes.swift /Users/delaxstudio/src/shigodeki/iOS/shigodeki/Services/Purchases/PurchaseOutcomeMapper.swift /Users/delaxstudio/src/shigodeki/iOS/shigodeki/Services/Purchases/PurchaseProductCatalog.swift /Users/delaxstudio/src/shigodeki/iOS/shigodeki/Services/Purchases/PurchaseService.swift /Users/delaxstudio/src/shigodeki/iOS/shigodeki/Services/Purchases/TemplateMonetizationCatalog.swift /Users/delaxstudio/src/shigodeki/iOS/shigodeki/Services/Purchases/TemplatePriceCatalog.swift /Users/delaxstudio/src/shigodeki/iOS/shigodeki/Services/Purchases/TemplatePurchaseCoordinator.swift /Users/delaxstudio/src/shigodeki/iOS/shigodeki/Services/Template/TemplateDraftBuilder.swift (in target 'shigodeki' from project 'shigodeki')

SwiftCompile normal arm64 /Users/delaxstudio/src/shigodeki/iOS/shigodeki/Services/KPI/KPIRefreshScheduler.swift (in target 'shigodeki' from project 'shigodeki')
    cd /Users/delaxstudio/src/shigodeki/iOS
    

SwiftCompile normal arm64 /Users/delaxstudio/src/shigodeki/iOS/shigodeki/Services/KPI/KPIStore.swift (in target 'shigodeki' from project 'shigodeki')
    cd /Users/delaxstudio/src/shigodeki/iOS
    

SwiftCompile normal arm64 /Users/delaxstudio/src/shigodeki/iOS/shigodeki/Services/KPI/PortfolioKPIEngine.swift (in target 'shigodeki' from project 'shigodeki')
    cd /Users/delaxstudio/src/shigodeki/iOS
    
/Users/delaxstudio/src/shigodeki/iOS/shigodeki/Services/KPI/PortfolioKPIEngine.swift:22:13: warning: initialization of immutable value 'completed' was never used; consider replacing with assignment to '_' or removing it
        let completed = tasks.filter { $0.isCompleted }.count
        ~~~~^~~~~~~~~
        _

SwiftCompile normal arm64 /Users/delaxstudio/src/shigodeki/iOS/shigodeki/Services/Migrations/TaskModelMigrationService.swift (in target 'shigodeki' from project 'shigodeki')
    cd /Users/delaxstudio/src/shigodeki/iOS
    

SwiftCompile normal arm64 /Users/delaxstudio/src/shigodeki/iOS/shigodeki/Services/Photo/PhotoDraftBuilder.swift (in target 'shigodeki' from project 'shigodeki')
    cd /Users/delaxstudio/src/shigodeki/iOS
    

SwiftCompile normal arm64 /Users/delaxstudio/src/shigodeki/iOS/shigodeki/Services/Purchases/EntitlementResolverLive.swift (in target 'shigodeki' from project 'shigodeki')
    cd /Users/delaxstudio/src/shigodeki/iOS
    

SwiftCompile normal arm64 /Users/delaxstudio/src/shigodeki/iOS/shigodeki/Services/Purchases/EntitlementStore.swift (in target 'shigodeki' from project 'shigodeki')
    cd /Users/delaxstudio/src/shigodeki/iOS
    

SwiftCompile normal arm64 /Users/delaxstudio/src/shigodeki/iOS/shigodeki/Services/Purchases/ProSubscriptionCoordinator.swift (in target 'shigodeki' from project 'shigodeki')
    cd /Users/delaxstudio/src/shigodeki/iOS
    

SwiftCompile normal arm64 /Users/delaxstudio/src/shigodeki/iOS/shigodeki/Services/Purchases/PurchaseFlowTypes.swift (in target 'shigodeki' from project 'shigodeki')
    cd /Users/delaxstudio/src/shigodeki/iOS
    

SwiftCompile normal arm64 /Users/delaxstudio/src/shigodeki/iOS/shigodeki/Services/Purchases/PurchaseOutcomeMapper.swift (in target 'shigodeki' from project 'shigodeki')
    cd /Users/delaxstudio/src/shigodeki/iOS
    

SwiftCompile normal arm64 /Users/delaxstudio/src/shigodeki/iOS/shigodeki/Services/Purchases/PurchaseProductCatalog.swift (in target 'shigodeki' from project 'shigodeki')
    cd /Users/delaxstudio/src/shigodeki/iOS
    

SwiftCompile normal arm64 /Users/delaxstudio/src/shigodeki/iOS/shigodeki/Services/Purchases/PurchaseService.swift (in target 'shigodeki' from project 'shigodeki')
    cd /Users/delaxstudio/src/shigodeki/iOS
    

SwiftCompile normal arm64 /Users/delaxstudio/src/shigodeki/iOS/shigodeki/Services/Purchases/TemplateMonetizationCatalog.swift (in target 'shigodeki' from project 'shigodeki')
    cd /Users/delaxstudio/src/shigodeki/iOS
    

SwiftCompile normal arm64 /Users/delaxstudio/src/shigodeki/iOS/shigodeki/Services/Purchases/TemplatePriceCatalog.swift (in target 'shigodeki' from project 'shigodeki')
    cd /Users/delaxstudio/src/shigodeki/iOS
    

SwiftCompile normal arm64 /Users/delaxstudio/src/shigodeki/iOS/shigodeki/Services/Purchases/TemplatePurchaseCoordinator.swift (in target 'shigodeki' from project 'shigodeki')
    cd /Users/delaxstudio/src/shigodeki/iOS
    

SwiftCompile normal arm64 /Users/delaxstudio/src/shigodeki/iOS/shigodeki/Services/Template/TemplateDraftBuilder.swift (in target 'shigodeki' from project 'shigodeki')
    cd /Users/delaxstudio/src/shigodeki/iOS
    

SwiftDriverJobDiscovery normal x86_64 Compiling TemplateComplexityCalculator.swift, TemplateContentEncoder.swift, TemplateCustomizationService.swift, TemplateExporter.swift, TemplateExportOptions.swift, TemplateFilterService.swift, TemplateImportConversion.swift, TemplateImporter.swift, TemplateImportService.swift, TemplateImportValidation.swift, TemplateProcessingService.swift, TemplateStatisticsService.swift, TemplateValidation.swift, TemplateValidationHelpers.swift, TemplateValidationLogic.swift, TemplateValidationTypes.swift, TestingTaskListBuilder.swift (in target 'shigodeki' from project 'shigodeki')

SwiftCompile normal x86_64 Compiling\ FirebaseError.swift /Users/delaxstudio/src/shigodeki/iOS/shigodeki/Services/FirebaseError.swift (in target 'shigodeki' from project 'shigodeki')

SwiftCompile normal x86_64 /Users/delaxstudio/src/shigodeki/iOS/shigodeki/Services/FirebaseError.swift (in target 'shigodeki' from project 'shigodeki')
    cd /Users/delaxstudio/src/shigodeki/iOS
    

SwiftDriverJobDiscovery normal x86_64 Compiling TemplateCategoryExtensions.swift, TemplateLegacySupport.swift, User.swift, FamilyRepository.swift, FirestoreFamilyRepository.swift, AIDraftMapper.swift, DashboardDataService.swift, DraftSaveFacade.swift, TaskDraftSource.swift, KPIDataSource.swift, KPIRefreshScheduler.swift, KPIStore.swift, PortfolioKPIEngine.swift, TaskModelMigrationService.swift, PhotoDraftBuilder.swift, EntitlementResolverLive.swift, EntitlementStore.swift (in target 'shigodeki' from project 'shigodeki')

SwiftCompile normal arm64 Compiling\ ProjectListViewModel.swift,\ ProjectPhaseKPIViewModel.swift,\ ProjectPortfolioKPIViewModel.swift,\ TaskListDetailViewModel.swift,\ AIActionButtonsView.swift,\ AIConfigurationPromptView.swift,\ AIDetailResultView.swift,\ AIErrorView.swift,\ AIStatusIndicatorView.swift,\ AnalysisTypeCard.swift,\ ProjectAnalysisHeader.swift,\ ProjectBasicSection.swift,\ ProjectInfoSection.swift,\ ProjectInvitationSection.swift,\ ProjectOwnerSection.swift,\ TaskAISections.swift /Users/delaxstudio/src/shigodeki/iOS/shigodeki/ViewModels/ProjectListViewModel.swift /Users/delaxstudio/src/shigodeki/iOS/shigodeki/ViewModels/ProjectPhaseKPIViewModel.swift /Users/delaxstudio/src/shigodeki/iOS/shigodeki/ViewModels/ProjectPortfolioKPIViewModel.swift /Users/delaxstudio/src/shigodeki/iOS/shigodeki/ViewModels/TaskListDetailViewModel.swift /Users/delaxstudio/src/shigodeki/iOS/shigodeki/Views/Components/AIActionButtonsView.swift /Users/delaxstudio/src/shigodeki/iOS/shigodeki/Views/Components/AIConfigurationPromptView.swift /Users/delaxstudio/src/shigodeki/iOS/shigodeki/Views/Components/AIDetailResultView.swift /Users/delaxstudio/src/shigodeki/iOS/shigodeki/Views/Components/AIErrorView.swift /Users/delaxstudio/src/shigodeki/iOS/shigodeki/Views/Components/AIStatusIndicatorView.swift /Users/delaxstudio/src/shigodeki/iOS/shigodeki/Views/Components/AnalysisTypeCard.swift /Users/delaxstudio/src/shigodeki/iOS/shigodeki/Views/Components/ProjectAnalysisHeader.swift /Users/delaxstudio/src/shigodeki/iOS/shigodeki/Views/Components/ProjectBasicSection.swift /Users/delaxstudio/src/shigodeki/iOS/shigodeki/Views/Components/ProjectInfoSection.swift /Users/delaxstudio/src/shigodeki/iOS/shigodeki/Views/Components/ProjectInvitationSection.swift /Users/delaxstudio/src/shigodeki/iOS/shigodeki/Views/Components/ProjectOwnerSection.swift /Users/delaxstudio/src/shigodeki/iOS/shigodeki/Views/Components/TaskAISections.swift (in target 'shigodeki' from project 'shigodeki')

SwiftCompile normal arm64 /Users/delaxstudio/src/shigodeki/iOS/shigodeki/ViewModels/ProjectListViewModel.swift (in target 'shigodeki' from project 'shigodeki')
    cd /Users/delaxstudio/src/shigodeki/iOS
    
/Users/delaxstudio/src/shigodeki/iOS/shigodeki/ViewModels/ProjectListViewModel.swift:328:15: warning: 'catch' block is unreachable because no errors are thrown in 'do' block
            } catch {
              ^

SwiftCompile normal arm64 /Users/delaxstudio/src/shigodeki/iOS/shigodeki/ViewModels/ProjectPhaseKPIViewModel.swift (in target 'shigodeki' from project 'shigodeki')
    cd /Users/delaxstudio/src/shigodeki/iOS
    
/Users/delaxstudio/src/shigodeki/iOS/shigodeki/ViewModels/ProjectListViewModel.swift:328:15: warning: 'catch' block is unreachable because no errors are thrown in 'do' block
            } catch {
              ^

SwiftCompile normal arm64 /Users/delaxstudio/src/shigodeki/iOS/shigodeki/ViewModels/ProjectPortfolioKPIViewModel.swift (in target 'shigodeki' from project 'shigodeki')
    cd /Users/delaxstudio/src/shigodeki/iOS
    
/Users/delaxstudio/src/shigodeki/iOS/shigodeki/ViewModels/ProjectListViewModel.swift:328:15: warning: 'catch' block is unreachable because no errors are thrown in 'do' block
            } catch {
              ^

SwiftCompile normal arm64 /Users/delaxstudio/src/shigodeki/iOS/shigodeki/ViewModels/TaskListDetailViewModel.swift (in target 'shigodeki' from project 'shigodeki')
    cd /Users/delaxstudio/src/shigodeki/iOS
    
/Users/delaxstudio/src/shigodeki/iOS/shigodeki/ViewModels/ProjectListViewModel.swift:328:15: warning: 'catch' block is unreachable because no errors are thrown in 'do' block
            } catch {
              ^

SwiftCompile normal arm64 /Users/delaxstudio/src/shigodeki/iOS/shigodeki/Views/Components/AIActionButtonsView.swift (in target 'shigodeki' from project 'shigodeki')
    cd /Users/delaxstudio/src/shigodeki/iOS
    
/Users/delaxstudio/src/shigodeki/iOS/shigodeki/ViewModels/ProjectListViewModel.swift:328:15: warning: 'catch' block is unreachable because no errors are thrown in 'do' block
            } catch {
              ^

SwiftCompile normal arm64 /Users/delaxstudio/src/shigodeki/iOS/shigodeki/Views/Components/AIConfigurationPromptView.swift (in target 'shigodeki' from project 'shigodeki')
    cd /Users/delaxstudio/src/shigodeki/iOS
    
/Users/delaxstudio/src/shigodeki/iOS/shigodeki/ViewModels/ProjectListViewModel.swift:328:15: warning: 'catch' block is unreachable because no errors are thrown in 'do' block
            } catch {
              ^

SwiftCompile normal arm64 /Users/delaxstudio/src/shigodeki/iOS/shigodeki/Views/Components/AIDetailResultView.swift (in target 'shigodeki' from project 'shigodeki')
    cd /Users/delaxstudio/src/shigodeki/iOS
    
/Users/delaxstudio/src/shigodeki/iOS/shigodeki/ViewModels/ProjectListViewModel.swift:328:15: warning: 'catch' block is unreachable because no errors are thrown in 'do' block
            } catch {
              ^

SwiftCompile normal arm64 /Users/delaxstudio/src/shigodeki/iOS/shigodeki/Views/Components/AIErrorView.swift (in target 'shigodeki' from project 'shigodeki')
    cd /Users/delaxstudio/src/shigodeki/iOS
    
/Users/delaxstudio/src/shigodeki/iOS/shigodeki/ViewModels/ProjectListViewModel.swift:328:15: warning: 'catch' block is unreachable because no errors are thrown in 'do' block
            } catch {
              ^

SwiftCompile normal arm64 /Users/delaxstudio/src/shigodeki/iOS/shigodeki/Views/Components/AIStatusIndicatorView.swift (in target 'shigodeki' from project 'shigodeki')
    cd /Users/delaxstudio/src/shigodeki/iOS
    
/Users/delaxstudio/src/shigodeki/iOS/shigodeki/ViewModels/ProjectListViewModel.swift:328:15: warning: 'catch' block is unreachable because no errors are thrown in 'do' block
            } catch {
              ^

SwiftCompile normal arm64 /Users/delaxstudio/src/shigodeki/iOS/shigodeki/Views/Components/AnalysisTypeCard.swift (in target 'shigodeki' from project 'shigodeki')
    cd /Users/delaxstudio/src/shigodeki/iOS
    
/Users/delaxstudio/src/shigodeki/iOS/shigodeki/ViewModels/ProjectListViewModel.swift:328:15: warning: 'catch' block is unreachable because no errors are thrown in 'do' block
            } catch {
              ^

SwiftCompile normal arm64 /Users/delaxstudio/src/shigodeki/iOS/shigodeki/Views/Components/ProjectAnalysisHeader.swift (in target 'shigodeki' from project 'shigodeki')
    cd /Users/delaxstudio/src/shigodeki/iOS
    
/Users/delaxstudio/src/shigodeki/iOS/shigodeki/ViewModels/ProjectListViewModel.swift:328:15: warning: 'catch' block is unreachable because no errors are thrown in 'do' block
            } catch {
              ^

SwiftCompile normal arm64 /Users/delaxstudio/src/shigodeki/iOS/shigodeki/Views/Components/ProjectBasicSection.swift (in target 'shigodeki' from project 'shigodeki')
    cd /Users/delaxstudio/src/shigodeki/iOS
    
/Users/delaxstudio/src/shigodeki/iOS/shigodeki/ViewModels/ProjectListViewModel.swift:328:15: warning: 'catch' block is unreachable because no errors are thrown in 'do' block
            } catch {
              ^

SwiftCompile normal arm64 /Users/delaxstudio/src/shigodeki/iOS/shigodeki/Views/Components/ProjectInfoSection.swift (in target 'shigodeki' from project 'shigodeki')
    cd /Users/delaxstudio/src/shigodeki/iOS
    
/Users/delaxstudio/src/shigodeki/iOS/shigodeki/ViewModels/ProjectListViewModel.swift:328:15: warning: 'catch' block is unreachable because no errors are thrown in 'do' block
            } catch {
              ^

SwiftCompile normal arm64 /Users/delaxstudio/src/shigodeki/iOS/shigodeki/Views/Components/ProjectInvitationSection.swift (in target 'shigodeki' from project 'shigodeki')
    cd /Users/delaxstudio/src/shigodeki/iOS
    
/Users/delaxstudio/src/shigodeki/iOS/shigodeki/ViewModels/ProjectListViewModel.swift:328:15: warning: 'catch' block is unreachable because no errors are thrown in 'do' block
            } catch {
              ^

SwiftCompile normal arm64 /Users/delaxstudio/src/shigodeki/iOS/shigodeki/Views/Components/ProjectOwnerSection.swift (in target 'shigodeki' from project 'shigodeki')
    cd /Users/delaxstudio/src/shigodeki/iOS
    
/Users/delaxstudio/src/shigodeki/iOS/shigodeki/ViewModels/ProjectListViewModel.swift:328:15: warning: 'catch' block is unreachable because no errors are thrown in 'do' block
            } catch {
              ^

SwiftCompile normal arm64 /Users/delaxstudio/src/shigodeki/iOS/shigodeki/Views/Components/TaskAISections.swift (in target 'shigodeki' from project 'shigodeki')
    cd /Users/delaxstudio/src/shigodeki/iOS
    
/Users/delaxstudio/src/shigodeki/iOS/shigodeki/ViewModels/ProjectListViewModel.swift:328:15: warning: 'catch' block is unreachable because no errors are thrown in 'do' block
            } catch {
              ^

SwiftDriverJobDiscovery normal x86_64 Compiling TemplateManager.swift, AnalysisType.swift, Entitlements.swift, ExtractedTask.swift, Family.swift, KPIModels.swift, ModelRelationships.swift, Phase.swift, PhaseSection.swift, Project.swift, ProjectInvitation.swift, ProjectSummaryMetrics.swift, ProjectTemplate.swift, Subtask.swift, Task.swift, TaskList.swift, TaskTag.swift (in target 'shigodeki' from project 'shigodeki')

SwiftCompile normal arm64 Compiling\ FallbackPlanner.swift,\ Models.swift,\ OpenAIService.swift,\ PlanNormalization.swift,\ TidySchema.swift,\ VisionPlanCoordinator.swift,\ AIClient.swift,\ AIClientRouter.swift,\ AITaskConverter.swift,\ AITaskGenerator.swift,\ AppleSignInService.swift,\ AppPlanningTaskListBuilder.swift,\ AuthTestDataDeletionService.swift,\ BuiltInTemplates.swift,\ BusinessTemplates.swift,\ CreateProjectService.swift /Users/delaxstudio/src/shigodeki/iOS/shigodeki/Services/TidyPlan/FallbackPlanner.swift /Users/delaxstudio/src/shigodeki/iOS/shigodeki/Services/TidyPlan/Models.swift /Users/delaxstudio/src/shigodeki/iOS/shigodeki/Services/TidyPlan/OpenAIService.swift /Users/delaxstudio/src/shigodeki/iOS/shigodeki/Services/TidyPlan/PlanNormalization.swift /Users/delaxstudio/src/shigodeki/iOS/shigodeki/Services/TidyPlan/TidySchema.swift /Users/delaxstudio/src/shigodeki/iOS/shigodeki/Services/TidyPlan/VisionPlanCoordinator.swift /Users/delaxstudio/src/shigodeki/iOS/shigodeki/Services/AIClient.swift /Users/delaxstudio/src/shigodeki/iOS/shigodeki/Services/AIClientRouter.swift /Users/delaxstudio/src/shigodeki/iOS/shigodeki/Services/AITaskConverter.swift /Users/delaxstudio/src/shigodeki/iOS/shigodeki/Services/AITaskGenerator.swift /Users/delaxstudio/src/shigodeki/iOS/shigodeki/Services/AppleSignInService.swift /Users/delaxstudio/src/shigodeki/iOS/shigodeki/Services/AppPlanningTaskListBuilder.swift /Users/delaxstudio/src/shigodeki/iOS/shigodeki/Services/AuthTestDataDeletionService.swift /Users/delaxstudio/src/shigodeki/iOS/shigodeki/Services/BuiltInTemplates.swift /Users/delaxstudio/src/shigodeki/iOS/shigodeki/Services/BusinessTemplates.swift /Users/delaxstudio/src/shigodeki/iOS/shigodeki/Services/CreateProjectService.swift (in target 'shigodeki' from project 'shigodeki')

SwiftCompile normal arm64 /Users/delaxstudio/src/shigodeki/iOS/shigodeki/Services/TidyPlan/FallbackPlanner.swift (in target 'shigodeki' from project 'shigodeki')
    cd /Users/delaxstudio/src/shigodeki/iOS
    

SwiftCompile normal arm64 /Users/delaxstudio/src/shigodeki/iOS/shigodeki/Services/TidyPlan/Models.swift (in target 'shigodeki' from project 'shigodeki')
    cd /Users/delaxstudio/src/shigodeki/iOS
    

SwiftCompile normal arm64 /Users/delaxstudio/src/shigodeki/iOS/shigodeki/Services/TidyPlan/OpenAIService.swift (in target 'shigodeki' from project 'shigodeki')
    cd /Users/delaxstudio/src/shigodeki/iOS
    

SwiftCompile normal arm64 /Users/delaxstudio/src/shigodeki/iOS/shigodeki/Services/TidyPlan/PlanNormalization.swift (in target 'shigodeki' from project 'shigodeki')
    cd /Users/delaxstudio/src/shigodeki/iOS
    
/Users/delaxstudio/src/shigodeki/iOS/shigodeki/Services/TidyPlan/PlanNormalization.swift:27:19: warning: variable 'raw' was never mutated; consider changing to 'let' constant
        guard var raw = try? decoder.decode(RawPlan.self, from: data) else {
              ~~~ ^
              let

SwiftCompile normal arm64 /Users/delaxstudio/src/shigodeki/iOS/shigodeki/Services/TidyPlan/TidySchema.swift (in target 'shigodeki' from project 'shigodeki')
    cd /Users/delaxstudio/src/shigodeki/iOS
    

SwiftCompile normal arm64 /Users/delaxstudio/src/shigodeki/iOS/shigodeki/Services/TidyPlan/VisionPlanCoordinator.swift (in target 'shigodeki' from project 'shigodeki')
    cd /Users/delaxstudio/src/shigodeki/iOS
    

SwiftCompile normal arm64 /Users/delaxstudio/src/shigodeki/iOS/shigodeki/Services/AIClient.swift (in target 'shigodeki' from project 'shigodeki')
    cd /Users/delaxstudio/src/shigodeki/iOS
    

SwiftCompile normal arm64 /Users/delaxstudio/src/shigodeki/iOS/shigodeki/Services/AIClientRouter.swift (in target 'shigodeki' from project 'shigodeki')
    cd /Users/delaxstudio/src/shigodeki/iOS
    

SwiftCompile normal arm64 /Users/delaxstudio/src/shigodeki/iOS/shigodeki/Services/AITaskConverter.swift (in target 'shigodeki' from project 'shigodeki')
    cd /Users/delaxstudio/src/shigodeki/iOS
    

SwiftCompile normal arm64 /Users/delaxstudio/src/shigodeki/iOS/shigodeki/Services/AITaskGenerator.swift (in target 'shigodeki' from project 'shigodeki')
    cd /Users/delaxstudio/src/shigodeki/iOS
    

SwiftCompile normal arm64 /Users/delaxstudio/src/shigodeki/iOS/shigodeki/Services/AppleSignInService.swift (in target 'shigodeki' from project 'shigodeki')
    cd /Users/delaxstudio/src/shigodeki/iOS
    
/Users/delaxstudio/src/shigodeki/iOS/shigodeki/Services/AppleSignInService.swift:99:13: warning: switch must be exhaustive
            switch authError.code {
            ^
/Users/delaxstudio/src/shigodeki/iOS/shigodeki/Services/AppleSignInService.swift:99:13: note: add missing case: '.preferSignInWithApple'
            switch authError.code {
            ^
/Users/delaxstudio/src/shigodeki/iOS/shigodeki/Services/AppleSignInService.swift:99:13: note: add missing case: '.deviceNotConfiguredForPasskeyCreation'
            switch authError.code {
            ^
/Users/delaxstudio/src/shigodeki/iOS/shigodeki/Services/AppleSignInService.swift:99:13: note: add missing cases
            switch authError.code {
            ^

SwiftCompile normal arm64 /Users/delaxstudio/src/shigodeki/iOS/shigodeki/Services/AppPlanningTaskListBuilder.swift (in target 'shigodeki' from project 'shigodeki')
    cd /Users/delaxstudio/src/shigodeki/iOS
    

SwiftCompile normal arm64 /Users/delaxstudio/src/shigodeki/iOS/shigodeki/Services/AuthTestDataDeletionService.swift (in target 'shigodeki' from project 'shigodeki')
    cd /Users/delaxstudio/src/shigodeki/iOS
    

SwiftCompile normal arm64 /Users/delaxstudio/src/shigodeki/iOS/shigodeki/Services/BuiltInTemplates.swift (in target 'shigodeki' from project 'shigodeki')
    cd /Users/delaxstudio/src/shigodeki/iOS
    

SwiftCompile normal arm64 /Users/delaxstudio/src/shigodeki/iOS/shigodeki/Services/BusinessTemplates.swift (in target 'shigodeki' from project 'shigodeki')
    cd /Users/delaxstudio/src/shigodeki/iOS
    

SwiftCompile normal arm64 /Users/delaxstudio/src/shigodeki/iOS/shigodeki/Services/CreateProjectService.swift (in target 'shigodeki' from project 'shigodeki')
    cd /Users/delaxstudio/src/shigodeki/iOS
    

SwiftDriverJobDiscovery normal x86_64 Compiling Persistence.swift, PhaseAIService.swift, PhaseSubtaskService.swift, PhaseTaskDetailService.swift, PhaseTaskDetailViewHelpers.swift, PhaseTaskViewService.swift, ProjectAnalysisEngine.swift, ProjectMetricsService.swift, ProjectTemplateConverter.swift, ProviderThrottleCenter.swift, PublishingTaskListBuilder.swift, QuickAIPromptBuilder.swift, SettingsDataService.swift, SoftTemplateDecoding.swift, SoftwareDevTemplates.swift, SubtaskPromotionService.swift, TagCreationService.swift (in target 'shigodeki' from project 'shigodeki')

SwiftCompile normal x86_64 Compiling\ DemoAuthService.swift /Users/delaxstudio/src/shigodeki/iOS/shigodeki/Services/DemoAuthService.swift (in target 'shigodeki' from project 'shigodeki')

SwiftCompile normal x86_64 /Users/delaxstudio/src/shigodeki/iOS/shigodeki/Services/DemoAuthService.swift (in target 'shigodeki' from project 'shigodeki')
    cd /Users/delaxstudio/src/shigodeki/iOS
    

SwiftDriverJobDiscovery normal x86_64 Emitting module for shigodeki (in target 'shigodeki' from project 'shigodeki')

SwiftDriver\ Compilation\ Requirements shigodeki normal x86_64 com.apple.xcode.tools.swift.compiler (in target 'shigodeki' from project 'shigodeki')
    cd /Users/delaxstudio/src/shigodeki/iOS
    builtin-Swift-Compilation-Requirements -- /Applications/Xcode.app/Contents/Developer/Toolchains/XcodeDefault.xctoolchain/usr/bin/swiftc -module-name shigodeki -Onone -enforce-exclusivity\=checked @/Users/delaxstudio/Library/Developer/Xcode/DerivedData/shigodeki-fkaeotsqybievcdjwhonrrgqyvla/Build/Intermediates.noindex/shigodeki.build/Debug-iphonesimulator/shigodeki.build/Objects-normal/x86_64/shigodeki.SwiftFileList -DDEBUG -Xcc -fmodule-map-file\=/Users/delaxstudio/Library/Developer/Xcode/DerivedData/shigodeki-fkaeotsqybievcdjwhonrrgqyvla/Build/Intermediates.noindex/GeneratedModuleMaps-iphonesimulator/abslWrapper.modulemap -Xcc -fmodule-map-file\=/Users/delaxstudio/Library/Developer/Xcode/DerivedData/shigodeki-fkaeotsqybievcdjwhonrrgqyvla/Build/Intermediates.noindex/GeneratedModuleMaps-iphonesimulator/opensslWrapper.modulemap -Xcc -fmodule-map-file\=/Users/delaxstudio/Library/Developer/Xcode/DerivedData/shigodeki-fkaeotsqybievcdjwhonrrgqyvla/Build/Intermediates.noindex/GeneratedModuleMaps-iphonesimulator/grpcWrapper.modulemap -Xcc -fmodule-map-file\=/Users/delaxstudio/Library/Developer/Xcode/DerivedData/shigodeki-fkaeotsqybievcdjwhonrrgqyvla/Build/Intermediates.noindex/GeneratedModuleMaps-iphonesimulator/grpcppWrapper.modulemap -Xcc -fmodule-map-file\=/Users/delaxstudio/Library/Developer/Xcode/DerivedData/shigodeki-fkaeotsqybievcdjwhonrrgqyvla/Build/Intermediates.noindex/GeneratedModuleMaps-iphonesimulator/nanopb.modulemap -Xcc -fmodule-map-file\=/Users/delaxstudio/Library/Developer/Xcode/DerivedData/shigodeki-fkaeotsqybievcdjwhonrrgqyvla/Build/Intermediates.noindex/GeneratedModuleMaps-iphonesimulator/leveldb.modulemap -Xcc -fmodule-map-file\=/Users/delaxstudio/Library/Developer/Xcode/DerivedData/shigodeki-fkaeotsqybievcdjwhonrrgqyvla/Build/Intermediates.noindex/GeneratedModuleMaps-iphonesimulator/FirebaseFirestoreInternalWrapper.modulemap -Xcc -fmodule-map-file\=/Users/delaxstudio/Library/Developer/Xcode/DerivedData/shigodeki-fkaeotsqybievcdjwhonrrgqyvla/Build/Intermediates.noindex/GeneratedModuleMaps-iphonesimulator/FirebaseFirestoreTarget.modulemap -Xcc -fmodule-map-file\=/Users/delaxstudio/Library/Developer/Xcode/DerivedData/shigodeki-fkaeotsqybievcdjwhonrrgqyvla/Build/Intermediates.noindex/GeneratedModuleMaps-iphonesimulator/RecaptchaInterop.modulemap -Xcc -fmodule-map-file\=/Users/delaxstudio/Library/Developer/Xcode/DerivedData/shigodeki-fkaeotsqybievcdjwhonrrgqyvla/Build/Intermediates.noindex/GeneratedModuleMaps-iphonesimulator/GoogleUtilities-Network.modulemap -Xcc -fmodule-map-file\=/Users/delaxstudio/Library/Developer/Xcode/DerivedData/shigodeki-fkaeotsqybievcdjwhonrrgqyvla/Build/Intermediates.noindex/GeneratedModuleMaps-iphonesimulator/GoogleUtilities-Reachability.modulemap -Xcc -fmodule-map-file\=/Users/delaxstudio/Library/Developer/Xcode/DerivedData/shigodeki-fkaeotsqybievcdjwhonrrgqyvla/Build/Intermediates.noindex/GeneratedModuleMaps-iphonesimulator/GoogleUtilities-NSData.modulemap -Xcc -fmodule-map-file\=/Users/delaxstudio/Library/Developer/Xcode/DerivedData/shigodeki-fkaeotsqybievcdjwhonrrgqyvla/Build/Intermediates.noindex/GeneratedModuleMaps-iphonesimulator/GoogleUtilities-Logger.modulemap -Xcc -fmodule-map-file\=/Users/delaxstudio/Library/Developer/Xcode/DerivedData/shigodeki-fkaeotsqybievcdjwhonrrgqyvla/Build/Intermediates.noindex/GeneratedModuleMaps-iphonesimulator/GoogleUtilities-Environment.modulemap -Xcc -fmodule-map-file\=/Users/delaxstudio/Library/Developer/Xcode/DerivedData/shigodeki-fkaeotsqybievcdjwhonrrgqyvla/Build/Intermediates.noindex/GeneratedModuleMaps-iphonesimulator/third-party-IsAppEncrypted.modulemap -Xcc -fmodule-map-file\=/Users/delaxstudio/Library/Developer/Xcode/DerivedData/shigodeki-fkaeotsqybievcdjwhonrrgqyvla/Build/Intermediates.noindex/GeneratedModuleMaps-iphonesimulator/GoogleUtilities-AppDelegateSwizzler.modulemap -Xcc -fmodule-map-file\=/Users/delaxstudio/Library/Developer/Xcode/DerivedData/shigodeki-fkaeotsqybievcdjwhonrrgqyvla/Build/Intermediates.noindex/GeneratedModuleMaps-iphonesimulator/GTMSessionFetcherCore.modulemap -Xcc -fmodule-map-file\=/Users/delaxstudio/Library/Developer/Xcode/DerivedData/shigodeki-fkaeotsqybievcdjwhonrrgqyvla/Build/Intermediates.noindex/GeneratedModuleMaps-iphonesimulator/FirebaseCoreExtension.modulemap -Xcc -fmodule-map-file\=/Users/delaxstudio/Library/Developer/Xcode/DerivedData/shigodeki-fkaeotsqybievcdjwhonrrgqyvla/Build/Intermediates.noindex/GeneratedModuleMaps-iphonesimulator/FirebaseCore.modulemap -Xcc -fmodule-map-file\=/Users/delaxstudio/Library/Developer/Xcode/DerivedData/shigodeki-fkaeotsqybievcdjwhonrrgqyvla/Build/Intermediates.noindex/GeneratedModuleMaps-iphonesimulator/FirebaseAuthInternal.modulemap -Xcc -fmodule-map-file\=/Users/delaxstudio/Library/Developer/Xcode/DerivedData/shigodeki-fkaeotsqybievcdjwhonrrgqyvla/Build/Intermediates.noindex/GeneratedModuleMaps-iphonesimulator/FirebaseAuthInterop.modulemap -Xcc -fmodule-map-file\=/Users/delaxstudio/Library/Developer/Xcode/DerivedData/shigodeki-fkaeotsqybievcdjwhonrrgqyvla/Build/Intermediates.noindex/GeneratedModuleMaps-iphonesimulator/FirebaseAppCheckInterop.modulemap -enable-bare-slash-regex -enable-experimental-feature DebugDescriptionMacro -sdk /Applications/Xcode.app/Contents/Developer/Platforms/iPhoneSimulator.platform/Developer/SDKs/iPhoneSimulator26.2.sdk -target x86_64-apple-ios18.5-simulator -g -module-cache-path /Users/delaxstudio/Library/Developer/Xcode/DerivedData/ModuleCache.noindex -Xfrontend -serialize-debugging-options -enable-testing -index-store-path /Users/delaxstudio/Library/Developer/Xcode/DerivedData/shigodeki-fkaeotsqybievcdjwhonrrgqyvla/Index.noindex/DataStore -Xcc -D_LIBCPP_HARDENING_MODE\=_LIBCPP_HARDENING_MODE_DEBUG -swift-version 5 -I /Users/delaxstudio/Library/Developer/Xcode/DerivedData/shigodeki-fkaeotsqybievcdjwhonrrgqyvla/Build/Products/Debug-iphonesimulator -F /Users/delaxstudio/Library/Developer/Xcode/DerivedData/shigodeki-fkaeotsqybievcdjwhonrrgqyvla/Build/Products/Debug-iphonesimulator/PackageFrameworks -F /Users/delaxstudio/Library/Developer/Xcode/DerivedData/shigodeki-fkaeotsqybievcdjwhonrrgqyvla/Build/Products/Debug-iphonesimulator/PackageFrameworks -F /Users/delaxstudio/Library/Developer/Xcode/DerivedData/shigodeki-fkaeotsqybievcdjwhonrrgqyvla/Build/Products/Debug-iphonesimulator/PackageFrameworks -F /Users/delaxstudio/Library/Developer/Xcode/DerivedData/shigodeki-fkaeotsqybievcdjwhonrrgqyvla/Build/Products/Debug-iphonesimulator/PackageFrameworks -F /Users/delaxstudio/Library/Developer/Xcode/DerivedData/shigodeki-fkaeotsqybievcdjwhonrrgqyvla/Build/Products/Debug-iphonesimulator/PackageFrameworks -F /Users/delaxstudio/Library/Developer/Xcode/DerivedData/shigodeki-fkaeotsqybievcdjwhonrrgqyvla/Build/Products/Debug-iphonesimulator/PackageFrameworks -F /Users/delaxstudio/Library/Developer/Xcode/DerivedData/shigodeki-fkaeotsqybievcdjwhonrrgqyvla/Build/Products/Debug-iphonesimulator/PackageFrameworks -F /Users/delaxstudio/Library/Developer/Xcode/DerivedData/shigodeki-fkaeotsqybievcdjwhonrrgqyvla/Build/Products/Debug-iphonesimulator/PackageFrameworks -F /Users/delaxstudio/Library/Developer/Xcode/DerivedData/shigodeki-fkaeotsqybievcdjwhonrrgqyvla/Build/Products/Debug-iphonesimulator/PackageFrameworks -F /Users/delaxstudio/Library/Developer/Xcode/DerivedData/shigodeki-fkaeotsqybievcdjwhonrrgqyvla/Build/Products/Debug-iphonesimulator/PackageFrameworks -F /Users/delaxstudio/Library/Developer/Xcode/DerivedData/shigodeki-fkaeotsqybievcdjwhonrrgqyvla/Build/Products/Debug-iphonesimulator/PackageFrameworks -F /Users/delaxstudio/Library/Developer/Xcode/DerivedData/shigodeki-fkaeotsqybievcdjwhonrrgqyvla/Build/Products/Debug-iphonesimulator/PackageFrameworks -F /Users/delaxstudio/Library/Developer/Xcode/DerivedData/shigodeki-fkaeotsqybievcdjwhonrrgqyvla/Build/Products/Debug-iphonesimulator/PackageFrameworks -F /Users/delaxstudio/Library/Developer/Xcode/DerivedData/shigodeki-fkaeotsqybievcdjwhonrrgqyvla/Build/Products/Debug-iphonesimulator/PackageFrameworks -F /Users/delaxstudio/Library/Developer/Xcode/DerivedData/shigodeki-fkaeotsqybievcdjwhonrrgqyvla/Build/Products/Debug-iphonesimulator/PackageFrameworks -F /Users/delaxstudio/Library/Developer/Xcode/DerivedData/shigodeki-fkaeotsqybievcdjwhonrrgqyvla/Build/Products/Debug-iphonesimulator/PackageFrameworks -F /Users/delaxstudio/Library/Developer/Xcode/DerivedData/shigodeki-fkaeotsqybievcdjwhonrrgqyvla/Build/Products/Debug-iphonesimulator/PackageFrameworks -F /Users/delaxstudio/Library/Developer/Xcode/DerivedData/shigodeki-fkaeotsqybievcdjwhonrrgqyvla/Build/Products/Debug-iphonesimulator/PackageFrameworks -F /Users/delaxstudio/Library/Developer/Xcode/DerivedData/shigodeki-fkaeotsqybievcdjwhonrrgqyvla/Build/Products/Debug-iphonesimulator/PackageFrameworks -F /Users/delaxstudio/Library/Developer/Xcode/DerivedData/shigodeki-fkaeotsqybievcdjwhonrrgqyvla/Build/Products/Debug-iphonesimulator/PackageFrameworks -F /Users/delaxstudio/Library/Developer/Xcode/DerivedData/shigodeki-fkaeotsqybievcdjwhonrrgqyvla/Build/Products/Debug-iphonesimulator/PackageFrameworks -F /Users/delaxstudio/Library/Developer/Xcode/DerivedData/shigodeki-fkaeotsqybievcdjwhonrrgqyvla/Build/Products/Debug-iphonesimulator/PackageFrameworks -F /Users/delaxstudio/Library/Developer/Xcode/DerivedData/shigodeki-fkaeotsqybievcdjwhonrrgqyvla/Build/Products/Debug-iphonesimulator/PackageFrameworks -F /Users/delaxstudio/Library/Developer/Xcode/DerivedData/shigodeki-fkaeotsqybievcdjwhonrrgqyvla/Build/Products/Debug-iphonesimulator/PackageFrameworks -F /Users/delaxstudio/Library/Developer/Xcode/DerivedData/shigodeki-fkaeotsqybievcdjwhonrrgqyvla/Build/Products/Debug-iphonesimulator/PackageFrameworks -F /Users/delaxstudio/Library/Developer/Xcode/DerivedData/shigodeki-fkaeotsqybievcdjwhonrrgqyvla/Build/Products/Debug-iphonesimulator/PackageFrameworks -F /Users/delaxstudio/Library/Developer/Xcode/DerivedData/shigodeki-fkaeotsqybievcdjwhonrrgqyvla/Build/Products/Debug-iphonesimulator/PackageFrameworks -F /Users/delaxstudio/Library/Developer/Xcode/DerivedData/shigodeki-fkaeotsqybievcdjwhonrrgqyvla/Build/Products/Debug-iphonesimulator/PackageFrameworks -F /Users/delaxstudio/Library/Developer/Xcode/DerivedData/shigodeki-fkaeotsqybievcdjwhonrrgqyvla/Build/Products/Debug-iphonesimulator -emit-localized-strings -emit-localized-strings-path /Users/delaxstudio/Library/Developer/Xcode/DerivedData/shigodeki-fkaeotsqybievcdjwhonrrgqyvla/Build/Intermediates.noindex/shigodeki.build/Debug-iphonesimulator/shigodeki.build/Objects-normal/x86_64 -c -j20 -enable-batch-mode -incremental -Xcc -ivfsstatcache -Xcc /Users/delaxstudio/Library/Developer/Xcode/DerivedData/SDKStatCaches.noindex/iphonesimulator26.2-23C53-7d00a8b37fbd7999ea79df8ebc024bf0.sdkstatcache -output-file-map /Users/delaxstudio/Library/Developer/Xcode/DerivedData/shigodeki-fkaeotsqybievcdjwhonrrgqyvla/Build/Intermediates.noindex/shigodeki.build/Debug-iphonesimulator/shigodeki.build/Objects-normal/x86_64/shigodeki-OutputFileMap.json -use-frontend-parseable-output -save-temps -no-color-diagnostics -explicit-module-build -module-cache-path /Users/delaxstudio/Library/Developer/Xcode/DerivedData/shigodeki-fkaeotsqybievcdjwhonrrgqyvla/Build/Intermediates.noindex/SwiftExplicitPrecompiledModules -clang-scanner-module-cache-path /Users/delaxstudio/Library/Developer/Xcode/DerivedData/ModuleCache.noindex -sdk-module-cache-path /Users/delaxstudio/Library/Developer/Xcode/DerivedData/ModuleCache.noindex -serialize-diagnostics -emit-dependencies -emit-module -emit-module-path /Users/delaxstudio/Library/Developer/Xcode/DerivedData/shigodeki-fkaeotsqybievcdjwhonrrgqyvla/Build/Intermediates.noindex/shigodeki.build/Debug-iphonesimulator/shigodeki.build/Objects-normal/x86_64/shigodeki.swiftmodule -validate-clang-modules-once -clang-build-session-file /Users/delaxstudio/Library/Developer/Xcode/DerivedData/ModuleCache.noindex/Session.modulevalidation -Xcc -I/Users/delaxstudio/Library/Developer/Xcode/DerivedData/shigodeki-fkaeotsqybievcdjwhonrrgqyvla/Build/Intermediates.noindex/shigodeki.build/Debug-iphonesimulator/shigodeki.build/swift-overrides.hmap -emit-const-values -Xfrontend -const-gather-protocols-file -Xfrontend /Users/delaxstudio/Library/Developer/Xcode/DerivedData/shigodeki-fkaeotsqybievcdjwhonrrgqyvla/Build/Intermediates.noindex/shigodeki.build/Debug-iphonesimulator/shigodeki.build/Objects-normal/x86_64/shigodeki_const_extract_protocols.json -Xcc -iquote -Xcc /Users/delaxstudio/Library/Developer/Xcode/DerivedData/shigodeki-fkaeotsqybievcdjwhonrrgqyvla/Build/Intermediates.noindex/shigodeki.build/Debug-iphonesimulator/shigodeki.build/shigodeki-generated-files.hmap -Xcc -I/Users/delaxstudio/Library/Developer/Xcode/DerivedData/shigodeki-fkaeotsqybievcdjwhonrrgqyvla/Build/Intermediates.noindex/shigodeki.build/Debug-iphonesimulator/shigodeki.build/shigodeki-own-target-headers.hmap -Xcc -I/Users/delaxstudio/Library/Developer/Xcode/DerivedData/shigodeki-fkaeotsqybievcdjwhonrrgqyvla/Build/Intermediates.noindex/shigodeki.build/Debug-iphonesimulator/shigodeki.build/shigodeki-all-non-framework-target-headers.hmap -Xcc -ivfsoverlay -Xcc /Users/delaxstudio/Library/Developer/Xcode/DerivedData/shigodeki-fkaeotsqybievcdjwhonrrgqyvla/Build/Intermediates.noindex/shigodeki.build/Debug-iphonesimulator/shigodeki-778cd99806b7a64fcaf3138ab8d360b6-VFS-iphonesimulator/all-product-headers.yaml -Xcc -iquote -Xcc /Users/delaxstudio/Library/Developer/Xcode/DerivedData/shigodeki-fkaeotsqybievcdjwhonrrgqyvla/Build/Intermediates.noindex/shigodeki.build/Debug-iphonesimulator/shigodeki.build/shigodeki-project-headers.hmap -Xcc -I/Users/delaxstudio/Library/Developer/Xcode/DerivedData/shigodeki-fkaeotsqybievcdjwhonrrgqyvla/SourcePackages/checkouts/abseil-cpp-binary/absl-Wrapper/include -Xcc -I/Users/delaxstudio/Library/Developer/Xcode/DerivedData/shigodeki-fkaeotsqybievcdjwhonrrgqyvla/SourcePackages/checkouts/grpc-binary/openssl-grpc-Wrapper/include -Xcc -I/Users/delaxstudio/Library/Developer/Xcode/DerivedData/shigodeki-fkaeotsqybievcdjwhonrrgqyvla/SourcePackages/checkouts/grpc-binary/grpc-Wrapper/include -Xcc -I/Users/delaxstudio/Library/Developer/Xcode/DerivedData/shigodeki-fkaeotsqybievcdjwhonrrgqyvla/SourcePackages/checkouts/grpc-binary/grpcpp-Wrapper/include -Xcc -I/Users/delaxstudio/Library/Developer/Xcode/DerivedData/shigodeki-fkaeotsqybievcdjwhonrrgqyvla/SourcePackages/checkouts/nanopb/spm_headers -Xcc -I/Users/delaxstudio/Library/Developer/Xcode/DerivedData/shigodeki-fkaeotsqybievcdjwhonrrgqyvla/SourcePackages/checkouts/leveldb/include -Xcc -I/Users/delaxstudio/Library/Developer/Xcode/DerivedData/shigodeki-fkaeotsqybievcdjwhonrrgqyvla/SourcePackages/checkouts/firebase-ios-sdk/FirebaseFirestoreInternal -Xcc -I/Users/delaxstudio/Library/Developer/Xcode/DerivedData/shigodeki-fkaeotsqybievcdjwhonrrgqyvla/SourcePackages/checkouts/firebase-ios-sdk/SwiftPM-PlatformExclude/FirebaseFirestoreWrap/include -Xcc -I/Users/delaxstudio/Library/Developer/Xcode/DerivedData/shigodeki-fkaeotsqybievcdjwhonrrgqyvla/SourcePackages/checkouts/interop-ios-for-google-sdks/RecaptchaEnterprise/RecaptchaInterop/Public -Xcc -I/Users/delaxstudio/Library/Developer/Xcode/DerivedData/shigodeki-fkaeotsqybievcdjwhonrrgqyvla/SourcePackages/checkouts/GoogleUtilities/GoogleUtilities/Network/Public -Xcc -I/Users/delaxstudio/Library/Developer/Xcode/DerivedData/shigodeki-fkaeotsqybievcdjwhonrrgqyvla/SourcePackages/checkouts/GoogleUtilities/GoogleUtilities/Reachability/Public -Xcc -I/Users/delaxstudio/Library/Developer/Xcode/DerivedData/shigodeki-fkaeotsqybievcdjwhonrrgqyvla/SourcePackages/checkouts/GoogleUtilities/GoogleUtilities/NSData+zlib/Public -Xcc -I/Users/delaxstudio/Library/Developer/Xcode/DerivedData/shigodeki-fkaeotsqybievcdjwhonrrgqyvla/SourcePackages/checkouts/GoogleUtilities/GoogleUtilities/Logger/Public -Xcc -I/Users/delaxstudio/Library/Developer/Xcode/DerivedData/shigodeki-fkaeotsqybievcdjwhonrrgqyvla/SourcePackages/checkouts/GoogleUtilities/GoogleUtilities/Environment/Public -Xcc -I/Users/delaxstudio/Library/Developer/Xcode/DerivedData/shigodeki-fkaeotsqybievcdjwhonrrgqyvla/SourcePackages/checkouts/GoogleUtilities/third_party/IsAppEncrypted/Public -Xcc -I/Users/delaxstudio/Library/Developer/Xcode/DerivedData/shigodeki-fkaeotsqybievcdjwhonrrgqyvla/SourcePackages/checkouts/GoogleUtilities/GoogleUtilities/AppDelegateSwizzler/Public -Xcc -I/Users/delaxstudio/Library/Developer/Xcode/DerivedData/shigodeki-fkaeotsqybievcdjwhonrrgqyvla/SourcePackages/checkouts/gtm-session-fetcher/Sources/Core/Public -Xcc -I/Users/delaxstudio/Library/Developer/Xcode/DerivedData/shigodeki-fkaeotsqybievcdjwhonrrgqyvla/SourcePackages/checkouts/firebase-ios-sdk/FirebaseCore/Extension -Xcc -I/Users/delaxstudio/Library/Developer/Xcode/DerivedData/shigodeki-fkaeotsqybievcdjwhonrrgqyvla/SourcePackages/checkouts/firebase-ios-sdk/FirebaseCore/Sources/Public -Xcc -I/Users/delaxstudio/Library/Developer/Xcode/DerivedData/shigodeki-fkaeotsqybievcdjwhonrrgqyvla/SourcePackages/checkouts/firebase-ios-sdk/CoreOnly/Sources -Xcc -I/Users/delaxstudio/Library/Developer/Xcode/DerivedData/shigodeki-fkaeotsqybievcdjwhonrrgqyvla/SourcePackages/checkouts/firebase-ios-sdk/FirebaseAuth/Sources/Public -Xcc -I/Users/delaxstudio/Library/Developer/Xcode/DerivedData/shigodeki-fkaeotsqybievcdjwhonrrgqyvla/SourcePackages/checkouts/firebase-ios-sdk/FirebaseAuth/Interop/Public -Xcc -I/Users/delaxstudio/Library/Developer/Xcode/DerivedData/shigodeki-fkaeotsqybievcdjwhonrrgqyvla/SourcePackages/checkouts/firebase-ios-sdk/FirebaseAppCheck/Interop/Public -Xcc -I/Users/delaxstudio/Library/Developer/Xcode/DerivedData/shigodeki-fkaeotsqybievcdjwhonrrgqyvla/Build/Products/Debug-iphonesimulator/include -Xcc -I/Users/delaxstudio/Library/Developer/Xcode/DerivedData/shigodeki-fkaeotsqybievcdjwhonrrgqyvla/Build/Intermediates.noindex/shigodeki.build/Debug-iphonesimulator/shigodeki.build/DerivedSources-normal/x86_64 -Xcc -I/Users/delaxstudio/Library/Developer/Xcode/DerivedData/shigodeki-fkaeotsqybievcdjwhonrrgqyvla/Build/Intermediates.noindex/shigodeki.build/Debug-iphonesimulator/shigodeki.build/DerivedSources/x86_64 -Xcc -I/Users/delaxstudio/Library/Developer/Xcode/DerivedData/shigodeki-fkaeotsqybievcdjwhonrrgqyvla/Build/Intermediates.noindex/shigodeki.build/Debug-iphonesimulator/shigodeki.build/DerivedSources -Xcc -DDEBUG\=1 -emit-objc-header -emit-objc-header-path /Users/delaxstudio/Library/Developer/Xcode/DerivedData/shigodeki-fkaeotsqybievcdjwhonrrgqyvla/Build/Intermediates.noindex/shigodeki.build/Debug-iphonesimulator/shigodeki.build/Objects-normal/x86_64/shigodeki-Swift.h -working-directory /Users/delaxstudio/src/shigodeki/iOS -experimental-emit-module-separately -disable-cmo

SwiftDriverJobDiscovery normal x86_64 Compiling FirebaseError.swift (in target 'shigodeki' from project 'shigodeki')

SwiftCompile normal x86_64 Compiling\ ManagerCreationService.swift /Users/delaxstudio/src/shigodeki/iOS/shigodeki/Services/ManagerCreationService.swift (in target 'shigodeki' from project 'shigodeki')

SwiftCompile normal x86_64 /Users/delaxstudio/src/shigodeki/iOS/shigodeki/Services/ManagerCreationService.swift (in target 'shigodeki' from project 'shigodeki')
    cd /Users/delaxstudio/src/shigodeki/iOS
    

Copy /Users/delaxstudio/Library/Developer/Xcode/DerivedData/shigodeki-fkaeotsqybievcdjwhonrrgqyvla/Build/Products/Debug-iphonesimulator/shigodeki.swiftmodule/x86_64-apple-ios-simulator.swiftmodule /Users/delaxstudio/Library/Developer/Xcode/DerivedData/shigodeki-fkaeotsqybievcdjwhonrrgqyvla/Build/Intermediates.noindex/shigodeki.build/Debug-iphonesimulator/shigodeki.build/Objects-normal/x86_64/shigodeki.swiftmodule (in target 'shigodeki' from project 'shigodeki')
    cd /Users/delaxstudio/src/shigodeki/iOS
    builtin-copy -exclude .DS_Store -exclude CVS -exclude .svn -exclude .git -exclude .hg -resolve-src-symlinks -rename /Users/delaxstudio/Library/Developer/Xcode/DerivedData/shigodeki-fkaeotsqybievcdjwhonrrgqyvla/Build/Intermediates.noindex/shigodeki.build/Debug-iphonesimulator/shigodeki.build/Objects-normal/x86_64/shigodeki.swiftmodule /Users/delaxstudio/Library/Developer/Xcode/DerivedData/shigodeki-fkaeotsqybievcdjwhonrrgqyvla/Build/Products/Debug-iphonesimulator/shigodeki.swiftmodule/x86_64-apple-ios-simulator.swiftmodule

SwiftDriverJobDiscovery normal x86_64 Compiling DemoAuthService.swift (in target 'shigodeki' from project 'shigodeki')

Copy /Users/delaxstudio/Library/Developer/Xcode/DerivedData/shigodeki-fkaeotsqybievcdjwhonrrgqyvla/Build/Products/Debug-iphonesimulator/shigodeki.swiftmodule/x86_64-apple-ios-simulator.swiftdoc /Users/delaxstudio/Library/Developer/Xcode/DerivedData/shigodeki-fkaeotsqybievcdjwhonrrgqyvla/Build/Intermediates.noindex/shigodeki.build/Debug-iphonesimulator/shigodeki.build/Objects-normal/x86_64/shigodeki.swiftdoc (in target 'shigodeki' from project 'shigodeki')
    cd /Users/delaxstudio/src/shigodeki/iOS
    builtin-copy -exclude .DS_Store -exclude CVS -exclude .svn -exclude .git -exclude .hg -resolve-src-symlinks -rename /Users/delaxstudio/Library/Developer/Xcode/DerivedData/shigodeki-fkaeotsqybievcdjwhonrrgqyvla/Build/Intermediates.noindex/shigodeki.build/Debug-iphonesimulator/shigodeki.build/Objects-normal/x86_64/shigodeki.swiftdoc /Users/delaxstudio/Library/Developer/Xcode/DerivedData/shigodeki-fkaeotsqybievcdjwhonrrgqyvla/Build/Products/Debug-iphonesimulator/shigodeki.swiftmodule/x86_64-apple-ios-simulator.swiftdoc

Copy /Users/delaxstudio/Library/Developer/Xcode/DerivedData/shigodeki-fkaeotsqybievcdjwhonrrgqyvla/Build/Products/Debug-iphonesimulator/shigodeki.swiftmodule/x86_64-apple-ios-simulator.abi.json /Users/delaxstudio/Library/Developer/Xcode/DerivedData/shigodeki-fkaeotsqybievcdjwhonrrgqyvla/Build/Intermediates.noindex/shigodeki.build/Debug-iphonesimulator/shigodeki.build/Objects-normal/x86_64/shigodeki.abi.json (in target 'shigodeki' from project 'shigodeki')
    cd /Users/delaxstudio/src/shigodeki/iOS
    builtin-copy -exclude .DS_Store -exclude CVS -exclude .svn -exclude .git -exclude .hg -resolve-src-symlinks -rename /Users/delaxstudio/Library/Developer/Xcode/DerivedData/shigodeki-fkaeotsqybievcdjwhonrrgqyvla/Build/Intermediates.noindex/shigodeki.build/Debug-iphonesimulator/shigodeki.build/Objects-normal/x86_64/shigodeki.abi.json /Users/delaxstudio/Library/Developer/Xcode/DerivedData/shigodeki-fkaeotsqybievcdjwhonrrgqyvla/Build/Products/Debug-iphonesimulator/shigodeki.swiftmodule/x86_64-apple-ios-simulator.abi.json

Copy /Users/delaxstudio/Library/Developer/Xcode/DerivedData/shigodeki-fkaeotsqybievcdjwhonrrgqyvla/Build/Products/Debug-iphonesimulator/shigodeki.swiftmodule/Project/x86_64-apple-ios-simulator.swiftsourceinfo /Users/delaxstudio/Library/Developer/Xcode/DerivedData/shigodeki-fkaeotsqybievcdjwhonrrgqyvla/Build/Intermediates.noindex/shigodeki.build/Debug-iphonesimulator/shigodeki.build/Objects-normal/x86_64/shigodeki.swiftsourceinfo (in target 'shigodeki' from project 'shigodeki')
    cd /Users/delaxstudio/src/shigodeki/iOS
    builtin-copy -exclude .DS_Store -exclude CVS -exclude .svn -exclude .git -exclude .hg -resolve-src-symlinks -rename /Users/delaxstudio/Library/Developer/Xcode/DerivedData/shigodeki-fkaeotsqybievcdjwhonrrgqyvla/Build/Intermediates.noindex/shigodeki.build/Debug-iphonesimulator/shigodeki.build/Objects-normal/x86_64/shigodeki.swiftsourceinfo /Users/delaxstudio/Library/Developer/Xcode/DerivedData/shigodeki-fkaeotsqybievcdjwhonrrgqyvla/Build/Products/Debug-iphonesimulator/shigodeki.swiftmodule/Project/x86_64-apple-ios-simulator.swiftsourceinfo

SwiftCompile normal arm64 Compiling\ TaskImprovementEngine.swift,\ TaskListArchiveService.swift,\ TaskListCRUDService.swift,\ TaskListenerService.swift,\ TaskListListenerService.swift,\ TaskListOrderingService.swift,\ TaskListService.swift,\ TaskListValidationService.swift,\ TaskOperationService.swift,\ TaskRealtimeService.swift,\ TaskRefinementService.swift,\ TemplateComplexityCalculator.swift,\ TemplateContentEncoder.swift,\ TemplateCustomizationService.swift,\ TemplateExporter.swift,\ TemplateExportOptions.swift /Users/delaxstudio/src/shigodeki/iOS/shigodeki/Services/TaskImprovementEngine.swift /Users/delaxstudio/src/shigodeki/iOS/shigodeki/Services/TaskListArchiveService.swift /Users/delaxstudio/src/shigodeki/iOS/shigodeki/Services/TaskListCRUDService.swift /Users/delaxstudio/src/shigodeki/iOS/shigodeki/Services/TaskListenerService.swift /Users/delaxstudio/src/shigodeki/iOS/shigodeki/Services/TaskListListenerService.swift /Users/delaxstudio/src/shigodeki/iOS/shigodeki/Services/TaskListOrderingService.swift /Users/delaxstudio/src/shigodeki/iOS/shigodeki/Services/TaskListService.swift /Users/delaxstudio/src/shigodeki/iOS/shigodeki/Services/TaskListValidationService.swift /Users/delaxstudio/src/shigodeki/iOS/shigodeki/Services/TaskOperationService.swift /Users/delaxstudio/src/shigodeki/iOS/shigodeki/Services/TaskRealtimeService.swift /Users/delaxstudio/src/shigodeki/iOS/shigodeki/Services/TaskRefinementService.swift /Users/delaxstudio/src/shigodeki/iOS/shigodeki/Services/TemplateComplexityCalculator.swift /Users/delaxstudio/src/shigodeki/iOS/shigodeki/Services/TemplateContentEncoder.swift /Users/delaxstudio/src/shigodeki/iOS/shigodeki/Services/TemplateCustomizationService.swift /Users/delaxstudio/src/shigodeki/iOS/shigodeki/Services/TemplateExporter.swift /Users/delaxstudio/src/shigodeki/iOS/shigodeki/Services/TemplateExportOptions.swift (in target 'shigodeki' from project 'shigodeki')

SwiftCompile normal arm64 /Users/delaxstudio/src/shigodeki/iOS/shigodeki/Services/TaskImprovementEngine.swift (in target 'shigodeki' from project 'shigodeki')
    cd /Users/delaxstudio/src/shigodeki/iOS
    

SwiftCompile normal arm64 /Users/delaxstudio/src/shigodeki/iOS/shigodeki/Services/TaskListArchiveService.swift (in target 'shigodeki' from project 'shigodeki')
    cd /Users/delaxstudio/src/shigodeki/iOS
    

SwiftCompile normal arm64 /Users/delaxstudio/src/shigodeki/iOS/shigodeki/Services/TaskListCRUDService.swift (in target 'shigodeki' from project 'shigodeki')
    cd /Users/delaxstudio/src/shigodeki/iOS
    

SwiftCompile normal arm64 /Users/delaxstudio/src/shigodeki/iOS/shigodeki/Services/TaskListenerService.swift (in target 'shigodeki' from project 'shigodeki')
    cd /Users/delaxstudio/src/shigodeki/iOS
    

SwiftCompile normal arm64 /Users/delaxstudio/src/shigodeki/iOS/shigodeki/Services/TaskListListenerService.swift (in target 'shigodeki' from project 'shigodeki')
    cd /Users/delaxstudio/src/shigodeki/iOS
    

SwiftCompile normal arm64 /Users/delaxstudio/src/shigodeki/iOS/shigodeki/Services/TaskListOrderingService.swift (in target 'shigodeki' from project 'shigodeki')
    cd /Users/delaxstudio/src/shigodeki/iOS
    

SwiftCompile normal arm64 /Users/delaxstudio/src/shigodeki/iOS/shigodeki/Services/TaskListService.swift (in target 'shigodeki' from project 'shigodeki')
    cd /Users/delaxstudio/src/shigodeki/iOS
    

SwiftCompile normal arm64 /Users/delaxstudio/src/shigodeki/iOS/shigodeki/Services/TaskListValidationService.swift (in target 'shigodeki' from project 'shigodeki')
    cd /Users/delaxstudio/src/shigodeki/iOS
    

SwiftCompile normal arm64 /Users/delaxstudio/src/shigodeki/iOS/shigodeki/Services/TaskOperationService.swift (in target 'shigodeki' from project 'shigodeki')
    cd /Users/delaxstudio/src/shigodeki/iOS
    

SwiftCompile normal arm64 /Users/delaxstudio/src/shigodeki/iOS/shigodeki/Services/TaskRealtimeService.swift (in target 'shigodeki' from project 'shigodeki')
    cd /Users/delaxstudio/src/shigodeki/iOS
    

SwiftCompile normal arm64 /Users/delaxstudio/src/shigodeki/iOS/shigodeki/Services/TaskRefinementService.swift (in target 'shigodeki' from project 'shigodeki')
    cd /Users/delaxstudio/src/shigodeki/iOS
    

SwiftCompile normal arm64 /Users/delaxstudio/src/shigodeki/iOS/shigodeki/Services/TemplateComplexityCalculator.swift (in target 'shigodeki' from project 'shigodeki')
    cd /Users/delaxstudio/src/shigodeki/iOS
    

SwiftCompile normal arm64 /Users/delaxstudio/src/shigodeki/iOS/shigodeki/Services/TemplateContentEncoder.swift (in target 'shigodeki' from project 'shigodeki')
    cd /Users/delaxstudio/src/shigodeki/iOS
    

SwiftCompile normal arm64 /Users/delaxstudio/src/shigodeki/iOS/shigodeki/Services/TemplateCustomizationService.swift (in target 'shigodeki' from project 'shigodeki')
    cd /Users/delaxstudio/src/shigodeki/iOS
    

SwiftCompile normal arm64 /Users/delaxstudio/src/shigodeki/iOS/shigodeki/Services/TemplateExporter.swift (in target 'shigodeki' from project 'shigodeki')
    cd /Users/delaxstudio/src/shigodeki/iOS
    

SwiftCompile normal arm64 /Users/delaxstudio/src/shigodeki/iOS/shigodeki/Services/TemplateExportOptions.swift (in target 'shigodeki' from project 'shigodeki')
    cd /Users/delaxstudio/src/shigodeki/iOS
    

SwiftCompile normal arm64 Compiling\ APISettingsView.swift,\ AuthTestResultViews.swift,\ AuthTestView.swift,\ ContentView.swift,\ CreateFamilyView.swift,\ CreatePhaseTaskViews.swift,\ CreatePhaseView.swift,\ CreateProjectView.swift,\ CreateProjectViewSections.swift,\ CreateProjectViewSheets.swift,\ CreateTaskFormContent.swift,\ CreateTaskListView.swift,\ CreateTaskView.swift,\ DashboardTaskDetailView.swift,\ DashboardView.swift,\ DocumentPickerView.swift /Users/delaxstudio/src/shigodeki/iOS/shigodeki/Views/APISettingsView.swift /Users/delaxstudio/src/shigodeki/iOS/shigodeki/Views/AuthTestResultViews.swift /Users/delaxstudio/src/shigodeki/iOS/shigodeki/Views/AuthTestView.swift /Users/delaxstudio/src/shigodeki/iOS/shigodeki/Views/ContentView.swift /Users/delaxstudio/src/shigodeki/iOS/shigodeki/Views/CreateFamilyView.swift /Users/delaxstudio/src/shigodeki/iOS/shigodeki/Views/CreatePhaseTaskViews.swift /Users/delaxstudio/src/shigodeki/iOS/shigodeki/Views/CreatePhaseView.swift /Users/delaxstudio/src/shigodeki/iOS/shigodeki/Views/CreateProjectView.swift /Users/delaxstudio/src/shigodeki/iOS/shigodeki/Views/CreateProjectViewSections.swift /Users/delaxstudio/src/shigodeki/iOS/shigodeki/Views/CreateProjectViewSheets.swift /Users/delaxstudio/src/shigodeki/iOS/shigodeki/Views/CreateTaskFormContent.swift /Users/delaxstudio/src/shigodeki/iOS/shigodeki/Views/CreateTaskListView.swift /Users/delaxstudio/src/shigodeki/iOS/shigodeki/Views/CreateTaskView.swift /Users/delaxstudio/src/shigodeki/iOS/shigodeki/Views/DashboardTaskDetailView.swift /Users/delaxstudio/src/shigodeki/iOS/shigodeki/Views/DashboardView.swift /Users/delaxstudio/src/shigodeki/iOS/shigodeki/Views/DocumentPickerView.swift (in target 'shigodeki' from project 'shigodeki')
SwiftCompile normal arm64 /Users/delaxstudio/src/shigodeki/iOS/shigodeki/Views/APISettingsView.swift (in target 'shigodeki' from project 'shigodeki')
    cd /Users/delaxstudio/src/shigodeki/iOS
    

SwiftCompile normal arm64 /Users/delaxstudio/src/shigodeki/iOS/shigodeki/Views/AuthTestResultViews.swift (in target 'shigodeki' from project 'shigodeki')
    cd /Users/delaxstudio/src/shigodeki/iOS
    

SwiftCompile normal arm64 /Users/delaxstudio/src/shigodeki/iOS/shigodeki/Views/AuthTestView.swift (in target 'shigodeki' from project 'shigodeki')
    cd /Users/delaxstudio/src/shigodeki/iOS
    

SwiftCompile normal arm64 /Users/delaxstudio/src/shigodeki/iOS/shigodeki/Views/ContentView.swift (in target 'shigodeki' from project 'shigodeki')
    cd /Users/delaxstudio/src/shigodeki/iOS
    

SwiftCompile normal arm64 /Users/delaxstudio/src/shigodeki/iOS/shigodeki/Views/CreateFamilyView.swift (in target 'shigodeki' from project 'shigodeki')
    cd /Users/delaxstudio/src/shigodeki/iOS
    

SwiftCompile normal arm64 /Users/delaxstudio/src/shigodeki/iOS/shigodeki/Views/CreatePhaseTaskViews.swift (in target 'shigodeki' from project 'shigodeki')
    cd /Users/delaxstudio/src/shigodeki/iOS
    

SwiftCompile normal arm64 /Users/delaxstudio/src/shigodeki/iOS/shigodeki/Views/CreatePhaseView.swift (in target 'shigodeki' from project 'shigodeki')
    cd /Users/delaxstudio/src/shigodeki/iOS
    

SwiftCompile normal arm64 /Users/delaxstudio/src/shigodeki/iOS/shigodeki/Views/CreateProjectView.swift (in target 'shigodeki' from project 'shigodeki')
    cd /Users/delaxstudio/src/shigodeki/iOS
    

SwiftCompile normal arm64 /Users/delaxstudio/src/shigodeki/iOS/shigodeki/Views/CreateProjectViewSections.swift (in target 'shigodeki' from project 'shigodeki')
    cd /Users/delaxstudio/src/shigodeki/iOS
    

SwiftCompile normal arm64 /Users/delaxstudio/src/shigodeki/iOS/shigodeki/Views/CreateProjectViewSheets.swift (in target 'shigodeki' from project 'shigodeki')
    cd /Users/delaxstudio/src/shigodeki/iOS
    

SwiftCompile normal arm64 /Users/delaxstudio/src/shigodeki/iOS/shigodeki/Views/CreateTaskFormContent.swift (in target 'shigodeki' from project 'shigodeki')
    cd /Users/delaxstudio/src/shigodeki/iOS
    

SwiftCompile normal arm64 /Users/delaxstudio/src/shigodeki/iOS/shigodeki/Views/CreateTaskListView.swift (in target 'shigodeki' from project 'shigodeki')
    cd /Users/delaxstudio/src/shigodeki/iOS
    

SwiftCompile normal arm64 /Users/delaxstudio/src/shigodeki/iOS/shigodeki/Views/CreateTaskView.swift (in target 'shigodeki' from project 'shigodeki')
    cd /Users/delaxstudio/src/shigodeki/iOS
    

SwiftCompile normal arm64 /Users/delaxstudio/src/shigodeki/iOS/shigodeki/Views/DashboardTaskDetailView.swift (in target 'shigodeki' from project 'shigodeki')
    cd /Users/delaxstudio/src/shigodeki/iOS
    

SwiftCompile normal arm64 /Users/delaxstudio/src/shigodeki/iOS/shigodeki/Views/DashboardView.swift (in target 'shigodeki' from project 'shigodeki')
    cd /Users/delaxstudio/src/shigodeki/iOS
    
/Users/delaxstudio/src/shigodeki/iOS/shigodeki/ViewModels/DashboardViewModel.swift:29:45: warning: main actor-isolated static property 'shared' can not be referenced from a nonisolated context; this is an error in the Swift 6 language mode
    init(sharedStore: SharedManagerStore = .shared) {
                                            ^
/Users/delaxstudio/src/shigodeki/iOS/shigodeki/Components/SharedManagerStore.swift:20:16: note: static property declared here
    static let shared = SharedManagerStore()
               ^

SwiftCompile normal arm64 /Users/delaxstudio/src/shigodeki/iOS/shigodeki/Views/DocumentPickerView.swift (in target 'shigodeki' from project 'shigodeki')
    cd /Users/delaxstudio/src/shigodeki/iOS
    

SwiftDriverJobDiscovery normal x86_64 Compiling KeychainManager.swift, OfflineManager.swift, PhaseManager.swift, PhaseSectionManager.swift, ProjectCreationHelpers.swift, ProjectInvitationManager.swift, ProjectListenerManager.swift, ProjectManager.swift, ProjectMemberOperations.swift, ProjectTemplateOperations.swift, ProjectValidationHelpers.swift, StorageManager.swift, SubtaskManager.swift, TagManager.swift, TaskListManager.swift, TaskManager.swift, TaskOrderingManager.swift (in target 'shigodeki' from project 'shigodeki')

SwiftCompile normal x86_64 Compiling\ ListenerCreationService.swift /Users/delaxstudio/src/shigodeki/iOS/shigodeki/Services/ListenerCreationService.swift (in target 'shigodeki' from project 'shigodeki')

SwiftCompile normal x86_64 /Users/delaxstudio/src/shigodeki/iOS/shigodeki/Services/ListenerCreationService.swift (in target 'shigodeki' from project 'shigodeki')
    cd /Users/delaxstudio/src/shigodeki/iOS
    

SwiftDriverJobDiscovery normal x86_64 Compiling ManagerCreationService.swift (in target 'shigodeki' from project 'shigodeki')

SwiftCompile normal x86_64 Compiling\ ListenerManagementService.swift /Users/delaxstudio/src/shigodeki/iOS/shigodeki/Services/ListenerManagementService.swift (in target 'shigodeki' from project 'shigodeki')

SwiftCompile normal x86_64 /Users/delaxstudio/src/shigodeki/iOS/shigodeki/Services/ListenerManagementService.swift (in target 'shigodeki' from project 'shigodeki')
    cd /Users/delaxstudio/src/shigodeki/iOS
    

SwiftDriverJobDiscovery normal x86_64 Compiling TemplateEditorComponents.swift, TemplateHeaderComponents.swift, TemplatePreviewComponents.swift, VoiceOverExtensions.swift, ZoomableView.swift, Phase2PerformanceValidationView.swift, DIContainer.swift, DateFormatter+Extensions.swift, AIStateManager.swift, AuthenticationManager.swift, EnhancedTaskManager.swift, FamilyCreationService.swift, FamilyInvitationService.swift, FamilyListenerService.swift, FamilyManager.swift, FamilyMembershipService.swift, FamilyOptimisticUpdates.swift (in target 'shigodeki' from project 'shigodeki')

SwiftCompile normal x86_64 Compiling\ InvitationCodeNormalizer.swift /Users/delaxstudio/src/shigodeki/iOS/shigodeki/Services/InvitationCodeNormalizer.swift (in target 'shigodeki' from project 'shigodeki')

SwiftCompile normal x86_64 /Users/delaxstudio/src/shigodeki/iOS/shigodeki/Services/InvitationCodeNormalizer.swift (in target 'shigodeki' from project 'shigodeki')
    cd /Users/delaxstudio/src/shigodeki/iOS
    

SwiftDriverJobDiscovery normal x86_64 Compiling FamilyViewModelDI.swift, FamilyViewModelState.swift, PhaseTaskDetailViewModel.swift, PhaseTaskListViewModel.swift, ProjectDetailViewModel.swift, ProjectListViewModel.swift, ProjectPhaseKPIViewModel.swift, ProjectPortfolioKPIViewModel.swift, TaskListDetailViewModel.swift, AIActionButtonsView.swift, AIConfigurationPromptView.swift, AIDetailResultView.swift, AIErrorView.swift, AIStatusIndicatorView.swift, AnalysisTypeCard.swift, ProjectAnalysisHeader.swift, ProjectBasicSection.swift (in target 'shigodeki' from project 'shigodeki')

SwiftCompile normal arm64 Compiling\ ProjectSummaryMetrics.swift,\ ProjectTemplate.swift,\ Subtask.swift,\ Task.swift,\ TaskList.swift,\ TaskTag.swift,\ TemplateCategoryExtensions.swift,\ TemplateLegacySupport.swift,\ User.swift,\ FamilyRepository.swift,\ FirestoreFamilyRepository.swift,\ AIDraftMapper.swift,\ DashboardDataService.swift,\ DraftSaveFacade.swift,\ TaskDraftSource.swift,\ KPIDataSource.swift /Users/delaxstudio/src/shigodeki/iOS/shigodeki/Models/ProjectSummaryMetrics.swift /Users/delaxstudio/src/shigodeki/iOS/shigodeki/Models/ProjectTemplate.swift /Users/delaxstudio/src/shigodeki/iOS/shigodeki/Models/Subtask.swift /Users/delaxstudio/src/shigodeki/iOS/shigodeki/Models/Task.swift /Users/delaxstudio/src/shigodeki/iOS/shigodeki/Models/TaskList.swift /Users/delaxstudio/src/shigodeki/iOS/shigodeki/Models/TaskTag.swift /Users/delaxstudio/src/shigodeki/iOS/shigodeki/Models/TemplateCategoryExtensions.swift /Users/delaxstudio/src/shigodeki/iOS/shigodeki/Models/TemplateLegacySupport.swift /Users/delaxstudio/src/shigodeki/iOS/shigodeki/Models/User.swift /Users/delaxstudio/src/shigodeki/iOS/shigodeki/Repository/FamilyRepository.swift /Users/delaxstudio/src/shigodeki/iOS/shigodeki/Repository/FirestoreFamilyRepository.swift /Users/delaxstudio/src/shigodeki/iOS/shigodeki/Services/AI/AIDraftMapper.swift /Users/delaxstudio/src/shigodeki/iOS/shigodeki/Services/Dashboard/DashboardDataService.swift /Users/delaxstudio/src/shigodeki/iOS/shigodeki/Services/DraftPipeline/DraftSaveFacade.swift /Users/delaxstudio/src/shigodeki/iOS/shigodeki/Services/DraftPipeline/TaskDraftSource.swift /Users/delaxstudio/src/shigodeki/iOS/shigodeki/Services/KPI/KPIDataSource.swift (in target 'shigodeki' from project 'shigodeki')

SwiftCompile normal arm64 /Users/delaxstudio/src/shigodeki/iOS/shigodeki/Models/ProjectSummaryMetrics.swift (in target 'shigodeki' from project 'shigodeki')
    cd /Users/delaxstudio/src/shigodeki/iOS
    

SwiftCompile normal arm64 /Users/delaxstudio/src/shigodeki/iOS/shigodeki/Models/ProjectTemplate.swift (in target 'shigodeki' from project 'shigodeki')
    cd /Users/delaxstudio/src/shigodeki/iOS
    

SwiftCompile normal arm64 /Users/delaxstudio/src/shigodeki/iOS/shigodeki/Models/Subtask.swift (in target 'shigodeki' from project 'shigodeki')
    cd /Users/delaxstudio/src/shigodeki/iOS
    

SwiftCompile normal arm64 /Users/delaxstudio/src/shigodeki/iOS/shigodeki/Models/Task.swift (in target 'shigodeki' from project 'shigodeki')
    cd /Users/delaxstudio/src/shigodeki/iOS
    

SwiftCompile normal arm64 /Users/delaxstudio/src/shigodeki/iOS/shigodeki/Models/TaskList.swift (in target 'shigodeki' from project 'shigodeki')
    cd /Users/delaxstudio/src/shigodeki/iOS
    

SwiftCompile normal arm64 /Users/delaxstudio/src/shigodeki/iOS/shigodeki/Models/TaskTag.swift (in target 'shigodeki' from project 'shigodeki')
    cd /Users/delaxstudio/src/shigodeki/iOS
    

SwiftCompile normal arm64 /Users/delaxstudio/src/shigodeki/iOS/shigodeki/Models/TemplateCategoryExtensions.swift (in target 'shigodeki' from project 'shigodeki')
    cd /Users/delaxstudio/src/shigodeki/iOS
    

SwiftCompile normal arm64 /Users/delaxstudio/src/shigodeki/iOS/shigodeki/Models/TemplateLegacySupport.swift (in target 'shigodeki' from project 'shigodeki')
    cd /Users/delaxstudio/src/shigodeki/iOS
    

SwiftCompile normal arm64 /Users/delaxstudio/src/shigodeki/iOS/shigodeki/Models/User.swift (in target 'shigodeki' from project 'shigodeki')
    cd /Users/delaxstudio/src/shigodeki/iOS
    

SwiftCompile normal arm64 /Users/delaxstudio/src/shigodeki/iOS/shigodeki/Repository/FamilyRepository.swift (in target 'shigodeki' from project 'shigodeki')
    cd /Users/delaxstudio/src/shigodeki/iOS
    

SwiftCompile normal arm64 /Users/delaxstudio/src/shigodeki/iOS/shigodeki/Repository/FirestoreFamilyRepository.swift (in target 'shigodeki' from project 'shigodeki')
    cd /Users/delaxstudio/src/shigodeki/iOS
    

SwiftCompile normal arm64 /Users/delaxstudio/src/shigodeki/iOS/shigodeki/Services/AI/AIDraftMapper.swift (in target 'shigodeki' from project 'shigodeki')
    cd /Users/delaxstudio/src/shigodeki/iOS
    

SwiftCompile normal arm64 /Users/delaxstudio/src/shigodeki/iOS/shigodeki/Services/Dashboard/DashboardDataService.swift (in target 'shigodeki' from project 'shigodeki')
    cd /Users/delaxstudio/src/shigodeki/iOS
    

SwiftCompile normal arm64 /Users/delaxstudio/src/shigodeki/iOS/shigodeki/Services/DraftPipeline/DraftSaveFacade.swift (in target 'shigodeki' from project 'shigodeki')
    cd /Users/delaxstudio/src/shigodeki/iOS
    

SwiftCompile normal arm64 /Users/delaxstudio/src/shigodeki/iOS/shigodeki/Services/DraftPipeline/TaskDraftSource.swift (in target 'shigodeki' from project 'shigodeki')
    cd /Users/delaxstudio/src/shigodeki/iOS
    

SwiftCompile normal arm64 /Users/delaxstudio/src/shigodeki/iOS/shigodeki/Services/KPI/KPIDataSource.swift (in target 'shigodeki' from project 'shigodeki')
    cd /Users/delaxstudio/src/shigodeki/iOS
    

SwiftDriverJobDiscovery normal x86_64 Compiling ListenerCreationService.swift (in target 'shigodeki' from project 'shigodeki')

SwiftCompile normal x86_64 Compiling\ DevelopmentTaskListBuilder.swift /Users/delaxstudio/src/shigodeki/iOS/shigodeki/Services/DevelopmentTaskListBuilder.swift (in target 'shigodeki' from project 'shigodeki')

SwiftCompile normal x86_64 /Users/delaxstudio/src/shigodeki/iOS/shigodeki/Services/DevelopmentTaskListBuilder.swift (in target 'shigodeki' from project 'shigodeki')
    cd /Users/delaxstudio/src/shigodeki/iOS
    

SwiftDriverJobDiscovery normal x86_64 Compiling ListenerManagementService.swift (in target 'shigodeki' from project 'shigodeki')

SwiftCompile normal x86_64 Compiling\ LifestyleTemplates.swift /Users/delaxstudio/src/shigodeki/iOS/shigodeki/Services/LifestyleTemplates.swift (in target 'shigodeki' from project 'shigodeki')

SwiftCompile normal x86_64 /Users/delaxstudio/src/shigodeki/iOS/shigodeki/Services/LifestyleTemplates.swift (in target 'shigodeki' from project 'shigodeki')
    cd /Users/delaxstudio/src/shigodeki/iOS
    

SwiftDriverJobDiscovery normal x86_64 Compiling CameraPicker.swift, CardStyle.swift, ColorSystem.swift, CreateProjectComponents.swift, CreateProjectHeader.swift, CreateTaskComponents.swift, DocumentPickerComponents.swift, DynamicTypeExtensions.swift, EmptyStateView.swift, FamilyMemberOperations.swift, FamilyProjectOperations.swift, FirebaseListenerManager.swift, InstrumentsSetup.swift, IntegratedPerformanceMonitor.swift, InteractiveButtonStyle.swift, KeyboardDismissSupport.swift, LegacyDataBridge.swift (in target 'shigodeki' from project 'shigodeki')

SwiftCompile normal x86_64 Compiling\ InviteCodeSpec.swift /Users/delaxstudio/src/shigodeki/iOS/shigodeki/Services/InviteCodeSpec.swift (in target 'shigodeki' from project 'shigodeki')

SwiftCompile normal x86_64 /Users/delaxstudio/src/shigodeki/iOS/shigodeki/Services/InviteCodeSpec.swift (in target 'shigodeki' from project 'shigodeki')
    cd /Users/delaxstudio/src/shigodeki/iOS
    

SwiftDriverJobDiscovery normal x86_64 Compiling InvitationCodeNormalizer.swift (in target 'shigodeki' from project 'shigodeki')

SwiftCompile normal arm64 Compiling\ ProjectAIAnalysisView.swift,\ ProjectDetailView.swift,\ ProjectHeaderView.swift,\ ProjectListView.swift,\ ProjectRowView.swift,\ ProjectSettingsView.swift,\ ProjectTypePickerView.swift,\ ProPaywallView.swift,\ QuickAIGenerationSections.swift,\ QuickAIGenerationView.swift,\ SettingsViewSections.swift,\ TabNavigationManager.swift,\ TagInputView.swift,\ TagManagementComponents.swift,\ TagManagementView.swift,\ TaskAIAssistantView.swift /Users/delaxstudio/src/shigodeki/iOS/shigodeki/Views/ProjectAIAnalysisView.swift /Users/delaxstudio/src/shigodeki/iOS/shigodeki/Views/ProjectDetailView.swift /Users/delaxstudio/src/shigodeki/iOS/shigodeki/Views/ProjectHeaderView.swift /Users/delaxstudio/src/shigodeki/iOS/shigodeki/Views/ProjectListView.swift /Users/delaxstudio/src/shigodeki/iOS/shigodeki/Views/ProjectRowView.swift /Users/delaxstudio/src/shigodeki/iOS/shigodeki/Views/ProjectSettingsView.swift /Users/delaxstudio/src/shigodeki/iOS/shigodeki/Views/ProjectTypePickerView.swift /Users/delaxstudio/src/shigodeki/iOS/shigodeki/Views/ProPaywallView.swift /Users/delaxstudio/src/shigodeki/iOS/shigodeki/Views/QuickAIGenerationSections.swift /Users/delaxstudio/src/shigodeki/iOS/shigodeki/Views/QuickAIGenerationView.swift /Users/delaxstudio/src/shigodeki/iOS/shigodeki/Views/SettingsViewSections.swift /Users/delaxstudio/src/shigodeki/iOS/shigodeki/Views/TabNavigationManager.swift /Users/delaxstudio/src/shigodeki/iOS/shigodeki/Views/TagInputView.swift /Users/delaxstudio/src/shigodeki/iOS/shigodeki/Views/TagManagementComponents.swift /Users/delaxstudio/src/shigodeki/iOS/shigodeki/Views/TagManagementView.swift /Users/delaxstudio/src/shigodeki/iOS/shigodeki/Views/TaskAIAssistantView.swift (in target 'shigodeki' from project 'shigodeki')
SwiftCompile normal arm64 /Users/delaxstudio/src/shigodeki/iOS/shigodeki/Views/ProjectAIAnalysisView.swift (in target 'shigodeki' from project 'shigodeki')
    cd /Users/delaxstudio/src/shigodeki/iOS
    

SwiftCompile normal arm64 /Users/delaxstudio/src/shigodeki/iOS/shigodeki/Views/ProjectDetailView.swift (in target 'shigodeki' from project 'shigodeki')
    cd /Users/delaxstudio/src/shigodeki/iOS
    

SwiftCompile normal arm64 /Users/delaxstudio/src/shigodeki/iOS/shigodeki/Views/ProjectHeaderView.swift (in target 'shigodeki' from project 'shigodeki')
    cd /Users/delaxstudio/src/shigodeki/iOS
    

SwiftCompile normal arm64 /Users/delaxstudio/src/shigodeki/iOS/shigodeki/Views/ProjectListView.swift (in target 'shigodeki' from project 'shigodeki')
    cd /Users/delaxstudio/src/shigodeki/iOS
    

SwiftCompile normal arm64 /Users/delaxstudio/src/shigodeki/iOS/shigodeki/Views/ProjectRowView.swift (in target 'shigodeki' from project 'shigodeki')
    cd /Users/delaxstudio/src/shigodeki/iOS
    

SwiftCompile normal arm64 /Users/delaxstudio/src/shigodeki/iOS/shigodeki/Views/ProjectSettingsView.swift (in target 'shigodeki' from project 'shigodeki')
    cd /Users/delaxstudio/src/shigodeki/iOS
    

SwiftCompile normal arm64 /Users/delaxstudio/src/shigodeki/iOS/shigodeki/Views/ProjectTypePickerView.swift (in target 'shigodeki' from project 'shigodeki')
    cd /Users/delaxstudio/src/shigodeki/iOS
    

SwiftCompile normal arm64 /Users/delaxstudio/src/shigodeki/iOS/shigodeki/Views/ProPaywallView.swift (in target 'shigodeki' from project 'shigodeki')
    cd /Users/delaxstudio/src/shigodeki/iOS
    

SwiftCompile normal arm64 /Users/delaxstudio/src/shigodeki/iOS/shigodeki/Views/QuickAIGenerationSections.swift (in target 'shigodeki' from project 'shigodeki')
    cd /Users/delaxstudio/src/shigodeki/iOS
    

SwiftCompile normal arm64 /Users/delaxstudio/src/shigodeki/iOS/shigodeki/Views/QuickAIGenerationView.swift (in target 'shigodeki' from project 'shigodeki')
    cd /Users/delaxstudio/src/shigodeki/iOS
    

SwiftCompile normal arm64 /Users/delaxstudio/src/shigodeki/iOS/shigodeki/Views/SettingsViewSections.swift (in target 'shigodeki' from project 'shigodeki')
    cd /Users/delaxstudio/src/shigodeki/iOS
    

SwiftCompile normal arm64 /Users/delaxstudio/src/shigodeki/iOS/shigodeki/Views/TabNavigationManager.swift (in target 'shigodeki' from project 'shigodeki')
    cd /Users/delaxstudio/src/shigodeki/iOS
    

SwiftCompile normal arm64 /Users/delaxstudio/src/shigodeki/iOS/shigodeki/Views/TagInputView.swift (in target 'shigodeki' from project 'shigodeki')
    cd /Users/delaxstudio/src/shigodeki/iOS
    

SwiftCompile normal arm64 /Users/delaxstudio/src/shigodeki/iOS/shigodeki/Views/TagManagementComponents.swift (in target 'shigodeki' from project 'shigodeki')
    cd /Users/delaxstudio/src/shigodeki/iOS
    

SwiftCompile normal arm64 /Users/delaxstudio/src/shigodeki/iOS/shigodeki/Views/TagManagementView.swift (in target 'shigodeki' from project 'shigodeki')
    cd /Users/delaxstudio/src/shigodeki/iOS
    

SwiftCompile normal arm64 /Users/delaxstudio/src/shigodeki/iOS/shigodeki/Views/TaskAIAssistantView.swift (in target 'shigodeki' from project 'shigodeki')
    cd /Users/delaxstudio/src/shigodeki/iOS
    
/Users/delaxstudio/src/shigodeki/iOS/shigodeki/Views/TaskAIAssistantView.swift:140:14: warning: 'onChange(of:perform:)' was deprecated in iOS 17.0: Use `onChange` with a two or zero parameter action closure instead.
            .onChange(of: aiGenerator.error) { newError in
             ^
/Users/delaxstudio/src/shigodeki/iOS/shigodeki/Views/TaskAIAssistantView.swift:343:14: warning: 'onChange(of:perform:)' was deprecated in iOS 17.0: Use `onChange` with a two or zero parameter action closure instead.
            .onChange(of: aiGenerator.error) { newError in
             ^

SwiftDriverJobDiscovery normal arm64 Compiling KPIRefreshScheduler.swift, KPIStore.swift, PortfolioKPIEngine.swift, TaskModelMigrationService.swift, PhotoDraftBuilder.swift, EntitlementResolverLive.swift, EntitlementStore.swift, ProSubscriptionCoordinator.swift, PurchaseFlowTypes.swift, PurchaseOutcomeMapper.swift, PurchaseProductCatalog.swift, PurchaseService.swift, TemplateMonetizationCatalog.swift, TemplatePriceCatalog.swift, TemplatePurchaseCoordinator.swift, TemplateDraftBuilder.swift (in target 'shigodeki' from project 'shigodeki')

SwiftCompile normal arm64 Compiling\ ProjectMetricsService.swift,\ ProjectTemplateConverter.swift,\ ProviderThrottleCenter.swift,\ PublishingTaskListBuilder.swift,\ QuickAIPromptBuilder.swift,\ SettingsDataService.swift,\ SoftTemplateDecoding.swift,\ SoftwareDevTemplates.swift,\ SubtaskPromotionService.swift,\ TagCreationService.swift,\ TagCRUDService.swift,\ TagDataService.swift,\ TagUsageService.swift,\ TaskAnalysisService.swift,\ TaskCreationService.swift,\ TaskCRUDService.swift /Users/delaxstudio/src/shigodeki/iOS/shigodeki/Services/ProjectMetricsService.swift /Users/delaxstudio/src/shigodeki/iOS/shigodeki/Services/ProjectTemplateConverter.swift /Users/delaxstudio/src/shigodeki/iOS/shigodeki/Services/ProviderThrottleCenter.swift /Users/delaxstudio/src/shigodeki/iOS/shigodeki/Services/PublishingTaskListBuilder.swift /Users/delaxstudio/src/shigodeki/iOS/shigodeki/Services/QuickAIPromptBuilder.swift /Users/delaxstudio/src/shigodeki/iOS/shigodeki/Services/SettingsDataService.swift /Users/delaxstudio/src/shigodeki/iOS/shigodeki/Services/SoftTemplateDecoding.swift /Users/delaxstudio/src/shigodeki/iOS/shigodeki/Services/SoftwareDevTemplates.swift /Users/delaxstudio/src/shigodeki/iOS/shigodeki/Services/SubtaskPromotionService.swift /Users/delaxstudio/src/shigodeki/iOS/shigodeki/Services/TagCreationService.swift /Users/delaxstudio/src/shigodeki/iOS/shigodeki/Services/TagCRUDService.swift /Users/delaxstudio/src/shigodeki/iOS/shigodeki/Services/TagDataService.swift /Users/delaxstudio/src/shigodeki/iOS/shigodeki/Services/TagUsageService.swift /Users/delaxstudio/src/shigodeki/iOS/shigodeki/Services/TaskAnalysisService.swift /Users/delaxstudio/src/shigodeki/iOS/shigodeki/Services/TaskCreationService.swift /Users/delaxstudio/src/shigodeki/iOS/shigodeki/Services/TaskCRUDService.swift (in target 'shigodeki' from project 'shigodeki')

SwiftCompile normal arm64 /Users/delaxstudio/src/shigodeki/iOS/shigodeki/Services/ProjectMetricsService.swift (in target 'shigodeki' from project 'shigodeki')
    cd /Users/delaxstudio/src/shigodeki/iOS
    

SwiftCompile normal arm64 /Users/delaxstudio/src/shigodeki/iOS/shigodeki/Services/ProjectTemplateConverter.swift (in target 'shigodeki' from project 'shigodeki')
    cd /Users/delaxstudio/src/shigodeki/iOS
    

SwiftCompile normal arm64 /Users/delaxstudio/src/shigodeki/iOS/shigodeki/Services/ProviderThrottleCenter.swift (in target 'shigodeki' from project 'shigodeki')
    cd /Users/delaxstudio/src/shigodeki/iOS
    

SwiftCompile normal arm64 /Users/delaxstudio/src/shigodeki/iOS/shigodeki/Services/PublishingTaskListBuilder.swift (in target 'shigodeki' from project 'shigodeki')
    cd /Users/delaxstudio/src/shigodeki/iOS
    

SwiftCompile normal arm64 /Users/delaxstudio/src/shigodeki/iOS/shigodeki/Services/QuickAIPromptBuilder.swift (in target 'shigodeki' from project 'shigodeki')
    cd /Users/delaxstudio/src/shigodeki/iOS
    

SwiftCompile normal arm64 /Users/delaxstudio/src/shigodeki/iOS/shigodeki/Services/SettingsDataService.swift (in target 'shigodeki' from project 'shigodeki')
    cd /Users/delaxstudio/src/shigodeki/iOS
    

SwiftCompile normal arm64 /Users/delaxstudio/src/shigodeki/iOS/shigodeki/Services/SoftTemplateDecoding.swift (in target 'shigodeki' from project 'shigodeki')
    cd /Users/delaxstudio/src/shigodeki/iOS
    

SwiftCompile normal arm64 /Users/delaxstudio/src/shigodeki/iOS/shigodeki/Services/SoftwareDevTemplates.swift (in target 'shigodeki' from project 'shigodeki')
    cd /Users/delaxstudio/src/shigodeki/iOS
    

SwiftCompile normal arm64 /Users/delaxstudio/src/shigodeki/iOS/shigodeki/Services/SubtaskPromotionService.swift (in target 'shigodeki' from project 'shigodeki')
    cd /Users/delaxstudio/src/shigodeki/iOS
    

SwiftCompile normal arm64 /Users/delaxstudio/src/shigodeki/iOS/shigodeki/Services/TagCreationService.swift (in target 'shigodeki' from project 'shigodeki')
    cd /Users/delaxstudio/src/shigodeki/iOS
    

SwiftCompile normal arm64 /Users/delaxstudio/src/shigodeki/iOS/shigodeki/Services/TagCRUDService.swift (in target 'shigodeki' from project 'shigodeki')
    cd /Users/delaxstudio/src/shigodeki/iOS
    

SwiftCompile normal arm64 /Users/delaxstudio/src/shigodeki/iOS/shigodeki/Services/TagDataService.swift (in target 'shigodeki' from project 'shigodeki')
    cd /Users/delaxstudio/src/shigodeki/iOS
    

SwiftCompile normal arm64 /Users/delaxstudio/src/shigodeki/iOS/shigodeki/Services/TagUsageService.swift (in target 'shigodeki' from project 'shigodeki')
    cd /Users/delaxstudio/src/shigodeki/iOS
    

SwiftCompile normal arm64 /Users/delaxstudio/src/shigodeki/iOS/shigodeki/Services/TaskAnalysisService.swift (in target 'shigodeki' from project 'shigodeki')
    cd /Users/delaxstudio/src/shigodeki/iOS
    

SwiftCompile normal arm64 /Users/delaxstudio/src/shigodeki/iOS/shigodeki/Services/TaskCreationService.swift (in target 'shigodeki' from project 'shigodeki')
    cd /Users/delaxstudio/src/shigodeki/iOS
    

SwiftCompile normal arm64 /Users/delaxstudio/src/shigodeki/iOS/shigodeki/Services/TaskCRUDService.swift (in target 'shigodeki' from project 'shigodeki')
    cd /Users/delaxstudio/src/shigodeki/iOS
    

SwiftDriverJobDiscovery normal x86_64 Compiling DevelopmentTaskListBuilder.swift (in target 'shigodeki' from project 'shigodeki')

SwiftCompile normal arm64 Compiling\ TemplateValidationTypes.swift,\ TestingTaskListBuilder.swift /Users/delaxstudio/src/shigodeki/iOS/shigodeki/Services/TemplateValidationTypes.swift /Users/delaxstudio/src/shigodeki/iOS/shigodeki/Services/TestingTaskListBuilder.swift (in target 'shigodeki' from project 'shigodeki')

SwiftCompile normal arm64 /Users/delaxstudio/src/shigodeki/iOS/shigodeki/Services/TemplateValidationTypes.swift (in target 'shigodeki' from project 'shigodeki')
    cd /Users/delaxstudio/src/shigodeki/iOS
    

SwiftCompile normal arm64 /Users/delaxstudio/src/shigodeki/iOS/shigodeki/Services/TestingTaskListBuilder.swift (in target 'shigodeki' from project 'shigodeki')
    cd /Users/delaxstudio/src/shigodeki/iOS
    

SwiftCompile normal arm64 Compiling\ UnifiedInvitationService.swift /Users/delaxstudio/src/shigodeki/iOS/shigodeki/Services/UnifiedInvitationService.swift (in target 'shigodeki' from project 'shigodeki')

SwiftCompile normal arm64 /Users/delaxstudio/src/shigodeki/iOS/shigodeki/Services/UnifiedInvitationService.swift (in target 'shigodeki' from project 'shigodeki')
    cd /Users/delaxstudio/src/shigodeki/iOS
    

SwiftDriverJobDiscovery normal x86_64 Compiling AIPromptTemplate.swift, AITaskPromptBuilder.swift, AITaskSuggestionParser.swift, ClaudeClient.swift, GeminiClient.swift, OpenAIClient.swift, AccessibilityComponents.swift, AccessibilityFocusManager.swift, AccessibilitySystem.swift, AnimationSystem.swift, AssigneeSectionView.swift, AuthDebugComponents.swift, AuthHelperViews.swift, AuthStatusComponents.swift, AuthTestComponents.swift, AuthTestControls.swift, BreadcrumbBar.swift (in target 'shigodeki' from project 'shigodeki')

SwiftDriverJobDiscovery normal x86_64 Compiling LifestyleTemplates.swift (in target 'shigodeki' from project 'shigodeki')

SwiftCompile normal arm64 Compiling\ Environment+Purchases.swift /Users/delaxstudio/src/shigodeki/iOS/shigodeki/Utilities/Environment+Purchases.swift (in target 'shigodeki' from project 'shigodeki')

SwiftCompile normal arm64 /Users/delaxstudio/src/shigodeki/iOS/shigodeki/Utilities/Environment+Purchases.swift (in target 'shigodeki' from project 'shigodeki')
    cd /Users/delaxstudio/src/shigodeki/iOS
    

SwiftDriverJobDiscovery normal x86_64 Compiling InviteCodeSpec.swift (in target 'shigodeki' from project 'shigodeki')

SwiftCompile normal arm64 Compiling\ EventTemplates.swift,\ FamilyErrorHandler.swift /Users/delaxstudio/src/shigodeki/iOS/shigodeki/Services/EventTemplates.swift /Users/delaxstudio/src/shigodeki/iOS/shigodeki/Services/FamilyErrorHandler.swift (in target 'shigodeki' from project 'shigodeki')

SwiftCompile normal arm64 /Users/delaxstudio/src/shigodeki/iOS/shigodeki/Services/EventTemplates.swift (in target 'shigodeki' from project 'shigodeki')
    cd /Users/delaxstudio/src/shigodeki/iOS
    

SwiftCompile normal arm64 /Users/delaxstudio/src/shigodeki/iOS/shigodeki/Services/FamilyErrorHandler.swift (in target 'shigodeki' from project 'shigodeki')
    cd /Users/delaxstudio/src/shigodeki/iOS
    

SwiftDriverJobDiscovery normal arm64 Compiling Environment+Purchases.swift (in target 'shigodeki' from project 'shigodeki')

SwiftCompile normal arm64 Compiling\ DataValidationService.swift,\ DesignTaskListBuilder.swift /Users/delaxstudio/src/shigodeki/iOS/shigodeki/Services/DataValidationService.swift /Users/delaxstudio/src/shigodeki/iOS/shigodeki/Services/DesignTaskListBuilder.swift (in target 'shigodeki' from project 'shigodeki')

SwiftCompile normal arm64 /Users/delaxstudio/src/shigodeki/iOS/shigodeki/Services/DataValidationService.swift (in target 'shigodeki' from project 'shigodeki')
    cd /Users/delaxstudio/src/shigodeki/iOS
    

SwiftCompile normal arm64 /Users/delaxstudio/src/shigodeki/iOS/shigodeki/Services/DesignTaskListBuilder.swift (in target 'shigodeki' from project 'shigodeki')
    cd /Users/delaxstudio/src/shigodeki/iOS
    

SwiftDriverJobDiscovery normal arm64 Compiling TemplateValidationTypes.swift, TestingTaskListBuilder.swift (in target 'shigodeki' from project 'shigodeki')

SwiftCompile normal arm64 Compiling\ WebApiTaskListBuilder.swift /Users/delaxstudio/src/shigodeki/iOS/shigodeki/Services/WebApiTaskListBuilder.swift (in target 'shigodeki' from project 'shigodeki')

SwiftCompile normal arm64 /Users/delaxstudio/src/shigodeki/iOS/shigodeki/Services/WebApiTaskListBuilder.swift (in target 'shigodeki' from project 'shigodeki')
    cd /Users/delaxstudio/src/shigodeki/iOS
    

SwiftDriverJobDiscovery normal arm64 Compiling UnifiedInvitationService.swift (in target 'shigodeki' from project 'shigodeki')

SwiftCompile normal arm64 Compiling\ TaskBasicSections.swift,\ TaskDetailSheets.swift,\ TaskDetailToolbar.swift,\ TaskExtendedSections.swift,\ TaskListContentSection.swift,\ TaskListInfoSection.swift,\ TaskRelatedSections.swift,\ TaskRowComponent.swift,\ AIDraftFlowView.swift,\ PhotoDraftFlowView.swift,\ TemplateDraftFlowView.swift,\ KPIState.swift,\ PortfolioKPIHeader.swift,\ ProjectPhaseKPISection.swift,\ AcceptProjectInviteView.swift,\ AIGenerationView.swift /Users/delaxstudio/src/shigodeki/iOS/shigodeki/Views/Components/TaskBasicSections.swift /Users/delaxstudio/src/shigodeki/iOS/shigodeki/Views/Components/TaskDetailSheets.swift /Users/delaxstudio/src/shigodeki/iOS/shigodeki/Views/Components/TaskDetailToolbar.swift /Users/delaxstudio/src/shigodeki/iOS/shigodeki/Views/Components/TaskExtendedSections.swift /Users/delaxstudio/src/shigodeki/iOS/shigodeki/Views/Components/TaskListContentSection.swift /Users/delaxstudio/src/shigodeki/iOS/shigodeki/Views/Components/TaskListInfoSection.swift /Users/delaxstudio/src/shigodeki/iOS/shigodeki/Views/Components/TaskRelatedSections.swift /Users/delaxstudio/src/shigodeki/iOS/shigodeki/Views/Components/TaskRowComponent.swift /Users/delaxstudio/src/shigodeki/iOS/shigodeki/Views/Drafts/AIDraftFlowView.swift /Users/delaxstudio/src/shigodeki/iOS/shigodeki/Views/Drafts/PhotoDraftFlowView.swift /Users/delaxstudio/src/shigodeki/iOS/shigodeki/Views/Drafts/TemplateDraftFlowView.swift /Users/delaxstudio/src/shigodeki/iOS/shigodeki/Views/KPI/KPIState.swift /Users/delaxstudio/src/shigodeki/iOS/shigodeki/Views/KPI/PortfolioKPIHeader.swift /Users/delaxstudio/src/shigodeki/iOS/shigodeki/Views/KPI/ProjectPhaseKPISection.swift /Users/delaxstudio/src/shigodeki/iOS/shigodeki/Views/AcceptProjectInviteView.swift /Users/delaxstudio/src/shigodeki/iOS/shigodeki/Views/AIGenerationView.swift (in target 'shigodeki' from project 'shigodeki')

SwiftCompile normal arm64 /Users/delaxstudio/src/shigodeki/iOS/shigodeki/Views/Components/TaskBasicSections.swift (in target 'shigodeki' from project 'shigodeki')
    cd /Users/delaxstudio/src/shigodeki/iOS
    

SwiftCompile normal arm64 /Users/delaxstudio/src/shigodeki/iOS/shigodeki/Views/Components/TaskDetailSheets.swift (in target 'shigodeki' from project 'shigodeki')
    cd /Users/delaxstudio/src/shigodeki/iOS
    

SwiftCompile normal arm64 /Users/delaxstudio/src/shigodeki/iOS/shigodeki/Views/Components/TaskDetailToolbar.swift (in target 'shigodeki' from project 'shigodeki')
    cd /Users/delaxstudio/src/shigodeki/iOS
    

SwiftCompile normal arm64 /Users/delaxstudio/src/shigodeki/iOS/shigodeki/Views/Components/TaskExtendedSections.swift (in target 'shigodeki' from project 'shigodeki')
    cd /Users/delaxstudio/src/shigodeki/iOS
    

SwiftCompile normal arm64 /Users/delaxstudio/src/shigodeki/iOS/shigodeki/Views/Components/TaskListContentSection.swift (in target 'shigodeki' from project 'shigodeki')
    cd /Users/delaxstudio/src/shigodeki/iOS
    

SwiftCompile normal arm64 /Users/delaxstudio/src/shigodeki/iOS/shigodeki/Views/Components/TaskListInfoSection.swift (in target 'shigodeki' from project 'shigodeki')
    cd /Users/delaxstudio/src/shigodeki/iOS
    

SwiftCompile normal arm64 /Users/delaxstudio/src/shigodeki/iOS/shigodeki/Views/Components/TaskRelatedSections.swift (in target 'shigodeki' from project 'shigodeki')
    cd /Users/delaxstudio/src/shigodeki/iOS
    

SwiftCompile normal arm64 /Users/delaxstudio/src/shigodeki/iOS/shigodeki/Views/Components/TaskRowComponent.swift (in target 'shigodeki' from project 'shigodeki')
    cd /Users/delaxstudio/src/shigodeki/iOS
    

SwiftCompile normal arm64 /Users/delaxstudio/src/shigodeki/iOS/shigodeki/Views/Drafts/AIDraftFlowView.swift (in target 'shigodeki' from project 'shigodeki')
    cd /Users/delaxstudio/src/shigodeki/iOS
    

SwiftCompile normal arm64 /Users/delaxstudio/src/shigodeki/iOS/shigodeki/Views/Drafts/PhotoDraftFlowView.swift (in target 'shigodeki' from project 'shigodeki')
    cd /Users/delaxstudio/src/shigodeki/iOS
    

SwiftCompile normal arm64 /Users/delaxstudio/src/shigodeki/iOS/shigodeki/Views/Drafts/TemplateDraftFlowView.swift (in target 'shigodeki' from project 'shigodeki')
    cd /Users/delaxstudio/src/shigodeki/iOS
    

SwiftCompile normal arm64 /Users/delaxstudio/src/shigodeki/iOS/shigodeki/Views/KPI/KPIState.swift (in target 'shigodeki' from project 'shigodeki')
    cd /Users/delaxstudio/src/shigodeki/iOS
    

SwiftCompile normal arm64 /Users/delaxstudio/src/shigodeki/iOS/shigodeki/Views/KPI/PortfolioKPIHeader.swift (in target 'shigodeki' from project 'shigodeki')
    cd /Users/delaxstudio/src/shigodeki/iOS
    

SwiftCompile normal arm64 /Users/delaxstudio/src/shigodeki/iOS/shigodeki/Views/KPI/ProjectPhaseKPISection.swift (in target 'shigodeki' from project 'shigodeki')
    cd /Users/delaxstudio/src/shigodeki/iOS
    

SwiftCompile normal arm64 /Users/delaxstudio/src/shigodeki/iOS/shigodeki/Views/AcceptProjectInviteView.swift (in target 'shigodeki' from project 'shigodeki')
    cd /Users/delaxstudio/src/shigodeki/iOS
    

SwiftCompile normal arm64 /Users/delaxstudio/src/shigodeki/iOS/shigodeki/Views/AIGenerationView.swift (in target 'shigodeki' from project 'shigodeki')
    cd /Users/delaxstudio/src/shigodeki/iOS
    

SwiftDriverJobDiscovery normal arm64 Compiling EventTemplates.swift, FamilyErrorHandler.swift (in target 'shigodeki' from project 'shigodeki')

SwiftCompile normal x86_64 Compiling\ DataValidationService.swift /Users/delaxstudio/src/shigodeki/iOS/shigodeki/Services/DataValidationService.swift (in target 'shigodeki' from project 'shigodeki')

SwiftCompile normal x86_64 /Users/delaxstudio/src/shigodeki/iOS/shigodeki/Services/DataValidationService.swift (in target 'shigodeki' from project 'shigodeki')
    cd /Users/delaxstudio/src/shigodeki/iOS
    

SwiftDriverJobDiscovery normal x86_64 Compiling ProSubscriptionCoordinator.swift, PurchaseFlowTypes.swift, PurchaseOutcomeMapper.swift, PurchaseProductCatalog.swift, PurchaseService.swift, TemplateMonetizationCatalog.swift, TemplatePriceCatalog.swift, TemplatePurchaseCoordinator.swift, TemplateDraftBuilder.swift, FallbackPlanner.swift, Models.swift, OpenAIService.swift, PlanNormalization.swift, TidySchema.swift, VisionPlanCoordinator.swift, AIClient.swift, AIClientRouter.swift (in target 'shigodeki' from project 'shigodeki')

SwiftCompile normal arm64 Compiling\ FirebaseError.swift,\ InvitationCodeNormalizer.swift /Users/delaxstudio/src/shigodeki/iOS/shigodeki/Services/FirebaseError.swift /Users/delaxstudio/src/shigodeki/iOS/shigodeki/Services/InvitationCodeNormalizer.swift (in target 'shigodeki' from project 'shigodeki')

SwiftCompile normal arm64 /Users/delaxstudio/src/shigodeki/iOS/shigodeki/Services/FirebaseError.swift (in target 'shigodeki' from project 'shigodeki')
    cd /Users/delaxstudio/src/shigodeki/iOS
    

SwiftCompile normal arm64 /Users/delaxstudio/src/shigodeki/iOS/shigodeki/Services/InvitationCodeNormalizer.swift (in target 'shigodeki' from project 'shigodeki')
    cd /Users/delaxstudio/src/shigodeki/iOS
    

SwiftDriverJobDiscovery normal arm64 Compiling FamilyListenerService.swift, FamilyManager.swift, FamilyMembershipService.swift, FamilyOptimisticUpdates.swift, KeychainManager.swift, OfflineManager.swift, PhaseManager.swift, PhaseSectionManager.swift, ProjectCreationHelpers.swift, ProjectInvitationManager.swift, ProjectListenerManager.swift, ProjectManager.swift, ProjectMemberOperations.swift, ProjectTemplateOperations.swift, ProjectValidationHelpers.swift, StorageManager.swift (in target 'shigodeki' from project 'shigodeki')

SwiftCompile normal x86_64 Compiling\ DesignTaskListBuilder.swift /Users/delaxstudio/src/shigodeki/iOS/shigodeki/Services/DesignTaskListBuilder.swift (in target 'shigodeki' from project 'shigodeki')

SwiftCompile normal x86_64 /Users/delaxstudio/src/shigodeki/iOS/shigodeki/Services/DesignTaskListBuilder.swift (in target 'shigodeki' from project 'shigodeki')
    cd /Users/delaxstudio/src/shigodeki/iOS
    

SwiftCompile normal arm64 Compiling\ UserDataService.swift /Users/delaxstudio/src/shigodeki/iOS/shigodeki/Services/UserDataService.swift (in target 'shigodeki' from project 'shigodeki')

SwiftCompile normal arm64 /Users/delaxstudio/src/shigodeki/iOS/shigodeki/Services/UserDataService.swift (in target 'shigodeki' from project 'shigodeki')
    cd /Users/delaxstudio/src/shigodeki/iOS
    

SwiftCompile normal arm64 Compiling\ FeatureFlagOverrides.swift /Users/delaxstudio/src/shigodeki/iOS/shigodeki/Utilities/FeatureFlagOverrides.swift (in target 'shigodeki' from project 'shigodeki')

SwiftCompile normal arm64 /Users/delaxstudio/src/shigodeki/iOS/shigodeki/Utilities/FeatureFlagOverrides.swift (in target 'shigodeki' from project 'shigodeki')
    cd /Users/delaxstudio/src/shigodeki/iOS
    

SwiftDriverJobDiscovery normal arm64 Compiling DataValidationService.swift, DesignTaskListBuilder.swift (in target 'shigodeki' from project 'shigodeki')

SwiftDriverJobDiscovery normal arm64 Compiling TaskImprovementEngine.swift, TaskListArchiveService.swift, TaskListCRUDService.swift, TaskListenerService.swift, TaskListListenerService.swift, TaskListOrderingService.swift, TaskListService.swift, TaskListValidationService.swift, TaskOperationService.swift, TaskRealtimeService.swift, TaskRefinementService.swift, TemplateComplexityCalculator.swift, TemplateContentEncoder.swift, TemplateCustomizationService.swift, TemplateExporter.swift, TemplateExportOptions.swift (in target 'shigodeki' from project 'shigodeki')

SwiftDriverJobDiscovery normal arm64 Compiling WebApiTaskListBuilder.swift (in target 'shigodeki' from project 'shigodeki')

SwiftCompile normal arm64 Compiling\ TemplateValidationHelpers.swift,\ TemplateValidationLogic.swift /Users/delaxstudio/src/shigodeki/iOS/shigodeki/Services/TemplateValidationHelpers.swift /Users/delaxstudio/src/shigodeki/iOS/shigodeki/Services/TemplateValidationLogic.swift (in target 'shigodeki' from project 'shigodeki')

SwiftCompile normal arm64 /Users/delaxstudio/src/shigodeki/iOS/shigodeki/Services/TemplateValidationHelpers.swift (in target 'shigodeki' from project 'shigodeki')
    cd /Users/delaxstudio/src/shigodeki/iOS
    

SwiftCompile normal arm64 /Users/delaxstudio/src/shigodeki/iOS/shigodeki/Services/TemplateValidationLogic.swift (in target 'shigodeki' from project 'shigodeki')
    cd /Users/delaxstudio/src/shigodeki/iOS
    

SwiftDriverJobDiscovery normal x86_64 Compiling DataValidationService.swift (in target 'shigodeki' from project 'shigodeki')

SwiftCompile normal arm64 Compiling\ Environment+Entitlements.swift /Users/delaxstudio/src/shigodeki/iOS/shigodeki/Utilities/Environment+Entitlements.swift (in target 'shigodeki' from project 'shigodeki')

SwiftCompile normal arm64 /Users/delaxstudio/src/shigodeki/iOS/shigodeki/Utilities/Environment+Entitlements.swift (in target 'shigodeki' from project 'shigodeki')
    cd /Users/delaxstudio/src/shigodeki/iOS
    

SwiftDriverJobDiscovery normal x86_64 Compiling DesignTaskListBuilder.swift (in target 'shigodeki' from project 'shigodeki')

SwiftCompile normal arm64 Compiling\ DataMigrationUtility.swift,\ ManagerStatisticsService.swift,\ MemberDataService.swift,\ MemoryManagementService.swift,\ MobileAppTaskListBuilder.swift,\ MobileAppTemplateService.swift,\ ModelJSONUtility.swift,\ ModelValidation.swift,\ OptimisticUpdateManager.swift,\ Persistence.swift,\ PhaseAIService.swift,\ PhaseSubtaskService.swift,\ PhaseTaskDetailService.swift,\ PhaseTaskDetailViewHelpers.swift,\ PhaseTaskViewService.swift,\ ProjectAnalysisEngine.swift /Users/delaxstudio/src/shigodeki/iOS/shigodeki/Services/DataMigrationUtility.swift /Users/delaxstudio/src/shigodeki/iOS/shigodeki/Services/ManagerStatisticsService.swift /Users/delaxstudio/src/shigodeki/iOS/shigodeki/Services/MemberDataService.swift /Users/delaxstudio/src/shigodeki/iOS/shigodeki/Services/MemoryManagementService.swift /Users/delaxstudio/src/shigodeki/iOS/shigodeki/Services/MobileAppTaskListBuilder.swift /Users/delaxstudio/src/shigodeki/iOS/shigodeki/Services/MobileAppTemplateService.swift /Users/delaxstudio/src/shigodeki/iOS/shigodeki/Services/ModelJSONUtility.swift /Users/delaxstudio/src/shigodeki/iOS/shigodeki/Services/ModelValidation.swift /Users/delaxstudio/src/shigodeki/iOS/shigodeki/Services/OptimisticUpdateManager.swift /Users/delaxstudio/src/shigodeki/iOS/shigodeki/Services/Persistence.swift /Users/delaxstudio/src/shigodeki/iOS/shigodeki/Services/PhaseAIService.swift /Users/delaxstudio/src/shigodeki/iOS/shigodeki/Services/PhaseSubtaskService.swift /Users/delaxstudio/src/shigodeki/iOS/shigodeki/Services/PhaseTaskDetailService.swift /Users/delaxstudio/src/shigodeki/iOS/shigodeki/Services/PhaseTaskDetailViewHelpers.swift /Users/delaxstudio/src/shigodeki/iOS/shigodeki/Services/PhaseTaskViewService.swift /Users/delaxstudio/src/shigodeki/iOS/shigodeki/Services/ProjectAnalysisEngine.swift (in target 'shigodeki' from project 'shigodeki')

SwiftCompile normal arm64 /Users/delaxstudio/src/shigodeki/iOS/shigodeki/Services/DataMigrationUtility.swift (in target 'shigodeki' from project 'shigodeki')
    cd /Users/delaxstudio/src/shigodeki/iOS
    

SwiftCompile normal arm64 /Users/delaxstudio/src/shigodeki/iOS/shigodeki/Services/ManagerStatisticsService.swift (in target 'shigodeki' from project 'shigodeki')
    cd /Users/delaxstudio/src/shigodeki/iOS
    

SwiftCompile normal arm64 /Users/delaxstudio/src/shigodeki/iOS/shigodeki/Services/MemberDataService.swift (in target 'shigodeki' from project 'shigodeki')
    cd /Users/delaxstudio/src/shigodeki/iOS
    

SwiftCompile normal arm64 /Users/delaxstudio/src/shigodeki/iOS/shigodeki/Services/MemoryManagementService.swift (in target 'shigodeki' from project 'shigodeki')
    cd /Users/delaxstudio/src/shigodeki/iOS
    

SwiftCompile normal arm64 /Users/delaxstudio/src/shigodeki/iOS/shigodeki/Services/MobileAppTaskListBuilder.swift (in target 'shigodeki' from project 'shigodeki')
    cd /Users/delaxstudio/src/shigodeki/iOS
    

SwiftCompile normal arm64 /Users/delaxstudio/src/shigodeki/iOS/shigodeki/Services/MobileAppTemplateService.swift (in target 'shigodeki' from project 'shigodeki')
    cd /Users/delaxstudio/src/shigodeki/iOS
    

SwiftCompile normal arm64 /Users/delaxstudio/src/shigodeki/iOS/shigodeki/Services/ModelJSONUtility.swift (in target 'shigodeki' from project 'shigodeki')
    cd /Users/delaxstudio/src/shigodeki/iOS
    

SwiftCompile normal arm64 /Users/delaxstudio/src/shigodeki/iOS/shigodeki/Services/ModelValidation.swift (in target 'shigodeki' from project 'shigodeki')
    cd /Users/delaxstudio/src/shigodeki/iOS
    

SwiftCompile normal arm64 /Users/delaxstudio/src/shigodeki/iOS/shigodeki/Services/OptimisticUpdateManager.swift (in target 'shigodeki' from project 'shigodeki')
    cd /Users/delaxstudio/src/shigodeki/iOS
    

SwiftCompile normal arm64 /Users/delaxstudio/src/shigodeki/iOS/shigodeki/Services/Persistence.swift (in target 'shigodeki' from project 'shigodeki')
    cd /Users/delaxstudio/src/shigodeki/iOS
    

SwiftCompile normal arm64 /Users/delaxstudio/src/shigodeki/iOS/shigodeki/Services/PhaseAIService.swift (in target 'shigodeki' from project 'shigodeki')
    cd /Users/delaxstudio/src/shigodeki/iOS
    

SwiftCompile normal arm64 /Users/delaxstudio/src/shigodeki/iOS/shigodeki/Services/PhaseSubtaskService.swift (in target 'shigodeki' from project 'shigodeki')
    cd /Users/delaxstudio/src/shigodeki/iOS
    

SwiftCompile normal arm64 /Users/delaxstudio/src/shigodeki/iOS/shigodeki/Services/PhaseTaskDetailService.swift (in target 'shigodeki' from project 'shigodeki')
    cd /Users/delaxstudio/src/shigodeki/iOS
    

SwiftCompile normal arm64 /Users/delaxstudio/src/shigodeki/iOS/shigodeki/Services/PhaseTaskDetailViewHelpers.swift (in target 'shigodeki' from project 'shigodeki')
    cd /Users/delaxstudio/src/shigodeki/iOS
    

SwiftCompile normal arm64 /Users/delaxstudio/src/shigodeki/iOS/shigodeki/Services/PhaseTaskViewService.swift (in target 'shigodeki' from project 'shigodeki')
    cd /Users/delaxstudio/src/shigodeki/iOS
    

SwiftCompile normal arm64 /Users/delaxstudio/src/shigodeki/iOS/shigodeki/Services/ProjectAnalysisEngine.swift (in target 'shigodeki' from project 'shigodeki')
    cd /Users/delaxstudio/src/shigodeki/iOS
    

SwiftDriverJobDiscovery normal arm64 Emitting module for shigodeki (in target 'shigodeki' from project 'shigodeki')

SwiftDriver\ Compilation\ Requirements shigodeki normal arm64 com.apple.xcode.tools.swift.compiler (in target 'shigodeki' from project 'shigodeki')
    cd /Users/delaxstudio/src/shigodeki/iOS
    builtin-Swift-Compilation-Requirements -- /Applications/Xcode.app/Contents/Developer/Toolchains/XcodeDefault.xctoolchain/usr/bin/swiftc -module-name shigodeki -Onone -enforce-exclusivity\=checked @/Users/delaxstudio/Library/Developer/Xcode/DerivedData/shigodeki-fkaeotsqybievcdjwhonrrgqyvla/Build/Intermediates.noindex/shigodeki.build/Debug-iphonesimulator/shigodeki.build/Objects-normal/arm64/shigodeki.SwiftFileList -DDEBUG -Xcc -fmodule-map-file\=/Users/delaxstudio/Library/Developer/Xcode/DerivedData/shigodeki-fkaeotsqybievcdjwhonrrgqyvla/Build/Intermediates.noindex/GeneratedModuleMaps-iphonesimulator/abslWrapper.modulemap -Xcc -fmodule-map-file\=/Users/delaxstudio/Library/Developer/Xcode/DerivedData/shigodeki-fkaeotsqybievcdjwhonrrgqyvla/Build/Intermediates.noindex/GeneratedModuleMaps-iphonesimulator/opensslWrapper.modulemap -Xcc -fmodule-map-file\=/Users/delaxstudio/Library/Developer/Xcode/DerivedData/shigodeki-fkaeotsqybievcdjwhonrrgqyvla/Build/Intermediates.noindex/GeneratedModuleMaps-iphonesimulator/grpcWrapper.modulemap -Xcc -fmodule-map-file\=/Users/delaxstudio/Library/Developer/Xcode/DerivedData/shigodeki-fkaeotsqybievcdjwhonrrgqyvla/Build/Intermediates.noindex/GeneratedModuleMaps-iphonesimulator/grpcppWrapper.modulemap -Xcc -fmodule-map-file\=/Users/delaxstudio/Library/Developer/Xcode/DerivedData/shigodeki-fkaeotsqybievcdjwhonrrgqyvla/Build/Intermediates.noindex/GeneratedModuleMaps-iphonesimulator/nanopb.modulemap -Xcc -fmodule-map-file\=/Users/delaxstudio/Library/Developer/Xcode/DerivedData/shigodeki-fkaeotsqybievcdjwhonrrgqyvla/Build/Intermediates.noindex/GeneratedModuleMaps-iphonesimulator/leveldb.modulemap -Xcc -fmodule-map-file\=/Users/delaxstudio/Library/Developer/Xcode/DerivedData/shigodeki-fkaeotsqybievcdjwhonrrgqyvla/Build/Intermediates.noindex/GeneratedModuleMaps-iphonesimulator/FirebaseFirestoreInternalWrapper.modulemap -Xcc -fmodule-map-file\=/Users/delaxstudio/Library/Developer/Xcode/DerivedData/shigodeki-fkaeotsqybievcdjwhonrrgqyvla/Build/Intermediates.noindex/GeneratedModuleMaps-iphonesimulator/FirebaseFirestoreTarget.modulemap -Xcc -fmodule-map-file\=/Users/delaxstudio/Library/Developer/Xcode/DerivedData/shigodeki-fkaeotsqybievcdjwhonrrgqyvla/Build/Intermediates.noindex/GeneratedModuleMaps-iphonesimulator/RecaptchaInterop.modulemap -Xcc -fmodule-map-file\=/Users/delaxstudio/Library/Developer/Xcode/DerivedData/shigodeki-fkaeotsqybievcdjwhonrrgqyvla/Build/Intermediates.noindex/GeneratedModuleMaps-iphonesimulator/GoogleUtilities-Network.modulemap -Xcc -fmodule-map-file\=/Users/delaxstudio/Library/Developer/Xcode/DerivedData/shigodeki-fkaeotsqybievcdjwhonrrgqyvla/Build/Intermediates.noindex/GeneratedModuleMaps-iphonesimulator/GoogleUtilities-Reachability.modulemap -Xcc -fmodule-map-file\=/Users/delaxstudio/Library/Developer/Xcode/DerivedData/shigodeki-fkaeotsqybievcdjwhonrrgqyvla/Build/Intermediates.noindex/GeneratedModuleMaps-iphonesimulator/GoogleUtilities-NSData.modulemap -Xcc -fmodule-map-file\=/Users/delaxstudio/Library/Developer/Xcode/DerivedData/shigodeki-fkaeotsqybievcdjwhonrrgqyvla/Build/Intermediates.noindex/GeneratedModuleMaps-iphonesimulator/GoogleUtilities-Logger.modulemap -Xcc -fmodule-map-file\=/Users/delaxstudio/Library/Developer/Xcode/DerivedData/shigodeki-fkaeotsqybievcdjwhonrrgqyvla/Build/Intermediates.noindex/GeneratedModuleMaps-iphonesimulator/GoogleUtilities-Environment.modulemap -Xcc -fmodule-map-file\=/Users/delaxstudio/Library/Developer/Xcode/DerivedData/shigodeki-fkaeotsqybievcdjwhonrrgqyvla/Build/Intermediates.noindex/GeneratedModuleMaps-iphonesimulator/third-party-IsAppEncrypted.modulemap -Xcc -fmodule-map-file\=/Users/delaxstudio/Library/Developer/Xcode/DerivedData/shigodeki-fkaeotsqybievcdjwhonrrgqyvla/Build/Intermediates.noindex/GeneratedModuleMaps-iphonesimulator/GoogleUtilities-AppDelegateSwizzler.modulemap -Xcc -fmodule-map-file\=/Users/delaxstudio/Library/Developer/Xcode/DerivedData/shigodeki-fkaeotsqybievcdjwhonrrgqyvla/Build/Intermediates.noindex/GeneratedModuleMaps-iphonesimulator/GTMSessionFetcherCore.modulemap -Xcc -fmodule-map-file\=/Users/delaxstudio/Library/Developer/Xcode/DerivedData/shigodeki-fkaeotsqybievcdjwhonrrgqyvla/Build/Intermediates.noindex/GeneratedModuleMaps-iphonesimulator/FirebaseCoreExtension.modulemap -Xcc -fmodule-map-file\=/Users/delaxstudio/Library/Developer/Xcode/DerivedData/shigodeki-fkaeotsqybievcdjwhonrrgqyvla/Build/Intermediates.noindex/GeneratedModuleMaps-iphonesimulator/FirebaseCore.modulemap -Xcc -fmodule-map-file\=/Users/delaxstudio/Library/Developer/Xcode/DerivedData/shigodeki-fkaeotsqybievcdjwhonrrgqyvla/Build/Intermediates.noindex/GeneratedModuleMaps-iphonesimulator/FirebaseAuthInternal.modulemap -Xcc -fmodule-map-file\=/Users/delaxstudio/Library/Developer/Xcode/DerivedData/shigodeki-fkaeotsqybievcdjwhonrrgqyvla/Build/Intermediates.noindex/GeneratedModuleMaps-iphonesimulator/FirebaseAuthInterop.modulemap -Xcc -fmodule-map-file\=/Users/delaxstudio/Library/Developer/Xcode/DerivedData/shigodeki-fkaeotsqybievcdjwhonrrgqyvla/Build/Intermediates.noindex/GeneratedModuleMaps-iphonesimulator/FirebaseAppCheckInterop.modulemap -enable-bare-slash-regex -enable-experimental-feature DebugDescriptionMacro -sdk /Applications/Xcode.app/Contents/Developer/Platforms/iPhoneSimulator.platform/Developer/SDKs/iPhoneSimulator26.2.sdk -target arm64-apple-ios18.5-simulator -g -module-cache-path /Users/delaxstudio/Library/Developer/Xcode/DerivedData/ModuleCache.noindex -Xfrontend -serialize-debugging-options -enable-testing -index-store-path /Users/delaxstudio/Library/Developer/Xcode/DerivedData/shigodeki-fkaeotsqybievcdjwhonrrgqyvla/Index.noindex/DataStore -Xcc -D_LIBCPP_HARDENING_MODE\=_LIBCPP_HARDENING_MODE_DEBUG -swift-version 5 -I /Users/delaxstudio/Library/Developer/Xcode/DerivedData/shigodeki-fkaeotsqybievcdjwhonrrgqyvla/Build/Products/Debug-iphonesimulator -F /Users/delaxstudio/Library/Developer/Xcode/DerivedData/shigodeki-fkaeotsqybievcdjwhonrrgqyvla/Build/Products/Debug-iphonesimulator/PackageFrameworks -F /Users/delaxstudio/Library/Developer/Xcode/DerivedData/shigodeki-fkaeotsqybievcdjwhonrrgqyvla/Build/Products/Debug-iphonesimulator/PackageFrameworks -F /Users/delaxstudio/Library/Developer/Xcode/DerivedData/shigodeki-fkaeotsqybievcdjwhonrrgqyvla/Build/Products/Debug-iphonesimulator/PackageFrameworks -F /Users/delaxstudio/Library/Developer/Xcode/DerivedData/shigodeki-fkaeotsqybievcdjwhonrrgqyvla/Build/Products/Debug-iphonesimulator/PackageFrameworks -F /Users/delaxstudio/Library/Developer/Xcode/DerivedData/shigodeki-fkaeotsqybievcdjwhonrrgqyvla/Build/Products/Debug-iphonesimulator/PackageFrameworks -F /Users/delaxstudio/Library/Developer/Xcode/DerivedData/shigodeki-fkaeotsqybievcdjwhonrrgqyvla/Build/Products/Debug-iphonesimulator/PackageFrameworks -F /Users/delaxstudio/Library/Developer/Xcode/DerivedData/shigodeki-fkaeotsqybievcdjwhonrrgqyvla/Build/Products/Debug-iphonesimulator/PackageFrameworks -F /Users/delaxstudio/Library/Developer/Xcode/DerivedData/shigodeki-fkaeotsqybievcdjwhonrrgqyvla/Build/Products/Debug-iphonesimulator/PackageFrameworks -F /Users/delaxstudio/Library/Developer/Xcode/DerivedData/shigodeki-fkaeotsqybievcdjwhonrrgqyvla/Build/Products/Debug-iphonesimulator/PackageFrameworks -F /Users/delaxstudio/Library/Developer/Xcode/DerivedData/shigodeki-fkaeotsqybievcdjwhonrrgqyvla/Build/Products/Debug-iphonesimulator/PackageFrameworks -F /Users/delaxstudio/Library/Developer/Xcode/DerivedData/shigodeki-fkaeotsqybievcdjwhonrrgqyvla/Build/Products/Debug-iphonesimulator/PackageFrameworks -F /Users/delaxstudio/Library/Developer/Xcode/DerivedData/shigodeki-fkaeotsqybievcdjwhonrrgqyvla/Build/Products/Debug-iphonesimulator/PackageFrameworks -F /Users/delaxstudio/Library/Developer/Xcode/DerivedData/shigodeki-fkaeotsqybievcdjwhonrrgqyvla/Build/Products/Debug-iphonesimulator/PackageFrameworks -F /Users/delaxstudio/Library/Developer/Xcode/DerivedData/shigodeki-fkaeotsqybievcdjwhonrrgqyvla/Build/Products/Debug-iphonesimulator/PackageFrameworks -F /Users/delaxstudio/Library/Developer/Xcode/DerivedData/shigodeki-fkaeotsqybievcdjwhonrrgqyvla/Build/Products/Debug-iphonesimulator/PackageFrameworks -F /Users/delaxstudio/Library/Developer/Xcode/DerivedData/shigodeki-fkaeotsqybievcdjwhonrrgqyvla/Build/Products/Debug-iphonesimulator/PackageFrameworks -F /Users/delaxstudio/Library/Developer/Xcode/DerivedData/shigodeki-fkaeotsqybievcdjwhonrrgqyvla/Build/Products/Debug-iphonesimulator/PackageFrameworks -F /Users/delaxstudio/Library/Developer/Xcode/DerivedData/shigodeki-fkaeotsqybievcdjwhonrrgqyvla/Build/Products/Debug-iphonesimulator/PackageFrameworks -F /Users/delaxstudio/Library/Developer/Xcode/DerivedData/shigodeki-fkaeotsqybievcdjwhonrrgqyvla/Build/Products/Debug-iphonesimulator/PackageFrameworks -F /Users/delaxstudio/Library/Developer/Xcode/DerivedData/shigodeki-fkaeotsqybievcdjwhonrrgqyvla/Build/Products/Debug-iphonesimulator/PackageFrameworks -F /Users/delaxstudio/Library/Developer/Xcode/DerivedData/shigodeki-fkaeotsqybievcdjwhonrrgqyvla/Build/Products/Debug-iphonesimulator/PackageFrameworks -F /Users/delaxstudio/Library/Developer/Xcode/DerivedData/shigodeki-fkaeotsqybievcdjwhonrrgqyvla/Build/Products/Debug-iphonesimulator/PackageFrameworks -F /Users/delaxstudio/Library/Developer/Xcode/DerivedData/shigodeki-fkaeotsqybievcdjwhonrrgqyvla/Build/Products/Debug-iphonesimulator/PackageFrameworks -F /Users/delaxstudio/Library/Developer/Xcode/DerivedData/shigodeki-fkaeotsqybievcdjwhonrrgqyvla/Build/Products/Debug-iphonesimulator/PackageFrameworks -F /Users/delaxstudio/Library/Developer/Xcode/DerivedData/shigodeki-fkaeotsqybievcdjwhonrrgqyvla/Build/Products/Debug-iphonesimulator/PackageFrameworks -F /Users/delaxstudio/Library/Developer/Xcode/DerivedData/shigodeki-fkaeotsqybievcdjwhonrrgqyvla/Build/Products/Debug-iphonesimulator/PackageFrameworks -F /Users/delaxstudio/Library/Developer/Xcode/DerivedData/shigodeki-fkaeotsqybievcdjwhonrrgqyvla/Build/Products/Debug-iphonesimulator/PackageFrameworks -F /Users/delaxstudio/Library/Developer/Xcode/DerivedData/shigodeki-fkaeotsqybievcdjwhonrrgqyvla/Build/Products/Debug-iphonesimulator/PackageFrameworks -F /Users/delaxstudio/Library/Developer/Xcode/DerivedData/shigodeki-fkaeotsqybievcdjwhonrrgqyvla/Build/Products/Debug-iphonesimulator -emit-localized-strings -emit-localized-strings-path /Users/delaxstudio/Library/Developer/Xcode/DerivedData/shigodeki-fkaeotsqybievcdjwhonrrgqyvla/Build/Intermediates.noindex/shigodeki.build/Debug-iphonesimulator/shigodeki.build/Objects-normal/arm64 -c -j20 -enable-batch-mode -incremental -Xcc -ivfsstatcache -Xcc /Users/delaxstudio/Library/Developer/Xcode/DerivedData/SDKStatCaches.noindex/iphonesimulator26.2-23C53-7d00a8b37fbd7999ea79df8ebc024bf0.sdkstatcache -output-file-map /Users/delaxstudio/Library/Developer/Xcode/DerivedData/shigodeki-fkaeotsqybievcdjwhonrrgqyvla/Build/Intermediates.noindex/shigodeki.build/Debug-iphonesimulator/shigodeki.build/Objects-normal/arm64/shigodeki-OutputFileMap.json -use-frontend-parseable-output -save-temps -no-color-diagnostics -explicit-module-build -module-cache-path /Users/delaxstudio/Library/Developer/Xcode/DerivedData/shigodeki-fkaeotsqybievcdjwhonrrgqyvla/Build/Intermediates.noindex/SwiftExplicitPrecompiledModules -clang-scanner-module-cache-path /Users/delaxstudio/Library/Developer/Xcode/DerivedData/ModuleCache.noindex -sdk-module-cache-path /Users/delaxstudio/Library/Developer/Xcode/DerivedData/ModuleCache.noindex -serialize-diagnostics -emit-dependencies -emit-module -emit-module-path /Users/delaxstudio/Library/Developer/Xcode/DerivedData/shigodeki-fkaeotsqybievcdjwhonrrgqyvla/Build/Intermediates.noindex/shigodeki.build/Debug-iphonesimulator/shigodeki.build/Objects-normal/arm64/shigodeki.swiftmodule -validate-clang-modules-once -clang-build-session-file /Users/delaxstudio/Library/Developer/Xcode/DerivedData/ModuleCache.noindex/Session.modulevalidation -Xcc -I/Users/delaxstudio/Library/Developer/Xcode/DerivedData/shigodeki-fkaeotsqybievcdjwhonrrgqyvla/Build/Intermediates.noindex/shigodeki.build/Debug-iphonesimulator/shigodeki.build/swift-overrides.hmap -emit-const-values -Xfrontend -const-gather-protocols-file -Xfrontend /Users/delaxstudio/Library/Developer/Xcode/DerivedData/shigodeki-fkaeotsqybievcdjwhonrrgqyvla/Build/Intermediates.noindex/shigodeki.build/Debug-iphonesimulator/shigodeki.build/Objects-normal/arm64/shigodeki_const_extract_protocols.json -Xcc -iquote -Xcc /Users/delaxstudio/Library/Developer/Xcode/DerivedData/shigodeki-fkaeotsqybievcdjwhonrrgqyvla/Build/Intermediates.noindex/shigodeki.build/Debug-iphonesimulator/shigodeki.build/shigodeki-generated-files.hmap -Xcc -I/Users/delaxstudio/Library/Developer/Xcode/DerivedData/shigodeki-fkaeotsqybievcdjwhonrrgqyvla/Build/Intermediates.noindex/shigodeki.build/Debug-iphonesimulator/shigodeki.build/shigodeki-own-target-headers.hmap -Xcc -I/Users/delaxstudio/Library/Developer/Xcode/DerivedData/shigodeki-fkaeotsqybievcdjwhonrrgqyvla/Build/Intermediates.noindex/shigodeki.build/Debug-iphonesimulator/shigodeki.build/shigodeki-all-non-framework-target-headers.hmap -Xcc -ivfsoverlay -Xcc /Users/delaxstudio/Library/Developer/Xcode/DerivedData/shigodeki-fkaeotsqybievcdjwhonrrgqyvla/Build/Intermediates.noindex/shigodeki.build/Debug-iphonesimulator/shigodeki-778cd99806b7a64fcaf3138ab8d360b6-VFS-iphonesimulator/all-product-headers.yaml -Xcc -iquote -Xcc /Users/delaxstudio/Library/Developer/Xcode/DerivedData/shigodeki-fkaeotsqybievcdjwhonrrgqyvla/Build/Intermediates.noindex/shigodeki.build/Debug-iphonesimulator/shigodeki.build/shigodeki-project-headers.hmap -Xcc -I/Users/delaxstudio/Library/Developer/Xcode/DerivedData/shigodeki-fkaeotsqybievcdjwhonrrgqyvla/SourcePackages/checkouts/abseil-cpp-binary/absl-Wrapper/include -Xcc -I/Users/delaxstudio/Library/Developer/Xcode/DerivedData/shigodeki-fkaeotsqybievcdjwhonrrgqyvla/SourcePackages/checkouts/grpc-binary/openssl-grpc-Wrapper/include -Xcc -I/Users/delaxstudio/Library/Developer/Xcode/DerivedData/shigodeki-fkaeotsqybievcdjwhonrrgqyvla/SourcePackages/checkouts/grpc-binary/grpc-Wrapper/include -Xcc -I/Users/delaxstudio/Library/Developer/Xcode/DerivedData/shigodeki-fkaeotsqybievcdjwhonrrgqyvla/SourcePackages/checkouts/grpc-binary/grpcpp-Wrapper/include -Xcc -I/Users/delaxstudio/Library/Developer/Xcode/DerivedData/shigodeki-fkaeotsqybievcdjwhonrrgqyvla/SourcePackages/checkouts/nanopb/spm_headers -Xcc -I/Users/delaxstudio/Library/Developer/Xcode/DerivedData/shigodeki-fkaeotsqybievcdjwhonrrgqyvla/SourcePackages/checkouts/leveldb/include -Xcc -I/Users/delaxstudio/Library/Developer/Xcode/DerivedData/shigodeki-fkaeotsqybievcdjwhonrrgqyvla/SourcePackages/checkouts/firebase-ios-sdk/FirebaseFirestoreInternal -Xcc -I/Users/delaxstudio/Library/Developer/Xcode/DerivedData/shigodeki-fkaeotsqybievcdjwhonrrgqyvla/SourcePackages/checkouts/firebase-ios-sdk/SwiftPM-PlatformExclude/FirebaseFirestoreWrap/include -Xcc -I/Users/delaxstudio/Library/Developer/Xcode/DerivedData/shigodeki-fkaeotsqybievcdjwhonrrgqyvla/SourcePackages/checkouts/interop-ios-for-google-sdks/RecaptchaEnterprise/RecaptchaInterop/Public -Xcc -I/Users/delaxstudio/Library/Developer/Xcode/DerivedData/shigodeki-fkaeotsqybievcdjwhonrrgqyvla/SourcePackages/checkouts/GoogleUtilities/GoogleUtilities/Network/Public -Xcc -I/Users/delaxstudio/Library/Developer/Xcode/DerivedData/shigodeki-fkaeotsqybievcdjwhonrrgqyvla/SourcePackages/checkouts/GoogleUtilities/GoogleUtilities/Reachability/Public -Xcc -I/Users/delaxstudio/Library/Developer/Xcode/DerivedData/shigodeki-fkaeotsqybievcdjwhonrrgqyvla/SourcePackages/checkouts/GoogleUtilities/GoogleUtilities/NSData+zlib/Public -Xcc -I/Users/delaxstudio/Library/Developer/Xcode/DerivedData/shigodeki-fkaeotsqybievcdjwhonrrgqyvla/SourcePackages/checkouts/GoogleUtilities/GoogleUtilities/Logger/Public -Xcc -I/Users/delaxstudio/Library/Developer/Xcode/DerivedData/shigodeki-fkaeotsqybievcdjwhonrrgqyvla/SourcePackages/checkouts/GoogleUtilities/GoogleUtilities/Environment/Public -Xcc -I/Users/delaxstudio/Library/Developer/Xcode/DerivedData/shigodeki-fkaeotsqybievcdjwhonrrgqyvla/SourcePackages/checkouts/GoogleUtilities/third_party/IsAppEncrypted/Public -Xcc -I/Users/delaxstudio/Library/Developer/Xcode/DerivedData/shigodeki-fkaeotsqybievcdjwhonrrgqyvla/SourcePackages/checkouts/GoogleUtilities/GoogleUtilities/AppDelegateSwizzler/Public -Xcc -I/Users/delaxstudio/Library/Developer/Xcode/DerivedData/shigodeki-fkaeotsqybievcdjwhonrrgqyvla/SourcePackages/checkouts/gtm-session-fetcher/Sources/Core/Public -Xcc -I/Users/delaxstudio/Library/Developer/Xcode/DerivedData/shigodeki-fkaeotsqybievcdjwhonrrgqyvla/SourcePackages/checkouts/firebase-ios-sdk/FirebaseCore/Extension -Xcc -I/Users/delaxstudio/Library/Developer/Xcode/DerivedData/shigodeki-fkaeotsqybievcdjwhonrrgqyvla/SourcePackages/checkouts/firebase-ios-sdk/FirebaseCore/Sources/Public -Xcc -I/Users/delaxstudio/Library/Developer/Xcode/DerivedData/shigodeki-fkaeotsqybievcdjwhonrrgqyvla/SourcePackages/checkouts/firebase-ios-sdk/CoreOnly/Sources -Xcc -I/Users/delaxstudio/Library/Developer/Xcode/DerivedData/shigodeki-fkaeotsqybievcdjwhonrrgqyvla/SourcePackages/checkouts/firebase-ios-sdk/FirebaseAuth/Sources/Public -Xcc -I/Users/delaxstudio/Library/Developer/Xcode/DerivedData/shigodeki-fkaeotsqybievcdjwhonrrgqyvla/SourcePackages/checkouts/firebase-ios-sdk/FirebaseAuth/Interop/Public -Xcc -I/Users/delaxstudio/Library/Developer/Xcode/DerivedData/shigodeki-fkaeotsqybievcdjwhonrrgqyvla/SourcePackages/checkouts/firebase-ios-sdk/FirebaseAppCheck/Interop/Public -Xcc -I/Users/delaxstudio/Library/Developer/Xcode/DerivedData/shigodeki-fkaeotsqybievcdjwhonrrgqyvla/Build/Products/Debug-iphonesimulator/include -Xcc -I/Users/delaxstudio/Library/Developer/Xcode/DerivedData/shigodeki-fkaeotsqybievcdjwhonrrgqyvla/Build/Intermediates.noindex/shigodeki.build/Debug-iphonesimulator/shigodeki.build/DerivedSources-normal/arm64 -Xcc -I/Users/delaxstudio/Library/Developer/Xcode/DerivedData/shigodeki-fkaeotsqybievcdjwhonrrgqyvla/Build/Intermediates.noindex/shigodeki.build/Debug-iphonesimulator/shigodeki.build/DerivedSources/arm64 -Xcc -I/Users/delaxstudio/Library/Developer/Xcode/DerivedData/shigodeki-fkaeotsqybievcdjwhonrrgqyvla/Build/Intermediates.noindex/shigodeki.build/Debug-iphonesimulator/shigodeki.build/DerivedSources -Xcc -DDEBUG\=1 -emit-objc-header -emit-objc-header-path /Users/delaxstudio/Library/Developer/Xcode/DerivedData/shigodeki-fkaeotsqybievcdjwhonrrgqyvla/Build/Intermediates.noindex/shigodeki.build/Debug-iphonesimulator/shigodeki.build/Objects-normal/arm64/shigodeki-Swift.h -working-directory /Users/delaxstudio/src/shigodeki/iOS -experimental-emit-module-separately -disable-cmo

SwiftDriverJobDiscovery normal arm64 Compiling FeatureFlagOverrides.swift (in target 'shigodeki' from project 'shigodeki')

SwiftCompile normal arm64 Compiling\ DevelopmentTaskListBuilder.swift,\ EducationTemplates.swift /Users/delaxstudio/src/shigodeki/iOS/shigodeki/Services/DevelopmentTaskListBuilder.swift /Users/delaxstudio/src/shigodeki/iOS/shigodeki/Services/EducationTemplates.swift (in target 'shigodeki' from project 'shigodeki')

SwiftCompile normal arm64 /Users/delaxstudio/src/shigodeki/iOS/shigodeki/Services/DevelopmentTaskListBuilder.swift (in target 'shigodeki' from project 'shigodeki')
    cd /Users/delaxstudio/src/shigodeki/iOS
    

SwiftCompile normal arm64 /Users/delaxstudio/src/shigodeki/iOS/shigodeki/Services/EducationTemplates.swift (in target 'shigodeki' from project 'shigodeki')
    cd /Users/delaxstudio/src/shigodeki/iOS
    

SwiftDriverJobDiscovery normal arm64 Compiling UserDataService.swift (in target 'shigodeki' from project 'shigodeki')

SwiftCompile normal arm64 Compiling\ ListenerManagementService.swift,\ ListenerOptimizationService.swift /Users/delaxstudio/src/shigodeki/iOS/shigodeki/Services/ListenerManagementService.swift /Users/delaxstudio/src/shigodeki/iOS/shigodeki/Services/ListenerOptimizationService.swift (in target 'shigodeki' from project 'shigodeki')

SwiftCompile normal arm64 /Users/delaxstudio/src/shigodeki/iOS/shigodeki/Services/ListenerManagementService.swift (in target 'shigodeki' from project 'shigodeki')
    cd /Users/delaxstudio/src/shigodeki/iOS
    

SwiftCompile normal arm64 /Users/delaxstudio/src/shigodeki/iOS/shigodeki/Services/ListenerOptimizationService.swift (in target 'shigodeki' from project 'shigodeki')
    cd /Users/delaxstudio/src/shigodeki/iOS
    

SwiftDriverJobDiscovery normal x86_64 Compiling ProjectInfoSection.swift, ProjectInvitationSection.swift, ProjectOwnerSection.swift, TaskAISections.swift, TaskBasicSections.swift, TaskDetailSheets.swift, TaskDetailToolbar.swift, TaskExtendedSections.swift, TaskListContentSection.swift, TaskListInfoSection.swift, TaskRelatedSections.swift, TaskRowComponent.swift, AIDraftFlowView.swift, PhotoDraftFlowView.swift, TemplateDraftFlowView.swift, KPIState.swift, PortfolioKPIHeader.swift (in target 'shigodeki' from project 'shigodeki')

SwiftCompile normal x86_64 Compiling\ ListenerOptimizationService.swift /Users/delaxstudio/src/shigodeki/iOS/shigodeki/Services/ListenerOptimizationService.swift (in target 'shigodeki' from project 'shigodeki')

SwiftCompile normal x86_64 /Users/delaxstudio/src/shigodeki/iOS/shigodeki/Services/ListenerOptimizationService.swift (in target 'shigodeki' from project 'shigodeki')
    cd /Users/delaxstudio/src/shigodeki/iOS
    

SwiftCompile normal arm64 Compiling\ WebsiteTemplateService.swift /Users/delaxstudio/src/shigodeki/iOS/shigodeki/Services/WebsiteTemplateService.swift (in target 'shigodeki' from project 'shigodeki')

SwiftCompile normal arm64 /Users/delaxstudio/src/shigodeki/iOS/shigodeki/Services/WebsiteTemplateService.swift (in target 'shigodeki' from project 'shigodeki')
    cd /Users/delaxstudio/src/shigodeki/iOS
    

SwiftDriverJobDiscovery normal arm64 Compiling FirebaseError.swift, InvitationCodeNormalizer.swift (in target 'shigodeki' from project 'shigodeki')

SwiftMergeGeneratedHeaders /Users/delaxstudio/Library/Developer/Xcode/DerivedData/shigodeki-fkaeotsqybievcdjwhonrrgqyvla/Build/Intermediates.noindex/shigodeki.build/Debug-iphonesimulator/shigodeki.build/DerivedSources/shigodeki-Swift.h /Users/delaxstudio/Library/Developer/Xcode/DerivedData/shigodeki-fkaeotsqybievcdjwhonrrgqyvla/Build/Intermediates.noindex/shigodeki.build/Debug-iphonesimulator/shigodeki.build/Objects-normal/arm64/shigodeki-Swift.h /Users/delaxstudio/Library/Developer/Xcode/DerivedData/shigodeki-fkaeotsqybievcdjwhonrrgqyvla/Build/Intermediates.noindex/shigodeki.build/Debug-iphonesimulator/shigodeki.build/Objects-normal/x86_64/shigodeki-Swift.h (in target 'shigodeki' from project 'shigodeki')
    cd /Users/delaxstudio/src/shigodeki/iOS
    builtin-swiftHeaderTool -arch arm64 /Users/delaxstudio/Library/Developer/Xcode/DerivedData/shigodeki-fkaeotsqybievcdjwhonrrgqyvla/Build/Intermediates.noindex/shigodeki.build/Debug-iphonesimulator/shigodeki.build/Objects-normal/arm64/shigodeki-Swift.h -arch x86_64 /Users/delaxstudio/Library/Developer/Xcode/DerivedData/shigodeki-fkaeotsqybievcdjwhonrrgqyvla/Build/Intermediates.noindex/shigodeki.build/Debug-iphonesimulator/shigodeki.build/Objects-normal/x86_64/shigodeki-Swift.h -o /Users/delaxstudio/Library/Developer/Xcode/DerivedData/shigodeki-fkaeotsqybievcdjwhonrrgqyvla/Build/Intermediates.noindex/shigodeki.build/Debug-iphonesimulator/shigodeki.build/DerivedSources/shigodeki-Swift.h

Copy /Users/delaxstudio/Library/Developer/Xcode/DerivedData/shigodeki-fkaeotsqybievcdjwhonrrgqyvla/Build/Products/Debug-iphonesimulator/shigodeki.swiftmodule/arm64-apple-ios-simulator.swiftmodule /Users/delaxstudio/Library/Developer/Xcode/DerivedData/shigodeki-fkaeotsqybievcdjwhonrrgqyvla/Build/Intermediates.noindex/shigodeki.build/Debug-iphonesimulator/shigodeki.build/Objects-normal/arm64/shigodeki.swiftmodule (in target 'shigodeki' from project 'shigodeki')
    cd /Users/delaxstudio/src/shigodeki/iOS
    builtin-copy -exclude .DS_Store -exclude CVS -exclude .svn -exclude .git -exclude .hg -resolve-src-symlinks -rename /Users/delaxstudio/Library/Developer/Xcode/DerivedData/shigodeki-fkaeotsqybievcdjwhonrrgqyvla/Build/Intermediates.noindex/shigodeki.build/Debug-iphonesimulator/shigodeki.build/Objects-normal/arm64/shigodeki.swiftmodule /Users/delaxstudio/Library/Developer/Xcode/DerivedData/shigodeki-fkaeotsqybievcdjwhonrrgqyvla/Build/Products/Debug-iphonesimulator/shigodeki.swiftmodule/arm64-apple-ios-simulator.swiftmodule

SwiftDriverJobDiscovery normal arm64 Compiling Environment+Entitlements.swift (in target 'shigodeki' from project 'shigodeki')

Copy /Users/delaxstudio/Library/Developer/Xcode/DerivedData/shigodeki-fkaeotsqybievcdjwhonrrgqyvla/Build/Products/Debug-iphonesimulator/shigodeki.swiftmodule/arm64-apple-ios-simulator.swiftdoc /Users/delaxstudio/Library/Developer/Xcode/DerivedData/shigodeki-fkaeotsqybievcdjwhonrrgqyvla/Build/Intermediates.noindex/shigodeki.build/Debug-iphonesimulator/shigodeki.build/Objects-normal/arm64/shigodeki.swiftdoc (in target 'shigodeki' from project 'shigodeki')
    cd /Users/delaxstudio/src/shigodeki/iOS
    builtin-copy -exclude .DS_Store -exclude CVS -exclude .svn -exclude .git -exclude .hg -resolve-src-symlinks -rename /Users/delaxstudio/Library/Developer/Xcode/DerivedData/shigodeki-fkaeotsqybievcdjwhonrrgqyvla/Build/Intermediates.noindex/shigodeki.build/Debug-iphonesimulator/shigodeki.build/Objects-normal/arm64/shigodeki.swiftdoc /Users/delaxstudio/Library/Developer/Xcode/DerivedData/shigodeki-fkaeotsqybievcdjwhonrrgqyvla/Build/Products/Debug-iphonesimulator/shigodeki.swiftmodule/arm64-apple-ios-simulator.swiftdoc

Copy /Users/delaxstudio/Library/Developer/Xcode/DerivedData/shigodeki-fkaeotsqybievcdjwhonrrgqyvla/Build/Products/Debug-iphonesimulator/shigodeki.swiftmodule/arm64-apple-ios-simulator.abi.json /Users/delaxstudio/Library/Developer/Xcode/DerivedData/shigodeki-fkaeotsqybievcdjwhonrrgqyvla/Build/Intermediates.noindex/shigodeki.build/Debug-iphonesimulator/shigodeki.build/Objects-normal/arm64/shigodeki.abi.json (in target 'shigodeki' from project 'shigodeki')
    cd /Users/delaxstudio/src/shigodeki/iOS
    builtin-copy -exclude .DS_Store -exclude CVS -exclude .svn -exclude .git -exclude .hg -resolve-src-symlinks -rename /Users/delaxstudio/Library/Developer/Xcode/DerivedData/shigodeki-fkaeotsqybievcdjwhonrrgqyvla/Build/Intermediates.noindex/shigodeki.build/Debug-iphonesimulator/shigodeki.build/Objects-normal/arm64/shigodeki.abi.json /Users/delaxstudio/Library/Developer/Xcode/DerivedData/shigodeki-fkaeotsqybievcdjwhonrrgqyvla/Build/Products/Debug-iphonesimulator/shigodeki.swiftmodule/arm64-apple-ios-simulator.abi.json

Copy /Users/delaxstudio/Library/Developer/Xcode/DerivedData/shigodeki-fkaeotsqybievcdjwhonrrgqyvla/Build/Products/Debug-iphonesimulator/shigodeki.swiftmodule/Project/arm64-apple-ios-simulator.swiftsourceinfo /Users/delaxstudio/Library/Developer/Xcode/DerivedData/shigodeki-fkaeotsqybievcdjwhonrrgqyvla/Build/Intermediates.noindex/shigodeki.build/Debug-iphonesimulator/shigodeki.build/Objects-normal/arm64/shigodeki.swiftsourceinfo (in target 'shigodeki' from project 'shigodeki')
    cd /Users/delaxstudio/src/shigodeki/iOS
    builtin-copy -exclude .DS_Store -exclude CVS -exclude .svn -exclude .git -exclude .hg -resolve-src-symlinks -rename /Users/delaxstudio/Library/Developer/Xcode/DerivedData/shigodeki-fkaeotsqybievcdjwhonrrgqyvla/Build/Intermediates.noindex/shigodeki.build/Debug-iphonesimulator/shigodeki.build/Objects-normal/arm64/shigodeki.swiftsourceinfo /Users/delaxstudio/Library/Developer/Xcode/DerivedData/shigodeki-fkaeotsqybievcdjwhonrrgqyvla/Build/Products/Debug-iphonesimulator/shigodeki.swiftmodule/Project/arm64-apple-ios-simulator.swiftsourceinfo

SwiftCompile normal x86_64 Compiling\ FamilyErrorHandler.swift /Users/delaxstudio/src/shigodeki/iOS/shigodeki/Services/FamilyErrorHandler.swift (in target 'shigodeki' from project 'shigodeki')

SwiftCompile normal x86_64 /Users/delaxstudio/src/shigodeki/iOS/shigodeki/Services/FamilyErrorHandler.swift (in target 'shigodeki' from project 'shigodeki')
    cd /Users/delaxstudio/src/shigodeki/iOS
    

SwiftDriverJobDiscovery normal arm64 Compiling DevelopmentTaskListBuilder.swift, EducationTemplates.swift (in target 'shigodeki' from project 'shigodeki')

SwiftCompile normal arm64 Compiling\ QuickAIGenerationComponents.swift,\ RealtimeSyncStatus.swift,\ ScrollToTopSupport.swift,\ SectionPickerView.swift,\ SharedManagerStore.swift,\ TagChip.swift,\ TagDisplayView.swift,\ TagInputComponents.swift,\ TaskAddModal.swift,\ TaskAIAssistantComponents.swift,\ TaskAIGenerationViews.swift,\ TaskAIModeComponents.swift,\ TaskAIStatusComponents.swift,\ TaskDetailComponents.swift,\ TaskImprovementStateViews.swift,\ TaskImprovementSuggestionComponents.swift /Users/delaxstudio/src/shigodeki/iOS/shigodeki/Components/QuickAIGenerationComponents.swift /Users/delaxstudio/src/shigodeki/iOS/shigodeki/Components/RealtimeSyncStatus.swift /Users/delaxstudio/src/shigodeki/iOS/shigodeki/Components/ScrollToTopSupport.swift /Users/delaxstudio/src/shigodeki/iOS/shigodeki/Components/SectionPickerView.swift /Users/delaxstudio/src/shigodeki/iOS/shigodeki/Components/SharedManagerStore.swift /Users/delaxstudio/src/shigodeki/iOS/shigodeki/Components/TagChip.swift /Users/delaxstudio/src/shigodeki/iOS/shigodeki/Components/TagDisplayView.swift /Users/delaxstudio/src/shigodeki/iOS/shigodeki/Components/TagInputComponents.swift /Users/delaxstudio/src/shigodeki/iOS/shigodeki/Components/TaskAddModal.swift /Users/delaxstudio/src/shigodeki/iOS/shigodeki/Components/TaskAIAssistantComponents.swift /Users/delaxstudio/src/shigodeki/iOS/shigodeki/Components/TaskAIGenerationViews.swift /Users/delaxstudio/src/shigodeki/iOS/shigodeki/Components/TaskAIModeComponents.swift /Users/delaxstudio/src/shigodeki/iOS/shigodeki/Components/TaskAIStatusComponents.swift /Users/delaxstudio/src/shigodeki/iOS/shigodeki/Components/TaskDetailComponents.swift /Users/delaxstudio/src/shigodeki/iOS/shigodeki/Components/TaskImprovementStateViews.swift /Users/delaxstudio/src/shigodeki/iOS/shigodeki/Components/TaskImprovementSuggestionComponents.swift (in target 'shigodeki' from project 'shigodeki')

SwiftCompile normal arm64 /Users/delaxstudio/src/shigodeki/iOS/shigodeki/Components/QuickAIGenerationComponents.swift (in target 'shigodeki' from project 'shigodeki')
    cd /Users/delaxstudio/src/shigodeki/iOS
    

SwiftCompile normal arm64 /Users/delaxstudio/src/shigodeki/iOS/shigodeki/Components/RealtimeSyncStatus.swift (in target 'shigodeki' from project 'shigodeki')
    cd /Users/delaxstudio/src/shigodeki/iOS
    

SwiftCompile normal arm64 /Users/delaxstudio/src/shigodeki/iOS/shigodeki/Components/ScrollToTopSupport.swift (in target 'shigodeki' from project 'shigodeki')
    cd /Users/delaxstudio/src/shigodeki/iOS
    

SwiftCompile normal arm64 /Users/delaxstudio/src/shigodeki/iOS/shigodeki/Components/SectionPickerView.swift (in target 'shigodeki' from project 'shigodeki')
    cd /Users/delaxstudio/src/shigodeki/iOS
    

SwiftCompile normal arm64 /Users/delaxstudio/src/shigodeki/iOS/shigodeki/Components/SharedManagerStore.swift (in target 'shigodeki' from project 'shigodeki')
    cd /Users/delaxstudio/src/shigodeki/iOS
    

SwiftCompile normal arm64 /Users/delaxstudio/src/shigodeki/iOS/shigodeki/Components/TagChip.swift (in target 'shigodeki' from project 'shigodeki')
    cd /Users/delaxstudio/src/shigodeki/iOS
    

SwiftCompile normal arm64 /Users/delaxstudio/src/shigodeki/iOS/shigodeki/Components/TagDisplayView.swift (in target 'shigodeki' from project 'shigodeki')
    cd /Users/delaxstudio/src/shigodeki/iOS
    

SwiftCompile normal arm64 /Users/delaxstudio/src/shigodeki/iOS/shigodeki/Components/TagInputComponents.swift (in target 'shigodeki' from project 'shigodeki')
    cd /Users/delaxstudio/src/shigodeki/iOS
    

SwiftCompile normal arm64 /Users/delaxstudio/src/shigodeki/iOS/shigodeki/Components/TaskAddModal.swift (in target 'shigodeki' from project 'shigodeki')
    cd /Users/delaxstudio/src/shigodeki/iOS
    

SwiftCompile normal arm64 /Users/delaxstudio/src/shigodeki/iOS/shigodeki/Components/TaskAIAssistantComponents.swift (in target 'shigodeki' from project 'shigodeki')
    cd /Users/delaxstudio/src/shigodeki/iOS
    

SwiftCompile normal arm64 /Users/delaxstudio/src/shigodeki/iOS/shigodeki/Components/TaskAIGenerationViews.swift (in target 'shigodeki' from project 'shigodeki')
    cd /Users/delaxstudio/src/shigodeki/iOS
    

SwiftCompile normal arm64 /Users/delaxstudio/src/shigodeki/iOS/shigodeki/Components/TaskAIModeComponents.swift (in target 'shigodeki' from project 'shigodeki')
    cd /Users/delaxstudio/src/shigodeki/iOS
    

SwiftCompile normal arm64 /Users/delaxstudio/src/shigodeki/iOS/shigodeki/Components/TaskAIStatusComponents.swift (in target 'shigodeki' from project 'shigodeki')
    cd /Users/delaxstudio/src/shigodeki/iOS
    

SwiftCompile normal arm64 /Users/delaxstudio/src/shigodeki/iOS/shigodeki/Components/TaskDetailComponents.swift (in target 'shigodeki' from project 'shigodeki')
    cd /Users/delaxstudio/src/shigodeki/iOS
    

SwiftCompile normal arm64 /Users/delaxstudio/src/shigodeki/iOS/shigodeki/Components/TaskImprovementStateViews.swift (in target 'shigodeki' from project 'shigodeki')
    cd /Users/delaxstudio/src/shigodeki/iOS
    

SwiftCompile normal arm64 /Users/delaxstudio/src/shigodeki/iOS/shigodeki/Components/TaskImprovementSuggestionComponents.swift (in target 'shigodeki' from project 'shigodeki')
    cd /Users/delaxstudio/src/shigodeki/iOS
    

SwiftCompile normal arm64 Compiling\ ManagerCreationService.swift /Users/delaxstudio/src/shigodeki/iOS/shigodeki/Services/ManagerCreationService.swift (in target 'shigodeki' from project 'shigodeki')

SwiftCompile normal arm64 /Users/delaxstudio/src/shigodeki/iOS/shigodeki/Services/ManagerCreationService.swift (in target 'shigodeki' from project 'shigodeki')
    cd /Users/delaxstudio/src/shigodeki/iOS
    

SwiftDriverJobDiscovery normal x86_64 Compiling LoadingOverlay.swift, MemberDetailSections.swift, MemberInfoSections.swift, MemberRowView.swift, MemberStatisticsSections.swift, MemberSupportingComponents.swift, NavigationGestureSupport.swift, OptimizedProjectRow.swift, PerformanceModels.swift, PerformanceMonitoring.swift, PerformanceOptimization.swift, PerformanceReportGenerator.swift, PerformanceScoreCalculator.swift, PhaseTaskListRowView.swift, PhotoTaskSuggestionSection.swift, QuickAIGenerationComponents.swift, RealtimeSyncStatus.swift (in target 'shigodeki' from project 'shigodeki')

SwiftCompile normal arm64 Compiling\ FamilyStateService.swift /Users/delaxstudio/src/shigodeki/iOS/shigodeki/Services/FamilyStateService.swift (in target 'shigodeki' from project 'shigodeki')

SwiftCompile normal arm64 /Users/delaxstudio/src/shigodeki/iOS/shigodeki/Services/FamilyStateService.swift (in target 'shigodeki' from project 'shigodeki')
    cd /Users/delaxstudio/src/shigodeki/iOS
    

SwiftDriverJobDiscovery normal arm64 Compiling WebsiteTemplateService.swift (in target 'shigodeki' from project 'shigodeki')

SwiftCompile normal x86_64 Compiling\ FamilyOperationService.swift /Users/delaxstudio/src/shigodeki/iOS/shigodeki/Services/FamilyOperationService.swift (in target 'shigodeki' from project 'shigodeki')

SwiftCompile normal x86_64 /Users/delaxstudio/src/shigodeki/iOS/shigodeki/Services/FamilyOperationService.swift (in target 'shigodeki' from project 'shigodeki')
    cd /Users/delaxstudio/src/shigodeki/iOS
    

SwiftDriverJobDiscovery normal arm64 Compiling TemplateValidationHelpers.swift, TemplateValidationLogic.swift (in target 'shigodeki' from project 'shigodeki')

SwiftCompile normal x86_64 Compiling\ FamilyInitializationService.swift /Users/delaxstudio/src/shigodeki/iOS/shigodeki/Services/FamilyInitializationService.swift (in target 'shigodeki' from project 'shigodeki')

SwiftCompile normal x86_64 /Users/delaxstudio/src/shigodeki/iOS/shigodeki/Services/FamilyInitializationService.swift (in target 'shigodeki' from project 'shigodeki')
    cd /Users/delaxstudio/src/shigodeki/iOS
    

SwiftDriverJobDiscovery normal arm64 Compiling ProjectMetricsService.swift, ProjectTemplateConverter.swift, ProviderThrottleCenter.swift, PublishingTaskListBuilder.swift, QuickAIPromptBuilder.swift, SettingsDataService.swift, SoftTemplateDecoding.swift, SoftwareDevTemplates.swift, SubtaskPromotionService.swift, TagCreationService.swift, TagCRUDService.swift, TagDataService.swift, TagUsageService.swift, TaskAnalysisService.swift, TaskCreationService.swift, TaskCRUDService.swift (in target 'shigodeki' from project 'shigodeki')

SwiftCompile normal arm64 Compiling\ WebApiTemplateService.swift /Users/delaxstudio/src/shigodeki/iOS/shigodeki/Services/WebApiTemplateService.swift (in target 'shigodeki' from project 'shigodeki')

SwiftCompile normal arm64 /Users/delaxstudio/src/shigodeki/iOS/shigodeki/Services/WebApiTemplateService.swift (in target 'shigodeki' from project 'shigodeki')
    cd /Users/delaxstudio/src/shigodeki/iOS
    

SwiftDriverJobDiscovery normal x86_64 Compiling FamilyErrorHandler.swift (in target 'shigodeki' from project 'shigodeki')

SwiftCompile normal arm64 Compiling\ CameraPicker.swift,\ CardStyle.swift,\ ColorSystem.swift,\ CreateProjectComponents.swift,\ CreateProjectHeader.swift,\ CreateTaskComponents.swift,\ DocumentPickerComponents.swift,\ DynamicTypeExtensions.swift,\ EmptyStateView.swift,\ FamilyMemberOperations.swift,\ FamilyProjectOperations.swift,\ FirebaseListenerManager.swift,\ InstrumentsSetup.swift,\ IntegratedPerformanceMonitor.swift,\ InteractiveButtonStyle.swift,\ KeyboardDismissSupport.swift /Users/delaxstudio/src/shigodeki/iOS/shigodeki/Components/CameraPicker.swift /Users/delaxstudio/src/shigodeki/iOS/shigodeki/Components/CardStyle.swift /Users/delaxstudio/src/shigodeki/iOS/shigodeki/Components/ColorSystem.swift /Users/delaxstudio/src/shigodeki/iOS/shigodeki/Components/CreateProjectComponents.swift /Users/delaxstudio/src/shigodeki/iOS/shigodeki/Components/CreateProjectHeader.swift /Users/delaxstudio/src/shigodeki/iOS/shigodeki/Components/CreateTaskComponents.swift /Users/delaxstudio/src/shigodeki/iOS/shigodeki/Components/DocumentPickerComponents.swift /Users/delaxstudio/src/shigodeki/iOS/shigodeki/Components/DynamicTypeExtensions.swift /Users/delaxstudio/src/shigodeki/iOS/shigodeki/Components/EmptyStateView.swift /Users/delaxstudio/src/shigodeki/iOS/shigodeki/Components/FamilyMemberOperations.swift /Users/delaxstudio/src/shigodeki/iOS/shigodeki/Components/FamilyProjectOperations.swift /Users/delaxstudio/src/shigodeki/iOS/shigodeki/Components/FirebaseListenerManager.swift /Users/delaxstudio/src/shigodeki/iOS/shigodeki/Components/InstrumentsSetup.swift /Users/delaxstudio/src/shigodeki/iOS/shigodeki/Components/IntegratedPerformanceMonitor.swift /Users/delaxstudio/src/shigodeki/iOS/shigodeki/Components/InteractiveButtonStyle.swift /Users/delaxstudio/src/shigodeki/iOS/shigodeki/Components/KeyboardDismissSupport.swift (in target 'shigodeki' from project 'shigodeki')

SwiftCompile normal arm64 /Users/delaxstudio/src/shigodeki/iOS/shigodeki/Components/CameraPicker.swift (in target 'shigodeki' from project 'shigodeki')
    cd /Users/delaxstudio/src/shigodeki/iOS
    

SwiftCompile normal arm64 /Users/delaxstudio/src/shigodeki/iOS/shigodeki/Components/CardStyle.swift (in target 'shigodeki' from project 'shigodeki')
    cd /Users/delaxstudio/src/shigodeki/iOS
    

SwiftCompile normal arm64 /Users/delaxstudio/src/shigodeki/iOS/shigodeki/Components/ColorSystem.swift (in target 'shigodeki' from project 'shigodeki')
    cd /Users/delaxstudio/src/shigodeki/iOS
    

SwiftCompile normal arm64 /Users/delaxstudio/src/shigodeki/iOS/shigodeki/Components/CreateProjectComponents.swift (in target 'shigodeki' from project 'shigodeki')
    cd /Users/delaxstudio/src/shigodeki/iOS
    

SwiftCompile normal arm64 /Users/delaxstudio/src/shigodeki/iOS/shigodeki/Components/CreateProjectHeader.swift (in target 'shigodeki' from project 'shigodeki')
    cd /Users/delaxstudio/src/shigodeki/iOS
    

SwiftCompile normal arm64 /Users/delaxstudio/src/shigodeki/iOS/shigodeki/Components/CreateTaskComponents.swift (in target 'shigodeki' from project 'shigodeki')
    cd /Users/delaxstudio/src/shigodeki/iOS
    

SwiftCompile normal arm64 /Users/delaxstudio/src/shigodeki/iOS/shigodeki/Components/DocumentPickerComponents.swift (in target 'shigodeki' from project 'shigodeki')
    cd /Users/delaxstudio/src/shigodeki/iOS
    

SwiftCompile normal arm64 /Users/delaxstudio/src/shigodeki/iOS/shigodeki/Components/DynamicTypeExtensions.swift (in target 'shigodeki' from project 'shigodeki')
    cd /Users/delaxstudio/src/shigodeki/iOS
    

SwiftCompile normal arm64 /Users/delaxstudio/src/shigodeki/iOS/shigodeki/Components/EmptyStateView.swift (in target 'shigodeki' from project 'shigodeki')
    cd /Users/delaxstudio/src/shigodeki/iOS
    

SwiftCompile normal arm64 /Users/delaxstudio/src/shigodeki/iOS/shigodeki/Components/FamilyMemberOperations.swift (in target 'shigodeki' from project 'shigodeki')
    cd /Users/delaxstudio/src/shigodeki/iOS
    

SwiftCompile normal arm64 /Users/delaxstudio/src/shigodeki/iOS/shigodeki/Components/FamilyProjectOperations.swift (in target 'shigodeki' from project 'shigodeki')
    cd /Users/delaxstudio/src/shigodeki/iOS
    

SwiftCompile normal arm64 /Users/delaxstudio/src/shigodeki/iOS/shigodeki/Components/FirebaseListenerManager.swift (in target 'shigodeki' from project 'shigodeki')
    cd /Users/delaxstudio/src/shigodeki/iOS
    

SwiftCompile normal arm64 /Users/delaxstudio/src/shigodeki/iOS/shigodeki/Components/InstrumentsSetup.swift (in target 'shigodeki' from project 'shigodeki')
    cd /Users/delaxstudio/src/shigodeki/iOS
    

SwiftCompile normal arm64 /Users/delaxstudio/src/shigodeki/iOS/shigodeki/Components/IntegratedPerformanceMonitor.swift (in target 'shigodeki' from project 'shigodeki')
    cd /Users/delaxstudio/src/shigodeki/iOS
    

SwiftCompile normal arm64 /Users/delaxstudio/src/shigodeki/iOS/shigodeki/Components/InteractiveButtonStyle.swift (in target 'shigodeki' from project 'shigodeki')
    cd /Users/delaxstudio/src/shigodeki/iOS
    

SwiftCompile normal arm64 /Users/delaxstudio/src/shigodeki/iOS/shigodeki/Components/KeyboardDismissSupport.swift (in target 'shigodeki' from project 'shigodeki')
    cd /Users/delaxstudio/src/shigodeki/iOS
    

SwiftDriverJobDiscovery normal x86_64 Compiling ListenerOptimizationService.swift (in target 'shigodeki' from project 'shigodeki')

SwiftCompile normal arm64 Compiling\ LegacyDataBridge.swift,\ LoadingOverlay.swift,\ MemberDetailSections.swift,\ MemberInfoSections.swift,\ MemberRowView.swift,\ MemberStatisticsSections.swift,\ MemberSupportingComponents.swift,\ NavigationGestureSupport.swift,\ OptimizedProjectRow.swift,\ PerformanceModels.swift,\ PerformanceMonitoring.swift,\ PerformanceOptimization.swift,\ PerformanceReportGenerator.swift,\ PerformanceScoreCalculator.swift,\ PhaseTaskListRowView.swift,\ PhotoTaskSuggestionSection.swift /Users/delaxstudio/src/shigodeki/iOS/shigodeki/Components/LegacyDataBridge.swift /Users/delaxstudio/src/shigodeki/iOS/shigodeki/Components/LoadingOverlay.swift /Users/delaxstudio/src/shigodeki/iOS/shigodeki/Components/MemberDetailSections.swift /Users/delaxstudio/src/shigodeki/iOS/shigodeki/Components/MemberInfoSections.swift /Users/delaxstudio/src/shigodeki/iOS/shigodeki/Components/MemberRowView.swift /Users/delaxstudio/src/shigodeki/iOS/shigodeki/Components/MemberStatisticsSections.swift /Users/delaxstudio/src/shigodeki/iOS/shigodeki/Components/MemberSupportingComponents.swift /Users/delaxstudio/src/shigodeki/iOS/shigodeki/Components/NavigationGestureSupport.swift /Users/delaxstudio/src/shigodeki/iOS/shigodeki/Components/OptimizedProjectRow.swift /Users/delaxstudio/src/shigodeki/iOS/shigodeki/Components/PerformanceModels.swift /Users/delaxstudio/src/shigodeki/iOS/shigodeki/Components/PerformanceMonitoring.swift /Users/delaxstudio/src/shigodeki/iOS/shigodeki/Components/PerformanceOptimization.swift /Users/delaxstudio/src/shigodeki/iOS/shigodeki/Components/PerformanceReportGenerator.swift /Users/delaxstudio/src/shigodeki/iOS/shigodeki/Components/PerformanceScoreCalculator.swift /Users/delaxstudio/src/shigodeki/iOS/shigodeki/Components/PhaseTaskListRowView.swift /Users/delaxstudio/src/shigodeki/iOS/shigodeki/Components/PhotoTaskSuggestionSection.swift (in target 'shigodeki' from project 'shigodeki')

SwiftCompile normal arm64 /Users/delaxstudio/src/shigodeki/iOS/shigodeki/Components/LegacyDataBridge.swift (in target 'shigodeki' from project 'shigodeki')
    cd /Users/delaxstudio/src/shigodeki/iOS
    

SwiftCompile normal arm64 /Users/delaxstudio/src/shigodeki/iOS/shigodeki/Components/LoadingOverlay.swift (in target 'shigodeki' from project 'shigodeki')
    cd /Users/delaxstudio/src/shigodeki/iOS
    

SwiftCompile normal arm64 /Users/delaxstudio/src/shigodeki/iOS/shigodeki/Components/MemberDetailSections.swift (in target 'shigodeki' from project 'shigodeki')
    cd /Users/delaxstudio/src/shigodeki/iOS
    

SwiftCompile normal arm64 /Users/delaxstudio/src/shigodeki/iOS/shigodeki/Components/MemberInfoSections.swift (in target 'shigodeki' from project 'shigodeki')
    cd /Users/delaxstudio/src/shigodeki/iOS
    

SwiftCompile normal arm64 /Users/delaxstudio/src/shigodeki/iOS/shigodeki/Components/MemberRowView.swift (in target 'shigodeki' from project 'shigodeki')
    cd /Users/delaxstudio/src/shigodeki/iOS
    

SwiftCompile normal arm64 /Users/delaxstudio/src/shigodeki/iOS/shigodeki/Components/MemberStatisticsSections.swift (in target 'shigodeki' from project 'shigodeki')
    cd /Users/delaxstudio/src/shigodeki/iOS
    

SwiftCompile normal arm64 /Users/delaxstudio/src/shigodeki/iOS/shigodeki/Components/MemberSupportingComponents.swift (in target 'shigodeki' from project 'shigodeki')
    cd /Users/delaxstudio/src/shigodeki/iOS
    

SwiftCompile normal arm64 /Users/delaxstudio/src/shigodeki/iOS/shigodeki/Components/NavigationGestureSupport.swift (in target 'shigodeki' from project 'shigodeki')
    cd /Users/delaxstudio/src/shigodeki/iOS
    

SwiftCompile normal arm64 /Users/delaxstudio/src/shigodeki/iOS/shigodeki/Components/OptimizedProjectRow.swift (in target 'shigodeki' from project 'shigodeki')
    cd /Users/delaxstudio/src/shigodeki/iOS
    

SwiftCompile normal arm64 /Users/delaxstudio/src/shigodeki/iOS/shigodeki/Components/PerformanceModels.swift (in target 'shigodeki' from project 'shigodeki')
    cd /Users/delaxstudio/src/shigodeki/iOS
    

SwiftCompile normal arm64 /Users/delaxstudio/src/shigodeki/iOS/shigodeki/Components/PerformanceMonitoring.swift (in target 'shigodeki' from project 'shigodeki')
    cd /Users/delaxstudio/src/shigodeki/iOS
    

SwiftCompile normal arm64 /Users/delaxstudio/src/shigodeki/iOS/shigodeki/Components/PerformanceOptimization.swift (in target 'shigodeki' from project 'shigodeki')
    cd /Users/delaxstudio/src/shigodeki/iOS
    

SwiftCompile normal arm64 /Users/delaxstudio/src/shigodeki/iOS/shigodeki/Components/PerformanceReportGenerator.swift (in target 'shigodeki' from project 'shigodeki')
    cd /Users/delaxstudio/src/shigodeki/iOS
    

SwiftCompile normal arm64 /Users/delaxstudio/src/shigodeki/iOS/shigodeki/Components/PerformanceScoreCalculator.swift (in target 'shigodeki' from project 'shigodeki')
    cd /Users/delaxstudio/src/shigodeki/iOS
    

SwiftCompile normal arm64 /Users/delaxstudio/src/shigodeki/iOS/shigodeki/Components/PhaseTaskListRowView.swift (in target 'shigodeki' from project 'shigodeki')
    cd /Users/delaxstudio/src/shigodeki/iOS
    

SwiftCompile normal arm64 /Users/delaxstudio/src/shigodeki/iOS/shigodeki/Components/PhotoTaskSuggestionSection.swift (in target 'shigodeki' from project 'shigodeki')
    cd /Users/delaxstudio/src/shigodeki/iOS
    

SwiftDriverJobDiscovery normal arm64 Compiling ListenerManagementService.swift, ListenerOptimizationService.swift (in target 'shigodeki' from project 'shigodeki')

SwiftCompile normal arm64 Compiling\ RemoteConfigGate.swift /Users/delaxstudio/src/shigodeki/iOS/shigodeki/Utilities/RemoteConfigGate.swift (in target 'shigodeki' from project 'shigodeki')

SwiftCompile normal arm64 /Users/delaxstudio/src/shigodeki/iOS/shigodeki/Utilities/RemoteConfigGate.swift (in target 'shigodeki' from project 'shigodeki')
    cd /Users/delaxstudio/src/shigodeki/iOS
    

SwiftDriverJobDiscovery normal arm64 Compiling ManagerCreationService.swift (in target 'shigodeki' from project 'shigodeki')

SwiftCompile normal arm64 Compiling\ WebApiPhaseBuilder.swift /Users/delaxstudio/src/shigodeki/iOS/shigodeki/Services/WebApiPhaseBuilder.swift (in target 'shigodeki' from project 'shigodeki')

SwiftCompile normal arm64 /Users/delaxstudio/src/shigodeki/iOS/shigodeki/Services/WebApiPhaseBuilder.swift (in target 'shigodeki' from project 'shigodeki')
    cd /Users/delaxstudio/src/shigodeki/iOS
    

SwiftDriverJobDiscovery normal arm64 Compiling FamilyStateService.swift (in target 'shigodeki' from project 'shigodeki')

SwiftCompile normal arm64 Compiling\ FamilyInitializationService.swift,\ FamilyOperationService.swift /Users/delaxstudio/src/shigodeki/iOS/shigodeki/Services/FamilyInitializationService.swift /Users/delaxstudio/src/shigodeki/iOS/shigodeki/Services/FamilyOperationService.swift (in target 'shigodeki' from project 'shigodeki')

SwiftCompile normal arm64 /Users/delaxstudio/src/shigodeki/iOS/shigodeki/Services/FamilyInitializationService.swift (in target 'shigodeki' from project 'shigodeki')
    cd /Users/delaxstudio/src/shigodeki/iOS
    

SwiftCompile normal arm64 /Users/delaxstudio/src/shigodeki/iOS/shigodeki/Services/FamilyOperationService.swift (in target 'shigodeki' from project 'shigodeki')
    cd /Users/delaxstudio/src/shigodeki/iOS
    

SwiftDriverJobDiscovery normal x86_64 Compiling FamilyInitializationService.swift (in target 'shigodeki' from project 'shigodeki')

SwiftCompile normal x86_64 Compiling\ EducationTemplates.swift /Users/delaxstudio/src/shigodeki/iOS/shigodeki/Services/EducationTemplates.swift (in target 'shigodeki' from project 'shigodeki')

SwiftCompile normal x86_64 /Users/delaxstudio/src/shigodeki/iOS/shigodeki/Services/EducationTemplates.swift (in target 'shigodeki' from project 'shigodeki')
    cd /Users/delaxstudio/src/shigodeki/iOS
    

SwiftDriverJobDiscovery normal arm64 Compiling WebApiTemplateService.swift (in target 'shigodeki' from project 'shigodeki')

SwiftCompile normal x86_64 Compiling\ FamilyStateService.swift /Users/delaxstudio/src/shigodeki/iOS/shigodeki/Services/FamilyStateService.swift (in target 'shigodeki' from project 'shigodeki')

SwiftCompile normal x86_64 /Users/delaxstudio/src/shigodeki/iOS/shigodeki/Services/FamilyStateService.swift (in target 'shigodeki' from project 'shigodeki')
    cd /Users/delaxstudio/src/shigodeki/iOS
    

SwiftDriverJobDiscovery normal x86_64 Compiling FamilyOperationService.swift (in target 'shigodeki' from project 'shigodeki')

SwiftCompile normal arm64 Compiling\ SyncQueue.swift /Users/delaxstudio/src/shigodeki/iOS/shigodeki/Utilities/SyncQueue.swift (in target 'shigodeki' from project 'shigodeki')

SwiftCompile normal arm64 /Users/delaxstudio/src/shigodeki/iOS/shigodeki/Utilities/SyncQueue.swift (in target 'shigodeki' from project 'shigodeki')
    cd /Users/delaxstudio/src/shigodeki/iOS
    

SwiftDriverJobDiscovery normal x86_64 Compiling ScrollToTopSupport.swift, SectionPickerView.swift, SharedManagerStore.swift, TagChip.swift, TagDisplayView.swift, TagInputComponents.swift, TaskAddModal.swift, TaskAIAssistantComponents.swift, TaskAIGenerationViews.swift, TaskAIModeComponents.swift, TaskAIStatusComponents.swift, TaskDetailComponents.swift, TaskImprovementStateViews.swift, TaskImprovementSuggestionComponents.swift, TaskQuickActions.swift, TasksPreview.swift, TemplateCustomizationComponents.swift (in target 'shigodeki' from project 'shigodeki')

SwiftCompile normal x86_64 Compiling\ DashboardView.swift,\ DocumentPickerView.swift,\ EditTagView.swift,\ FamilyDetailView.swift,\ FamilyView.swift,\ HomeHubView.swift,\ InviteCodeView.swift,\ JoinFamilyView.swift,\ LoginView.swift,\ MainTabView.swift,\ MemberDetailView.swift,\ PhaseListView.swift,\ PhaseRowView.swift,\ PhaseTaskDetailSections.swift,\ PhaseTaskDetailView.swift,\ PhaseTaskListView.swift,\ PhaseTaskView.swift /Users/delaxstudio/src/shigodeki/iOS/shigodeki/Views/DashboardView.swift /Users/delaxstudio/src/shigodeki/iOS/shigodeki/Views/DocumentPickerView.swift /Users/delaxstudio/src/shigodeki/iOS/shigodeki/Views/EditTagView.swift /Users/delaxstudio/src/shigodeki/iOS/shigodeki/Views/FamilyDetailView.swift /Users/delaxstudio/src/shigodeki/iOS/shigodeki/Views/FamilyView.swift /Users/delaxstudio/src/shigodeki/iOS/shigodeki/Views/HomeHubView.swift /Users/delaxstudio/src/shigodeki/iOS/shigodeki/Views/InviteCodeView.swift /Users/delaxstudio/src/shigodeki/iOS/shigodeki/Views/JoinFamilyView.swift /Users/delaxstudio/src/shigodeki/iOS/shigodeki/Views/LoginView.swift /Users/delaxstudio/src/shigodeki/iOS/shigodeki/Views/MainTabView.swift /Users/delaxstudio/src/shigodeki/iOS/shigodeki/Views/MemberDetailView.swift /Users/delaxstudio/src/shigodeki/iOS/shigodeki/Views/PhaseListView.swift /Users/delaxstudio/src/shigodeki/iOS/shigodeki/Views/PhaseRowView.swift /Users/delaxstudio/src/shigodeki/iOS/shigodeki/Views/PhaseTaskDetailSections.swift /Users/delaxstudio/src/shigodeki/iOS/shigodeki/Views/PhaseTaskDetailView.swift /Users/delaxstudio/src/shigodeki/iOS/shigodeki/Views/PhaseTaskListView.swift /Users/delaxstudio/src/shigodeki/iOS/shigodeki/Views/PhaseTaskView.swift (in target 'shigodeki' from project 'shigodeki')
SwiftCompile normal x86_64 /Users/delaxstudio/src/shigodeki/iOS/shigodeki/Views/DashboardView.swift (in target 'shigodeki' from project 'shigodeki')
    cd /Users/delaxstudio/src/shigodeki/iOS
    
/Users/delaxstudio/src/shigodeki/iOS/shigodeki/ViewModels/DashboardViewModel.swift:29:45: warning: main actor-isolated static property 'shared' can not be referenced from a nonisolated context; this is an error in the Swift 6 language mode
    init(sharedStore: SharedManagerStore = .shared) {
                                            ^
/Users/delaxstudio/src/shigodeki/iOS/shigodeki/Components/SharedManagerStore.swift:20:16: note: static property declared here
    static let shared = SharedManagerStore()
               ^

SwiftCompile normal x86_64 /Users/delaxstudio/src/shigodeki/iOS/shigodeki/Views/DocumentPickerView.swift (in target 'shigodeki' from project 'shigodeki')
    cd /Users/delaxstudio/src/shigodeki/iOS
    

SwiftCompile normal x86_64 /Users/delaxstudio/src/shigodeki/iOS/shigodeki/Views/EditTagView.swift (in target 'shigodeki' from project 'shigodeki')
    cd /Users/delaxstudio/src/shigodeki/iOS
    

SwiftCompile normal x86_64 /Users/delaxstudio/src/shigodeki/iOS/shigodeki/Views/FamilyDetailView.swift (in target 'shigodeki' from project 'shigodeki')
    cd /Users/delaxstudio/src/shigodeki/iOS
    

SwiftCompile normal x86_64 /Users/delaxstudio/src/shigodeki/iOS/shigodeki/Views/FamilyView.swift (in target 'shigodeki' from project 'shigodeki')
    cd /Users/delaxstudio/src/shigodeki/iOS
    

SwiftCompile normal x86_64 /Users/delaxstudio/src/shigodeki/iOS/shigodeki/Views/HomeHubView.swift (in target 'shigodeki' from project 'shigodeki')
    cd /Users/delaxstudio/src/shigodeki/iOS
    

SwiftCompile normal x86_64 /Users/delaxstudio/src/shigodeki/iOS/shigodeki/Views/InviteCodeView.swift (in target 'shigodeki' from project 'shigodeki')
    cd /Users/delaxstudio/src/shigodeki/iOS
    

SwiftCompile normal x86_64 /Users/delaxstudio/src/shigodeki/iOS/shigodeki/Views/JoinFamilyView.swift (in target 'shigodeki' from project 'shigodeki')
    cd /Users/delaxstudio/src/shigodeki/iOS
    

SwiftCompile normal x86_64 /Users/delaxstudio/src/shigodeki/iOS/shigodeki/Views/LoginView.swift (in target 'shigodeki' from project 'shigodeki')
    cd /Users/delaxstudio/src/shigodeki/iOS
    

SwiftCompile normal x86_64 /Users/delaxstudio/src/shigodeki/iOS/shigodeki/Views/MainTabView.swift (in target 'shigodeki' from project 'shigodeki')
    cd /Users/delaxstudio/src/shigodeki/iOS
    

SwiftCompile normal x86_64 /Users/delaxstudio/src/shigodeki/iOS/shigodeki/Views/MemberDetailView.swift (in target 'shigodeki' from project 'shigodeki')
    cd /Users/delaxstudio/src/shigodeki/iOS
    
/Users/delaxstudio/src/shigodeki/iOS/shigodeki/Views/MemberDetailView.swift:31:21: warning: 'init(isActive:destination:label:)' was deprecated in iOS 16.0: use NavigationLink(value:label:), or navigationDestination(isPresented:destination:), inside a NavigationStack or NavigationSplitView
                    NavigationLink(isActive: Binding(
                    ^
/Users/delaxstudio/src/shigodeki/iOS/shigodeki/Views/MemberDetailView.swift:41:17: warning: 'init(isActive:destination:label:)' was deprecated in iOS 16.0: use NavigationLink(value:label:), or navigationDestination(isPresented:destination:), inside a NavigationStack or NavigationSplitView
                NavigationLink(isActive: Binding(
                ^

SwiftCompile normal x86_64 /Users/delaxstudio/src/shigodeki/iOS/shigodeki/Views/PhaseListView.swift (in target 'shigodeki' from project 'shigodeki')
    cd /Users/delaxstudio/src/shigodeki/iOS
    
/Users/delaxstudio/src/shigodeki/iOS/shigodeki/Views/PhaseListView.swift:64:17: warning: 'init(isActive:destination:label:)' was deprecated in iOS 16.0: use NavigationLink(value:label:), or navigationDestination(isPresented:destination:), inside a NavigationStack or NavigationSplitView
                NavigationLink(
                ^

SwiftCompile normal x86_64 /Users/delaxstudio/src/shigodeki/iOS/shigodeki/Views/PhaseRowView.swift (in target 'shigodeki' from project 'shigodeki')
    cd /Users/delaxstudio/src/shigodeki/iOS
    

SwiftCompile normal x86_64 /Users/delaxstudio/src/shigodeki/iOS/shigodeki/Views/PhaseTaskDetailSections.swift (in target 'shigodeki' from project 'shigodeki')
    cd /Users/delaxstudio/src/shigodeki/iOS
    

SwiftCompile normal x86_64 /Users/delaxstudio/src/shigodeki/iOS/shigodeki/Views/PhaseTaskDetailView.swift (in target 'shigodeki' from project 'shigodeki')
    cd /Users/delaxstudio/src/shigodeki/iOS
    

SwiftCompile normal x86_64 /Users/delaxstudio/src/shigodeki/iOS/shigodeki/Views/PhaseTaskListView.swift (in target 'shigodeki' from project 'shigodeki')
    cd /Users/delaxstudio/src/shigodeki/iOS
    

SwiftCompile normal x86_64 /Users/delaxstudio/src/shigodeki/iOS/shigodeki/Views/PhaseTaskView.swift (in target 'shigodeki' from project 'shigodeki')
    cd /Users/delaxstudio/src/shigodeki/iOS
    
/Users/delaxstudio/src/shigodeki/iOS/shigodeki/Views/PhaseTaskView.swift:44:13: warning: 'init(isActive:destination:label:)' was deprecated in iOS 16.0: use NavigationLink(value:label:), or navigationDestination(isPresented:destination:), inside a NavigationStack or NavigationSplitView
            NavigationLink(isActive: Binding(get: { selectedTaskId != nil }, set: { if !$0 { selectedTaskId = nil } })) {
            ^

SwiftDriverJobDiscovery normal arm64 Compiling ProjectSummaryMetrics.swift, ProjectTemplate.swift, Subtask.swift, Task.swift, TaskList.swift, TaskTag.swift, TemplateCategoryExtensions.swift, TemplateLegacySupport.swift, User.swift, FamilyRepository.swift, FirestoreFamilyRepository.swift, AIDraftMapper.swift, DashboardDataService.swift, DraftSaveFacade.swift, TaskDraftSource.swift, KPIDataSource.swift (in target 'shigodeki' from project 'shigodeki')

SwiftCompile normal arm64 Compiling\ AIPromptTemplate.swift,\ AITaskPromptBuilder.swift,\ AITaskSuggestionParser.swift,\ ClaudeClient.swift,\ GeminiClient.swift,\ OpenAIClient.swift,\ AccessibilityComponents.swift,\ AccessibilityFocusManager.swift,\ AccessibilitySystem.swift,\ AnimationSystem.swift,\ AssigneeSectionView.swift,\ AuthDebugComponents.swift,\ AuthHelperViews.swift,\ AuthStatusComponents.swift,\ AuthTestComponents.swift,\ AuthTestControls.swift,\ BreadcrumbBar.swift /Users/delaxstudio/src/shigodeki/iOS/shigodeki/AI/AIPromptTemplate.swift /Users/delaxstudio/src/shigodeki/iOS/shigodeki/AI/AITaskPromptBuilder.swift /Users/delaxstudio/src/shigodeki/iOS/shigodeki/AI/AITaskSuggestionParser.swift /Users/delaxstudio/src/shigodeki/iOS/shigodeki/AI/ClaudeClient.swift /Users/delaxstudio/src/shigodeki/iOS/shigodeki/AI/GeminiClient.swift /Users/delaxstudio/src/shigodeki/iOS/shigodeki/AI/OpenAIClient.swift /Users/delaxstudio/src/shigodeki/iOS/shigodeki/Components/AccessibilityComponents.swift /Users/delaxstudio/src/shigodeki/iOS/shigodeki/Components/AccessibilityFocusManager.swift /Users/delaxstudio/src/shigodeki/iOS/shigodeki/Components/AccessibilitySystem.swift /Users/delaxstudio/src/shigodeki/iOS/shigodeki/Components/AnimationSystem.swift /Users/delaxstudio/src/shigodeki/iOS/shigodeki/Components/AssigneeSectionView.swift /Users/delaxstudio/src/shigodeki/iOS/shigodeki/Components/AuthDebugComponents.swift /Users/delaxstudio/src/shigodeki/iOS/shigodeki/Components/AuthHelperViews.swift /Users/delaxstudio/src/shigodeki/iOS/shigodeki/Components/AuthStatusComponents.swift /Users/delaxstudio/src/shigodeki/iOS/shigodeki/Components/AuthTestComponents.swift /Users/delaxstudio/src/shigodeki/iOS/shigodeki/Components/AuthTestControls.swift /Users/delaxstudio/src/shigodeki/iOS/shigodeki/Components/BreadcrumbBar.swift (in target 'shigodeki' from project 'shigodeki')

SwiftCompile normal arm64 /Users/delaxstudio/src/shigodeki/iOS/shigodeki/AI/AIPromptTemplate.swift (in target 'shigodeki' from project 'shigodeki')
    cd /Users/delaxstudio/src/shigodeki/iOS
    

SwiftCompile normal arm64 /Users/delaxstudio/src/shigodeki/iOS/shigodeki/AI/AITaskPromptBuilder.swift (in target 'shigodeki' from project 'shigodeki')
    cd /Users/delaxstudio/src/shigodeki/iOS
    

SwiftCompile normal arm64 /Users/delaxstudio/src/shigodeki/iOS/shigodeki/AI/AITaskSuggestionParser.swift (in target 'shigodeki' from project 'shigodeki')
    cd /Users/delaxstudio/src/shigodeki/iOS
    

SwiftCompile normal arm64 /Users/delaxstudio/src/shigodeki/iOS/shigodeki/AI/ClaudeClient.swift (in target 'shigodeki' from project 'shigodeki')
    cd /Users/delaxstudio/src/shigodeki/iOS
    

SwiftCompile normal arm64 /Users/delaxstudio/src/shigodeki/iOS/shigodeki/AI/GeminiClient.swift (in target 'shigodeki' from project 'shigodeki')
    cd /Users/delaxstudio/src/shigodeki/iOS
    

SwiftCompile normal arm64 /Users/delaxstudio/src/shigodeki/iOS/shigodeki/AI/OpenAIClient.swift (in target 'shigodeki' from project 'shigodeki')
    cd /Users/delaxstudio/src/shigodeki/iOS
    

SwiftCompile normal arm64 /Users/delaxstudio/src/shigodeki/iOS/shigodeki/Components/AccessibilityComponents.swift (in target 'shigodeki' from project 'shigodeki')
    cd /Users/delaxstudio/src/shigodeki/iOS
    

SwiftCompile normal arm64 /Users/delaxstudio/src/shigodeki/iOS/shigodeki/Components/AccessibilityFocusManager.swift (in target 'shigodeki' from project 'shigodeki')
    cd /Users/delaxstudio/src/shigodeki/iOS
    

SwiftCompile normal arm64 /Users/delaxstudio/src/shigodeki/iOS/shigodeki/Components/AccessibilitySystem.swift (in target 'shigodeki' from project 'shigodeki')
    cd /Users/delaxstudio/src/shigodeki/iOS
    

SwiftCompile normal arm64 /Users/delaxstudio/src/shigodeki/iOS/shigodeki/Components/AnimationSystem.swift (in target 'shigodeki' from project 'shigodeki')
    cd /Users/delaxstudio/src/shigodeki/iOS
    

SwiftCompile normal arm64 /Users/delaxstudio/src/shigodeki/iOS/shigodeki/Components/AssigneeSectionView.swift (in target 'shigodeki' from project 'shigodeki')
    cd /Users/delaxstudio/src/shigodeki/iOS
    

SwiftCompile normal arm64 /Users/delaxstudio/src/shigodeki/iOS/shigodeki/Components/AuthDebugComponents.swift (in target 'shigodeki' from project 'shigodeki')
    cd /Users/delaxstudio/src/shigodeki/iOS
    

SwiftCompile normal arm64 /Users/delaxstudio/src/shigodeki/iOS/shigodeki/Components/AuthHelperViews.swift (in target 'shigodeki' from project 'shigodeki')
    cd /Users/delaxstudio/src/shigodeki/iOS
    

SwiftCompile normal arm64 /Users/delaxstudio/src/shigodeki/iOS/shigodeki/Components/AuthStatusComponents.swift (in target 'shigodeki' from project 'shigodeki')
    cd /Users/delaxstudio/src/shigodeki/iOS
    

SwiftCompile normal arm64 /Users/delaxstudio/src/shigodeki/iOS/shigodeki/Components/AuthTestComponents.swift (in target 'shigodeki' from project 'shigodeki')
    cd /Users/delaxstudio/src/shigodeki/iOS
    

SwiftCompile normal arm64 /Users/delaxstudio/src/shigodeki/iOS/shigodeki/Components/AuthTestControls.swift (in target 'shigodeki' from project 'shigodeki')
    cd /Users/delaxstudio/src/shigodeki/iOS
    

SwiftCompile normal arm64 /Users/delaxstudio/src/shigodeki/iOS/shigodeki/Components/BreadcrumbBar.swift (in target 'shigodeki' from project 'shigodeki')
    cd /Users/delaxstudio/src/shigodeki/iOS
    

SwiftDriverJobDiscovery normal arm64 Compiling WebApiPhaseBuilder.swift (in target 'shigodeki' from project 'shigodeki')

SwiftCompile normal arm64 Compiling\ ListenerCreationService.swift /Users/delaxstudio/src/shigodeki/iOS/shigodeki/Services/ListenerCreationService.swift (in target 'shigodeki' from project 'shigodeki')

SwiftCompile normal arm64 /Users/delaxstudio/src/shigodeki/iOS/shigodeki/Services/ListenerCreationService.swift (in target 'shigodeki' from project 'shigodeki')
    cd /Users/delaxstudio/src/shigodeki/iOS
    

SwiftDriverJobDiscovery normal arm64 Compiling TaskQuickActions.swift, TasksPreview.swift, TemplateCustomizationComponents.swift, TemplateEditorComponents.swift, TemplateHeaderComponents.swift, TemplatePreviewComponents.swift, VoiceOverExtensions.swift, ZoomableView.swift, Phase2PerformanceValidationView.swift, DIContainer.swift, DateFormatter+Extensions.swift, AIStateManager.swift, AuthenticationManager.swift, EnhancedTaskManager.swift, FamilyCreationService.swift, FamilyInvitationService.swift (in target 'shigodeki' from project 'shigodeki')

SwiftCompile normal arm64 Compiling\ TemplateValidation.swift /Users/delaxstudio/src/shigodeki/iOS/shigodeki/Services/TemplateValidation.swift (in target 'shigodeki' from project 'shigodeki')

SwiftCompile normal arm64 /Users/delaxstudio/src/shigodeki/iOS/shigodeki/Services/TemplateValidation.swift (in target 'shigodeki' from project 'shigodeki')
    cd /Users/delaxstudio/src/shigodeki/iOS
    

SwiftDriverJobDiscovery normal arm64 Compiling RemoteConfigGate.swift (in target 'shigodeki' from project 'shigodeki')

SwiftCompile normal arm64 Compiling\ InviteCodeSpec.swift,\ LifestyleTemplates.swift /Users/delaxstudio/src/shigodeki/iOS/shigodeki/Services/InviteCodeSpec.swift /Users/delaxstudio/src/shigodeki/iOS/shigodeki/Services/LifestyleTemplates.swift (in target 'shigodeki' from project 'shigodeki')

SwiftCompile normal arm64 /Users/delaxstudio/src/shigodeki/iOS/shigodeki/Services/InviteCodeSpec.swift (in target 'shigodeki' from project 'shigodeki')
    cd /Users/delaxstudio/src/shigodeki/iOS
    

SwiftCompile normal arm64 /Users/delaxstudio/src/shigodeki/iOS/shigodeki/Services/LifestyleTemplates.swift (in target 'shigodeki' from project 'shigodeki')
    cd /Users/delaxstudio/src/shigodeki/iOS
    

SwiftDriverJobDiscovery normal x86_64 Compiling FamilyStateService.swift (in target 'shigodeki' from project 'shigodeki')

SwiftCompile normal arm64 Compiling\ SubtaskManager.swift,\ TagManager.swift,\ TaskListManager.swift,\ TaskManager.swift,\ TaskOrderingManager.swift,\ TemplateManager.swift,\ AnalysisType.swift,\ Entitlements.swift,\ ExtractedTask.swift,\ Family.swift,\ KPIModels.swift,\ ModelRelationships.swift,\ Phase.swift,\ PhaseSection.swift,\ Project.swift,\ ProjectInvitation.swift /Users/delaxstudio/src/shigodeki/iOS/shigodeki/Managers/SubtaskManager.swift /Users/delaxstudio/src/shigodeki/iOS/shigodeki/Managers/TagManager.swift /Users/delaxstudio/src/shigodeki/iOS/shigodeki/Managers/TaskListManager.swift /Users/delaxstudio/src/shigodeki/iOS/shigodeki/Managers/TaskManager.swift /Users/delaxstudio/src/shigodeki/iOS/shigodeki/Managers/TaskOrderingManager.swift /Users/delaxstudio/src/shigodeki/iOS/shigodeki/Managers/TemplateManager.swift /Users/delaxstudio/src/shigodeki/iOS/shigodeki/Models/AnalysisType.swift /Users/delaxstudio/src/shigodeki/iOS/shigodeki/Models/Entitlements.swift /Users/delaxstudio/src/shigodeki/iOS/shigodeki/Models/ExtractedTask.swift /Users/delaxstudio/src/shigodeki/iOS/shigodeki/Models/Family.swift /Users/delaxstudio/src/shigodeki/iOS/shigodeki/Models/KPIModels.swift /Users/delaxstudio/src/shigodeki/iOS/shigodeki/Models/ModelRelationships.swift /Users/delaxstudio/src/shigodeki/iOS/shigodeki/Models/Phase.swift /Users/delaxstudio/src/shigodeki/iOS/shigodeki/Models/PhaseSection.swift /Users/delaxstudio/src/shigodeki/iOS/shigodeki/Models/Project.swift /Users/delaxstudio/src/shigodeki/iOS/shigodeki/Models/ProjectInvitation.swift (in target 'shigodeki' from project 'shigodeki')

SwiftCompile normal arm64 /Users/delaxstudio/src/shigodeki/iOS/shigodeki/Managers/SubtaskManager.swift (in target 'shigodeki' from project 'shigodeki')
    cd /Users/delaxstudio/src/shigodeki/iOS
    

SwiftCompile normal arm64 /Users/delaxstudio/src/shigodeki/iOS/shigodeki/Managers/TagManager.swift (in target 'shigodeki' from project 'shigodeki')
    cd /Users/delaxstudio/src/shigodeki/iOS
    

SwiftCompile normal arm64 /Users/delaxstudio/src/shigodeki/iOS/shigodeki/Managers/TaskListManager.swift (in target 'shigodeki' from project 'shigodeki')
    cd /Users/delaxstudio/src/shigodeki/iOS
    

SwiftCompile normal arm64 /Users/delaxstudio/src/shigodeki/iOS/shigodeki/Managers/TaskManager.swift (in target 'shigodeki' from project 'shigodeki')
    cd /Users/delaxstudio/src/shigodeki/iOS
    

SwiftCompile normal arm64 /Users/delaxstudio/src/shigodeki/iOS/shigodeki/Managers/TaskOrderingManager.swift (in target 'shigodeki' from project 'shigodeki')
    cd /Users/delaxstudio/src/shigodeki/iOS
    

SwiftCompile normal arm64 /Users/delaxstudio/src/shigodeki/iOS/shigodeki/Managers/TemplateManager.swift (in target 'shigodeki' from project 'shigodeki')
    cd /Users/delaxstudio/src/shigodeki/iOS
    

SwiftCompile normal arm64 /Users/delaxstudio/src/shigodeki/iOS/shigodeki/Models/AnalysisType.swift (in target 'shigodeki' from project 'shigodeki')
    cd /Users/delaxstudio/src/shigodeki/iOS
    

SwiftCompile normal arm64 /Users/delaxstudio/src/shigodeki/iOS/shigodeki/Models/Entitlements.swift (in target 'shigodeki' from project 'shigodeki')
    cd /Users/delaxstudio/src/shigodeki/iOS
    

SwiftCompile normal arm64 /Users/delaxstudio/src/shigodeki/iOS/shigodeki/Models/ExtractedTask.swift (in target 'shigodeki' from project 'shigodeki')
    cd /Users/delaxstudio/src/shigodeki/iOS
    

SwiftCompile normal arm64 /Users/delaxstudio/src/shigodeki/iOS/shigodeki/Models/Family.swift (in target 'shigodeki' from project 'shigodeki')
    cd /Users/delaxstudio/src/shigodeki/iOS
    

SwiftCompile normal arm64 /Users/delaxstudio/src/shigodeki/iOS/shigodeki/Models/KPIModels.swift (in target 'shigodeki' from project 'shigodeki')
    cd /Users/delaxstudio/src/shigodeki/iOS
    

SwiftCompile normal arm64 /Users/delaxstudio/src/shigodeki/iOS/shigodeki/Models/ModelRelationships.swift (in target 'shigodeki' from project 'shigodeki')
    cd /Users/delaxstudio/src/shigodeki/iOS
    

SwiftCompile normal arm64 /Users/delaxstudio/src/shigodeki/iOS/shigodeki/Models/Phase.swift (in target 'shigodeki' from project 'shigodeki')
    cd /Users/delaxstudio/src/shigodeki/iOS
    

SwiftCompile normal arm64 /Users/delaxstudio/src/shigodeki/iOS/shigodeki/Models/PhaseSection.swift (in target 'shigodeki' from project 'shigodeki')
    cd /Users/delaxstudio/src/shigodeki/iOS
    

SwiftCompile normal arm64 /Users/delaxstudio/src/shigodeki/iOS/shigodeki/Models/Project.swift (in target 'shigodeki' from project 'shigodeki')
    cd /Users/delaxstudio/src/shigodeki/iOS
    

SwiftCompile normal arm64 /Users/delaxstudio/src/shigodeki/iOS/shigodeki/Models/ProjectInvitation.swift (in target 'shigodeki' from project 'shigodeki')
    cd /Users/delaxstudio/src/shigodeki/iOS
    

SwiftDriverJobDiscovery normal x86_64 Compiling EducationTemplates.swift (in target 'shigodeki' from project 'shigodeki')

SwiftCompile normal arm64 Compiling\ EditTagView.swift,\ FamilyDetailView.swift,\ FamilyView.swift,\ HomeHubView.swift,\ InviteCodeView.swift,\ JoinFamilyView.swift,\ LoginView.swift,\ MainTabView.swift,\ MemberDetailView.swift,\ PhaseListView.swift,\ PhaseRowView.swift,\ PhaseTaskDetailSections.swift,\ PhaseTaskDetailView.swift,\ PhaseTaskListView.swift,\ PhaseTaskView.swift,\ PhaseTaskViewComponents.swift /Users/delaxstudio/src/shigodeki/iOS/shigodeki/Views/EditTagView.swift /Users/delaxstudio/src/shigodeki/iOS/shigodeki/Views/FamilyDetailView.swift /Users/delaxstudio/src/shigodeki/iOS/shigodeki/Views/FamilyView.swift /Users/delaxstudio/src/shigodeki/iOS/shigodeki/Views/HomeHubView.swift /Users/delaxstudio/src/shigodeki/iOS/shigodeki/Views/InviteCodeView.swift /Users/delaxstudio/src/shigodeki/iOS/shigodeki/Views/JoinFamilyView.swift /Users/delaxstudio/src/shigodeki/iOS/shigodeki/Views/LoginView.swift /Users/delaxstudio/src/shigodeki/iOS/shigodeki/Views/MainTabView.swift /Users/delaxstudio/src/shigodeki/iOS/shigodeki/Views/MemberDetailView.swift /Users/delaxstudio/src/shigodeki/iOS/shigodeki/Views/PhaseListView.swift /Users/delaxstudio/src/shigodeki/iOS/shigodeki/Views/PhaseRowView.swift /Users/delaxstudio/src/shigodeki/iOS/shigodeki/Views/PhaseTaskDetailSections.swift /Users/delaxstudio/src/shigodeki/iOS/shigodeki/Views/PhaseTaskDetailView.swift /Users/delaxstudio/src/shigodeki/iOS/shigodeki/Views/PhaseTaskListView.swift /Users/delaxstudio/src/shigodeki/iOS/shigodeki/Views/PhaseTaskView.swift /Users/delaxstudio/src/shigodeki/iOS/shigodeki/Views/PhaseTaskViewComponents.swift (in target 'shigodeki' from project 'shigodeki')

SwiftCompile normal arm64 /Users/delaxstudio/src/shigodeki/iOS/shigodeki/Views/EditTagView.swift (in target 'shigodeki' from project 'shigodeki')
    cd /Users/delaxstudio/src/shigodeki/iOS
    

SwiftCompile normal arm64 /Users/delaxstudio/src/shigodeki/iOS/shigodeki/Views/FamilyDetailView.swift (in target 'shigodeki' from project 'shigodeki')
    cd /Users/delaxstudio/src/shigodeki/iOS
    

SwiftCompile normal arm64 /Users/delaxstudio/src/shigodeki/iOS/shigodeki/Views/FamilyView.swift (in target 'shigodeki' from project 'shigodeki')
    cd /Users/delaxstudio/src/shigodeki/iOS
    

SwiftCompile normal arm64 /Users/delaxstudio/src/shigodeki/iOS/shigodeki/Views/HomeHubView.swift (in target 'shigodeki' from project 'shigodeki')
    cd /Users/delaxstudio/src/shigodeki/iOS
    

SwiftCompile normal arm64 /Users/delaxstudio/src/shigodeki/iOS/shigodeki/Views/InviteCodeView.swift (in target 'shigodeki' from project 'shigodeki')
    cd /Users/delaxstudio/src/shigodeki/iOS
    

SwiftCompile normal arm64 /Users/delaxstudio/src/shigodeki/iOS/shigodeki/Views/JoinFamilyView.swift (in target 'shigodeki' from project 'shigodeki')
    cd /Users/delaxstudio/src/shigodeki/iOS
    

SwiftCompile normal arm64 /Users/delaxstudio/src/shigodeki/iOS/shigodeki/Views/LoginView.swift (in target 'shigodeki' from project 'shigodeki')
    cd /Users/delaxstudio/src/shigodeki/iOS
    

SwiftCompile normal arm64 /Users/delaxstudio/src/shigodeki/iOS/shigodeki/Views/MainTabView.swift (in target 'shigodeki' from project 'shigodeki')
    cd /Users/delaxstudio/src/shigodeki/iOS
    

SwiftCompile normal arm64 /Users/delaxstudio/src/shigodeki/iOS/shigodeki/Views/MemberDetailView.swift (in target 'shigodeki' from project 'shigodeki')
    cd /Users/delaxstudio/src/shigodeki/iOS
    
/Users/delaxstudio/src/shigodeki/iOS/shigodeki/Views/MemberDetailView.swift:31:21: warning: 'init(isActive:destination:label:)' was deprecated in iOS 16.0: use NavigationLink(value:label:), or navigationDestination(isPresented:destination:), inside a NavigationStack or NavigationSplitView
                    NavigationLink(isActive: Binding(
                    ^
/Users/delaxstudio/src/shigodeki/iOS/shigodeki/Views/MemberDetailView.swift:41:17: warning: 'init(isActive:destination:label:)' was deprecated in iOS 16.0: use NavigationLink(value:label:), or navigationDestination(isPresented:destination:), inside a NavigationStack or NavigationSplitView
                NavigationLink(isActive: Binding(
                ^

SwiftCompile normal arm64 /Users/delaxstudio/src/shigodeki/iOS/shigodeki/Views/PhaseListView.swift (in target 'shigodeki' from project 'shigodeki')
    cd /Users/delaxstudio/src/shigodeki/iOS
    
/Users/delaxstudio/src/shigodeki/iOS/shigodeki/Views/PhaseListView.swift:64:17: warning: 'init(isActive:destination:label:)' was deprecated in iOS 16.0: use NavigationLink(value:label:), or navigationDestination(isPresented:destination:), inside a NavigationStack or NavigationSplitView
                NavigationLink(
                ^

SwiftCompile normal arm64 /Users/delaxstudio/src/shigodeki/iOS/shigodeki/Views/PhaseRowView.swift (in target 'shigodeki' from project 'shigodeki')
    cd /Users/delaxstudio/src/shigodeki/iOS
    

SwiftCompile normal arm64 /Users/delaxstudio/src/shigodeki/iOS/shigodeki/Views/PhaseTaskDetailSections.swift (in target 'shigodeki' from project 'shigodeki')
    cd /Users/delaxstudio/src/shigodeki/iOS
    

SwiftCompile normal arm64 /Users/delaxstudio/src/shigodeki/iOS/shigodeki/Views/PhaseTaskDetailView.swift (in target 'shigodeki' from project 'shigodeki')
    cd /Users/delaxstudio/src/shigodeki/iOS
    

SwiftCompile normal arm64 /Users/delaxstudio/src/shigodeki/iOS/shigodeki/Views/PhaseTaskListView.swift (in target 'shigodeki' from project 'shigodeki')
    cd /Users/delaxstudio/src/shigodeki/iOS
    

SwiftCompile normal arm64 /Users/delaxstudio/src/shigodeki/iOS/shigodeki/Views/PhaseTaskView.swift (in target 'shigodeki' from project 'shigodeki')
    cd /Users/delaxstudio/src/shigodeki/iOS
    
/Users/delaxstudio/src/shigodeki/iOS/shigodeki/Views/PhaseTaskView.swift:44:13: warning: 'init(isActive:destination:label:)' was deprecated in iOS 16.0: use NavigationLink(value:label:), or navigationDestination(isPresented:destination:), inside a NavigationStack or NavigationSplitView
            NavigationLink(isActive: Binding(get: { selectedTaskId != nil }, set: { if !$0 { selectedTaskId = nil } })) {
            ^

SwiftCompile normal arm64 /Users/delaxstudio/src/shigodeki/iOS/shigodeki/Views/PhaseTaskViewComponents.swift (in target 'shigodeki' from project 'shigodeki')
    cd /Users/delaxstudio/src/shigodeki/iOS
    

SwiftDriverJobDiscovery normal arm64 Compiling SyncQueue.swift (in target 'shigodeki' from project 'shigodeki')

SwiftCompile normal arm64 Compiling\ TaskDetailView.swift,\ TaskEditorView.swift,\ TaskImprovementSuggestionView.swift,\ TaskListDetailView.swift,\ TemplateFilePickerView.swift,\ TemplateLibraryComponents.swift,\ TemplateLibraryView.swift,\ TemplatePaywallView.swift,\ TemplatePreviewSections.swift,\ TemplatePreviewView.swift,\ TemplateValidationResultView.swift,\ shigodekiApp.swift,\ Item+CoreDataClass.swift,\ Item+CoreDataProperties.swift,\ shigodeki+CoreDataModel.swift,\ GeneratedAssetSymbols.swift /Users/delaxstudio/src/shigodeki/iOS/shigodeki/Views/TaskDetailView.swift /Users/delaxstudio/src/shigodeki/iOS/shigodeki/Views/TaskEditorView.swift /Users/delaxstudio/src/shigodeki/iOS/shigodeki/Views/TaskImprovementSuggestionView.swift /Users/delaxstudio/src/shigodeki/iOS/shigodeki/Views/TaskListDetailView.swift /Users/delaxstudio/src/shigodeki/iOS/shigodeki/Views/TemplateFilePickerView.swift /Users/delaxstudio/src/shigodeki/iOS/shigodeki/Views/TemplateLibraryComponents.swift /Users/delaxstudio/src/shigodeki/iOS/shigodeki/Views/TemplateLibraryView.swift /Users/delaxstudio/src/shigodeki/iOS/shigodeki/Views/TemplatePaywallView.swift /Users/delaxstudio/src/shigodeki/iOS/shigodeki/Views/TemplatePreviewSections.swift /Users/delaxstudio/src/shigodeki/iOS/shigodeki/Views/TemplatePreviewView.swift /Users/delaxstudio/src/shigodeki/iOS/shigodeki/Views/TemplateValidationResultView.swift /Users/delaxstudio/src/shigodeki/iOS/shigodeki/shigodekiApp.swift /Users/delaxstudio/Library/Developer/Xcode/DerivedData/shigodeki-fkaeotsqybievcdjwhonrrgqyvla/Build/Intermediates.noindex/shigodeki.build/Debug-iphonesimulator/shigodeki.build/DerivedSources/CoreDataGenerated/shigodeki/Item+CoreDataClass.swift /Users/delaxstudio/Library/Developer/Xcode/DerivedData/shigodeki-fkaeotsqybievcdjwhonrrgqyvla/Build/Intermediates.noindex/shigodeki.build/Debug-iphonesimulator/shigodeki.build/DerivedSources/CoreDataGenerated/shigodeki/Item+CoreDataProperties.swift /Users/delaxstudio/Library/Developer/Xcode/DerivedData/shigodeki-fkaeotsqybievcdjwhonrrgqyvla/Build/Intermediates.noindex/shigodeki.build/Debug-iphonesimulator/shigodeki.build/DerivedSources/CoreDataGenerated/shigodeki/shigodeki+CoreDataModel.swift /Users/delaxstudio/Library/Developer/Xcode/DerivedData/shigodeki-fkaeotsqybievcdjwhonrrgqyvla/Build/Intermediates.noindex/shigodeki.build/Debug-iphonesimulator/shigodeki.build/DerivedSources/GeneratedAssetSymbols.swift (in target 'shigodeki' from project 'shigodeki')

SwiftCompile normal arm64 /Users/delaxstudio/src/shigodeki/iOS/shigodeki/Views/TaskDetailView.swift (in target 'shigodeki' from project 'shigodeki')
    cd /Users/delaxstudio/src/shigodeki/iOS
    

SwiftCompile normal arm64 /Users/delaxstudio/src/shigodeki/iOS/shigodeki/Views/TaskEditorView.swift (in target 'shigodeki' from project 'shigodeki')
    cd /Users/delaxstudio/src/shigodeki/iOS
    

SwiftCompile normal arm64 /Users/delaxstudio/src/shigodeki/iOS/shigodeki/Views/TaskImprovementSuggestionView.swift (in target 'shigodeki' from project 'shigodeki')
    cd /Users/delaxstudio/src/shigodeki/iOS
    

SwiftCompile normal arm64 /Users/delaxstudio/src/shigodeki/iOS/shigodeki/Views/TaskListDetailView.swift (in target 'shigodeki' from project 'shigodeki')
    cd /Users/delaxstudio/src/shigodeki/iOS
    

SwiftCompile normal arm64 /Users/delaxstudio/src/shigodeki/iOS/shigodeki/Views/TemplateFilePickerView.swift (in target 'shigodeki' from project 'shigodeki')
    cd /Users/delaxstudio/src/shigodeki/iOS
    

SwiftCompile normal arm64 /Users/delaxstudio/src/shigodeki/iOS/shigodeki/Views/TemplateLibraryComponents.swift (in target 'shigodeki' from project 'shigodeki')
    cd /Users/delaxstudio/src/shigodeki/iOS
    

SwiftCompile normal arm64 /Users/delaxstudio/src/shigodeki/iOS/shigodeki/Views/TemplateLibraryView.swift (in target 'shigodeki' from project 'shigodeki')
    cd /Users/delaxstudio/src/shigodeki/iOS
    

SwiftCompile normal arm64 /Users/delaxstudio/src/shigodeki/iOS/shigodeki/Views/TemplatePaywallView.swift (in target 'shigodeki' from project 'shigodeki')
    cd /Users/delaxstudio/src/shigodeki/iOS
    

SwiftCompile normal arm64 /Users/delaxstudio/src/shigodeki/iOS/shigodeki/Views/TemplatePreviewSections.swift (in target 'shigodeki' from project 'shigodeki')
    cd /Users/delaxstudio/src/shigodeki/iOS
    

SwiftCompile normal arm64 /Users/delaxstudio/src/shigodeki/iOS/shigodeki/Views/TemplatePreviewView.swift (in target 'shigodeki' from project 'shigodeki')
    cd /Users/delaxstudio/src/shigodeki/iOS
    

SwiftCompile normal arm64 /Users/delaxstudio/src/shigodeki/iOS/shigodeki/Views/TemplateValidationResultView.swift (in target 'shigodeki' from project 'shigodeki')
    cd /Users/delaxstudio/src/shigodeki/iOS
    

SwiftCompile normal arm64 /Users/delaxstudio/src/shigodeki/iOS/shigodeki/shigodekiApp.swift (in target 'shigodeki' from project 'shigodeki')
    cd /Users/delaxstudio/src/shigodeki/iOS
    

SwiftCompile normal arm64 /Users/delaxstudio/Library/Developer/Xcode/DerivedData/shigodeki-fkaeotsqybievcdjwhonrrgqyvla/Build/Intermediates.noindex/shigodeki.build/Debug-iphonesimulator/shigodeki.build/DerivedSources/CoreDataGenerated/shigodeki/Item+CoreDataClass.swift (in target 'shigodeki' from project 'shigodeki')
    cd /Users/delaxstudio/src/shigodeki/iOS
    

SwiftCompile normal arm64 /Users/delaxstudio/Library/Developer/Xcode/DerivedData/shigodeki-fkaeotsqybievcdjwhonrrgqyvla/Build/Intermediates.noindex/shigodeki.build/Debug-iphonesimulator/shigodeki.build/DerivedSources/CoreDataGenerated/shigodeki/Item+CoreDataProperties.swift (in target 'shigodeki' from project 'shigodeki')
    cd /Users/delaxstudio/src/shigodeki/iOS
    

SwiftCompile normal arm64 /Users/delaxstudio/Library/Developer/Xcode/DerivedData/shigodeki-fkaeotsqybievcdjwhonrrgqyvla/Build/Intermediates.noindex/shigodeki.build/Debug-iphonesimulator/shigodeki.build/DerivedSources/CoreDataGenerated/shigodeki/shigodeki+CoreDataModel.swift (in target 'shigodeki' from project 'shigodeki')
    cd /Users/delaxstudio/src/shigodeki/iOS
    

SwiftCompile normal arm64 /Users/delaxstudio/Library/Developer/Xcode/DerivedData/shigodeki-fkaeotsqybievcdjwhonrrgqyvla/Build/Intermediates.noindex/shigodeki.build/Debug-iphonesimulator/shigodeki.build/DerivedSources/GeneratedAssetSymbols.swift (in target 'shigodeki' from project 'shigodeki')
    cd /Users/delaxstudio/src/shigodeki/iOS
    

SwiftDriverJobDiscovery normal arm64 Compiling ProjectListViewModel.swift, ProjectPhaseKPIViewModel.swift, ProjectPortfolioKPIViewModel.swift, TaskListDetailViewModel.swift, AIActionButtonsView.swift, AIConfigurationPromptView.swift, AIDetailResultView.swift, AIErrorView.swift, AIStatusIndicatorView.swift, AnalysisTypeCard.swift, ProjectAnalysisHeader.swift, ProjectBasicSection.swift, ProjectInfoSection.swift, ProjectInvitationSection.swift, ProjectOwnerSection.swift, TaskAISections.swift (in target 'shigodeki' from project 'shigodeki')

SwiftCompile normal x86_64 Compiling\ EventTemplates.swift /Users/delaxstudio/src/shigodeki/iOS/shigodeki/Services/EventTemplates.swift (in target 'shigodeki' from project 'shigodeki')

SwiftCompile normal x86_64 /Users/delaxstudio/src/shigodeki/iOS/shigodeki/Services/EventTemplates.swift (in target 'shigodeki' from project 'shigodeki')
    cd /Users/delaxstudio/src/shigodeki/iOS
    

SwiftDriverJobDiscovery normal arm64 Compiling FamilyInitializationService.swift, FamilyOperationService.swift (in target 'shigodeki' from project 'shigodeki')

SwiftCompile normal arm64 Compiling\ TemplateFilterService.swift,\ TemplateImportConversion.swift,\ TemplateImporter.swift,\ TemplateImportService.swift,\ TemplateImportValidation.swift,\ TemplateProcessingService.swift,\ TemplateStatisticsService.swift,\ Telemetry.swift,\ ToastCenter.swift,\ DashboardViewModel.swift,\ FamilyViewModel.swift,\ FamilyViewModelDI.swift,\ FamilyViewModelState.swift,\ PhaseTaskDetailViewModel.swift,\ PhaseTaskListViewModel.swift,\ ProjectDetailViewModel.swift /Users/delaxstudio/src/shigodeki/iOS/shigodeki/Services/TemplateFilterService.swift /Users/delaxstudio/src/shigodeki/iOS/shigodeki/Services/TemplateImportConversion.swift /Users/delaxstudio/src/shigodeki/iOS/shigodeki/Services/TemplateImporter.swift /Users/delaxstudio/src/shigodeki/iOS/shigodeki/Services/TemplateImportService.swift /Users/delaxstudio/src/shigodeki/iOS/shigodeki/Services/TemplateImportValidation.swift /Users/delaxstudio/src/shigodeki/iOS/shigodeki/Services/TemplateProcessingService.swift /Users/delaxstudio/src/shigodeki/iOS/shigodeki/Services/TemplateStatisticsService.swift /Users/delaxstudio/src/shigodeki/iOS/shigodeki/Utilities/Telemetry.swift /Users/delaxstudio/src/shigodeki/iOS/shigodeki/Utilities/ToastCenter.swift /Users/delaxstudio/src/shigodeki/iOS/shigodeki/ViewModels/DashboardViewModel.swift /Users/delaxstudio/src/shigodeki/iOS/shigodeki/ViewModels/FamilyViewModel.swift /Users/delaxstudio/src/shigodeki/iOS/shigodeki/ViewModels/FamilyViewModelDI.swift /Users/delaxstudio/src/shigodeki/iOS/shigodeki/ViewModels/FamilyViewModelState.swift /Users/delaxstudio/src/shigodeki/iOS/shigodeki/ViewModels/PhaseTaskDetailViewModel.swift /Users/delaxstudio/src/shigodeki/iOS/shigodeki/ViewModels/PhaseTaskListViewModel.swift /Users/delaxstudio/src/shigodeki/iOS/shigodeki/ViewModels/ProjectDetailViewModel.swift (in target 'shigodeki' from project 'shigodeki')

SwiftCompile normal arm64 /Users/delaxstudio/src/shigodeki/iOS/shigodeki/Services/TemplateFilterService.swift (in target 'shigodeki' from project 'shigodeki')
    cd /Users/delaxstudio/src/shigodeki/iOS
    

SwiftCompile normal arm64 /Users/delaxstudio/src/shigodeki/iOS/shigodeki/Services/TemplateImportConversion.swift (in target 'shigodeki' from project 'shigodeki')
    cd /Users/delaxstudio/src/shigodeki/iOS
    

SwiftCompile normal arm64 /Users/delaxstudio/src/shigodeki/iOS/shigodeki/Services/TemplateImporter.swift (in target 'shigodeki' from project 'shigodeki')
    cd /Users/delaxstudio/src/shigodeki/iOS
    

SwiftCompile normal arm64 /Users/delaxstudio/src/shigodeki/iOS/shigodeki/Services/TemplateImportService.swift (in target 'shigodeki' from project 'shigodeki')
    cd /Users/delaxstudio/src/shigodeki/iOS
    

SwiftCompile normal arm64 /Users/delaxstudio/src/shigodeki/iOS/shigodeki/Services/TemplateImportValidation.swift (in target 'shigodeki' from project 'shigodeki')
    cd /Users/delaxstudio/src/shigodeki/iOS
    

SwiftCompile normal arm64 /Users/delaxstudio/src/shigodeki/iOS/shigodeki/Services/TemplateProcessingService.swift (in target 'shigodeki' from project 'shigodeki')
    cd /Users/delaxstudio/src/shigodeki/iOS
    

SwiftCompile normal arm64 /Users/delaxstudio/src/shigodeki/iOS/shigodeki/Services/TemplateStatisticsService.swift (in target 'shigodeki' from project 'shigodeki')
    cd /Users/delaxstudio/src/shigodeki/iOS
    

SwiftCompile normal arm64 /Users/delaxstudio/src/shigodeki/iOS/shigodeki/Utilities/Telemetry.swift (in target 'shigodeki' from project 'shigodeki')
    cd /Users/delaxstudio/src/shigodeki/iOS
    

SwiftCompile normal arm64 /Users/delaxstudio/src/shigodeki/iOS/shigodeki/Utilities/ToastCenter.swift (in target 'shigodeki' from project 'shigodeki')
    cd /Users/delaxstudio/src/shigodeki/iOS
    

SwiftCompile normal arm64 /Users/delaxstudio/src/shigodeki/iOS/shigodeki/ViewModels/DashboardViewModel.swift (in target 'shigodeki' from project 'shigodeki')
    cd /Users/delaxstudio/src/shigodeki/iOS
    
/Users/delaxstudio/src/shigodeki/iOS/shigodeki/ViewModels/DashboardViewModel.swift:29:45: warning: main actor-isolated static property 'shared' can not be referenced from a nonisolated context; this is an error in the Swift 6 language mode
    init(sharedStore: SharedManagerStore = .shared) {
                                            ^
/Users/delaxstudio/src/shigodeki/iOS/shigodeki/Components/SharedManagerStore.swift:20:16: note: static property declared here
    static let shared = SharedManagerStore()
               ^

SwiftCompile normal arm64 /Users/delaxstudio/src/shigodeki/iOS/shigodeki/ViewModels/FamilyViewModel.swift (in target 'shigodeki' from project 'shigodeki')
    cd /Users/delaxstudio/src/shigodeki/iOS
    
/Users/delaxstudio/src/shigodeki/iOS/shigodeki/ViewModels/FamilyViewModel.swift:286:9: warning: will never be executed
        families = operationState.families
        ^
/Users/delaxstudio/src/shigodeki/iOS/shigodeki/ViewModels/FamilyViewModel.swift:372:9: warning: will never be executed
        processingMessage = operationState.processingMessage
        ^

SwiftCompile normal arm64 /Users/delaxstudio/src/shigodeki/iOS/shigodeki/ViewModels/FamilyViewModelDI.swift (in target 'shigodeki' from project 'shigodeki')
    cd /Users/delaxstudio/src/shigodeki/iOS
    

SwiftCompile normal arm64 /Users/delaxstudio/src/shigodeki/iOS/shigodeki/ViewModels/FamilyViewModelState.swift (in target 'shigodeki' from project 'shigodeki')
    cd /Users/delaxstudio/src/shigodeki/iOS
    

SwiftCompile normal arm64 /Users/delaxstudio/src/shigodeki/iOS/shigodeki/ViewModels/PhaseTaskDetailViewModel.swift (in target 'shigodeki' from project 'shigodeki')
    cd /Users/delaxstudio/src/shigodeki/iOS
    

SwiftCompile normal arm64 /Users/delaxstudio/src/shigodeki/iOS/shigodeki/ViewModels/PhaseTaskListViewModel.swift (in target 'shigodeki' from project 'shigodeki')
    cd /Users/delaxstudio/src/shigodeki/iOS
    

SwiftCompile normal arm64 /Users/delaxstudio/src/shigodeki/iOS/shigodeki/ViewModels/ProjectDetailViewModel.swift (in target 'shigodeki' from project 'shigodeki')
    cd /Users/delaxstudio/src/shigodeki/iOS
    

SwiftDriverJobDiscovery normal arm64 Compiling ListenerCreationService.swift (in target 'shigodeki' from project 'shigodeki')

SwiftDriverJobDiscovery normal arm64 Compiling TemplateValidation.swift (in target 'shigodeki' from project 'shigodeki')

SwiftDriverJobDiscovery normal arm64 Compiling InviteCodeSpec.swift, LifestyleTemplates.swift (in target 'shigodeki' from project 'shigodeki')

SwiftDriverJobDiscovery normal x86_64 Compiling EventTemplates.swift (in target 'shigodeki' from project 'shigodeki')

SwiftDriverJobDiscovery normal arm64 Compiling FallbackPlanner.swift, Models.swift, OpenAIService.swift, PlanNormalization.swift, TidySchema.swift, VisionPlanCoordinator.swift, AIClient.swift, AIClientRouter.swift, AITaskConverter.swift, AITaskGenerator.swift, AppleSignInService.swift, AppPlanningTaskListBuilder.swift, AuthTestDataDeletionService.swift, BuiltInTemplates.swift, BusinessTemplates.swift, CreateProjectService.swift (in target 'shigodeki' from project 'shigodeki')

SwiftDriverJobDiscovery normal arm64 Compiling DataMigrationUtility.swift, ManagerStatisticsService.swift, MemberDataService.swift, MemoryManagementService.swift, MobileAppTaskListBuilder.swift, MobileAppTemplateService.swift, ModelJSONUtility.swift, ModelValidation.swift, OptimisticUpdateManager.swift, Persistence.swift, PhaseAIService.swift, PhaseSubtaskService.swift, PhaseTaskDetailService.swift, PhaseTaskDetailViewHelpers.swift, PhaseTaskViewService.swift, ProjectAnalysisEngine.swift (in target 'shigodeki' from project 'shigodeki')

SwiftDriverJobDiscovery normal x86_64 Compiling TaskDetailView.swift, TaskEditorView.swift, TaskImprovementSuggestionView.swift, TaskListDetailView.swift, TemplateFilePickerView.swift, TemplateLibraryComponents.swift, TemplateLibraryView.swift, TemplatePaywallView.swift, TemplatePreviewSections.swift, TemplatePreviewView.swift, TemplateValidationResultView.swift, shigodekiApp.swift, Item+CoreDataClass.swift, Item+CoreDataProperties.swift, shigodeki+CoreDataModel.swift, GeneratedAssetSymbols.swift (in target 'shigodeki' from project 'shigodeki')

SwiftDriverJobDiscovery normal arm64 Compiling SubtaskManager.swift, TagManager.swift, TaskListManager.swift, TaskManager.swift, TaskOrderingManager.swift, TemplateManager.swift, AnalysisType.swift, Entitlements.swift, ExtractedTask.swift, Family.swift, KPIModels.swift, ModelRelationships.swift, Phase.swift, PhaseSection.swift, Project.swift, ProjectInvitation.swift (in target 'shigodeki' from project 'shigodeki')

SwiftDriverJobDiscovery normal arm64 Compiling LegacyDataBridge.swift, LoadingOverlay.swift, MemberDetailSections.swift, MemberInfoSections.swift, MemberRowView.swift, MemberStatisticsSections.swift, MemberSupportingComponents.swift, NavigationGestureSupport.swift, OptimizedProjectRow.swift, PerformanceModels.swift, PerformanceMonitoring.swift, PerformanceOptimization.swift, PerformanceReportGenerator.swift, PerformanceScoreCalculator.swift, PhaseTaskListRowView.swift, PhotoTaskSuggestionSection.swift (in target 'shigodeki' from project 'shigodeki')

SwiftDriverJobDiscovery normal arm64 Compiling TaskBasicSections.swift, TaskDetailSheets.swift, TaskDetailToolbar.swift, TaskExtendedSections.swift, TaskListContentSection.swift, TaskListInfoSection.swift, TaskRelatedSections.swift, TaskRowComponent.swift, AIDraftFlowView.swift, PhotoDraftFlowView.swift, TemplateDraftFlowView.swift, KPIState.swift, PortfolioKPIHeader.swift, ProjectPhaseKPISection.swift, AcceptProjectInviteView.swift, AIGenerationView.swift (in target 'shigodeki' from project 'shigodeki')

SwiftDriverJobDiscovery normal x86_64 Compiling ProjectPhaseKPISection.swift, AcceptProjectInviteView.swift, AIGenerationView.swift, APISettingsView.swift, AuthTestResultViews.swift, AuthTestView.swift, ContentView.swift, CreateFamilyView.swift, CreatePhaseTaskViews.swift, CreatePhaseView.swift, CreateProjectView.swift, CreateProjectViewSections.swift, CreateProjectViewSheets.swift, CreateTaskFormContent.swift, CreateTaskListView.swift, CreateTaskView.swift, DashboardTaskDetailView.swift (in target 'shigodeki' from project 'shigodeki')

SwiftDriverJobDiscovery normal arm64 Compiling TemplateFilterService.swift, TemplateImportConversion.swift, TemplateImporter.swift, TemplateImportService.swift, TemplateImportValidation.swift, TemplateProcessingService.swift, TemplateStatisticsService.swift, Telemetry.swift, ToastCenter.swift, DashboardViewModel.swift, FamilyViewModel.swift, FamilyViewModelDI.swift, FamilyViewModelState.swift, PhaseTaskDetailViewModel.swift, PhaseTaskListViewModel.swift, ProjectDetailViewModel.swift (in target 'shigodeki' from project 'shigodeki')

SwiftDriverJobDiscovery normal arm64 Compiling CameraPicker.swift, CardStyle.swift, ColorSystem.swift, CreateProjectComponents.swift, CreateProjectHeader.swift, CreateTaskComponents.swift, DocumentPickerComponents.swift, DynamicTypeExtensions.swift, EmptyStateView.swift, FamilyMemberOperations.swift, FamilyProjectOperations.swift, FirebaseListenerManager.swift, InstrumentsSetup.swift, IntegratedPerformanceMonitor.swift, InteractiveButtonStyle.swift, KeyboardDismissSupport.swift (in target 'shigodeki' from project 'shigodeki')

SwiftDriverJobDiscovery normal arm64 Compiling AIPromptTemplate.swift, AITaskPromptBuilder.swift, AITaskSuggestionParser.swift, ClaudeClient.swift, GeminiClient.swift, OpenAIClient.swift, AccessibilityComponents.swift, AccessibilityFocusManager.swift, AccessibilitySystem.swift, AnimationSystem.swift, AssigneeSectionView.swift, AuthDebugComponents.swift, AuthHelperViews.swift, AuthStatusComponents.swift, AuthTestComponents.swift, AuthTestControls.swift, BreadcrumbBar.swift (in target 'shigodeki' from project 'shigodeki')

SwiftDriverJobDiscovery normal x86_64 Compiling PhaseTaskViewComponents.swift, ProjectAIAnalysisView.swift, ProjectDetailView.swift, ProjectHeaderView.swift, ProjectListView.swift, ProjectRowView.swift, ProjectSettingsView.swift, ProjectTypePickerView.swift, ProPaywallView.swift, QuickAIGenerationSections.swift, QuickAIGenerationView.swift, SettingsViewSections.swift, TabNavigationManager.swift, TagInputView.swift, TagManagementComponents.swift, TagManagementView.swift, TaskAIAssistantView.swift (in target 'shigodeki' from project 'shigodeki')

SwiftDriverJobDiscovery normal arm64 Compiling QuickAIGenerationComponents.swift, RealtimeSyncStatus.swift, ScrollToTopSupport.swift, SectionPickerView.swift, SharedManagerStore.swift, TagChip.swift, TagDisplayView.swift, TagInputComponents.swift, TaskAddModal.swift, TaskAIAssistantComponents.swift, TaskAIGenerationViews.swift, TaskAIModeComponents.swift, TaskAIStatusComponents.swift, TaskDetailComponents.swift, TaskImprovementStateViews.swift, TaskImprovementSuggestionComponents.swift (in target 'shigodeki' from project 'shigodeki')

SwiftDriverJobDiscovery normal arm64 Compiling APISettingsView.swift, AuthTestResultViews.swift, AuthTestView.swift, ContentView.swift, CreateFamilyView.swift, CreatePhaseTaskViews.swift, CreatePhaseView.swift, CreateProjectView.swift, CreateProjectViewSections.swift, CreateProjectViewSheets.swift, CreateTaskFormContent.swift, CreateTaskListView.swift, CreateTaskView.swift, DashboardTaskDetailView.swift, DashboardView.swift, DocumentPickerView.swift (in target 'shigodeki' from project 'shigodeki')

SwiftDriverJobDiscovery normal arm64 Compiling ProjectAIAnalysisView.swift, ProjectDetailView.swift, ProjectHeaderView.swift, ProjectListView.swift, ProjectRowView.swift, ProjectSettingsView.swift, ProjectTypePickerView.swift, ProPaywallView.swift, QuickAIGenerationSections.swift, QuickAIGenerationView.swift, SettingsViewSections.swift, TabNavigationManager.swift, TagInputView.swift, TagManagementComponents.swift, TagManagementView.swift, TaskAIAssistantView.swift (in target 'shigodeki' from project 'shigodeki')

SwiftDriverJobDiscovery normal arm64 Compiling TaskDetailView.swift, TaskEditorView.swift, TaskImprovementSuggestionView.swift, TaskListDetailView.swift, TemplateFilePickerView.swift, TemplateLibraryComponents.swift, TemplateLibraryView.swift, TemplatePaywallView.swift, TemplatePreviewSections.swift, TemplatePreviewView.swift, TemplateValidationResultView.swift, shigodekiApp.swift, Item+CoreDataClass.swift, Item+CoreDataProperties.swift, shigodeki+CoreDataModel.swift, GeneratedAssetSymbols.swift (in target 'shigodeki' from project 'shigodeki')

SwiftDriverJobDiscovery normal arm64 Compiling EditTagView.swift, FamilyDetailView.swift, FamilyView.swift, HomeHubView.swift, InviteCodeView.swift, JoinFamilyView.swift, LoginView.swift, MainTabView.swift, MemberDetailView.swift, PhaseListView.swift, PhaseRowView.swift, PhaseTaskDetailSections.swift, PhaseTaskDetailView.swift, PhaseTaskListView.swift, PhaseTaskView.swift, PhaseTaskViewComponents.swift (in target 'shigodeki' from project 'shigodeki')

SwiftDriver\ Compilation shigodeki normal arm64 com.apple.xcode.tools.swift.compiler (in target 'shigodeki' from project 'shigodeki')
    cd /Users/delaxstudio/src/shigodeki/iOS
    builtin-Swift-Compilation -- /Applications/Xcode.app/Contents/Developer/Toolchains/XcodeDefault.xctoolchain/usr/bin/swiftc -module-name shigodeki -Onone -enforce-exclusivity\=checked @/Users/delaxstudio/Library/Developer/Xcode/DerivedData/shigodeki-fkaeotsqybievcdjwhonrrgqyvla/Build/Intermediates.noindex/shigodeki.build/Debug-iphonesimulator/shigodeki.build/Objects-normal/arm64/shigodeki.SwiftFileList -DDEBUG -Xcc -fmodule-map-file\=/Users/delaxstudio/Library/Developer/Xcode/DerivedData/shigodeki-fkaeotsqybievcdjwhonrrgqyvla/Build/Intermediates.noindex/GeneratedModuleMaps-iphonesimulator/abslWrapper.modulemap -Xcc -fmodule-map-file\=/Users/delaxstudio/Library/Developer/Xcode/DerivedData/shigodeki-fkaeotsqybievcdjwhonrrgqyvla/Build/Intermediates.noindex/GeneratedModuleMaps-iphonesimulator/opensslWrapper.modulemap -Xcc -fmodule-map-file\=/Users/delaxstudio/Library/Developer/Xcode/DerivedData/shigodeki-fkaeotsqybievcdjwhonrrgqyvla/Build/Intermediates.noindex/GeneratedModuleMaps-iphonesimulator/grpcWrapper.modulemap -Xcc -fmodule-map-file\=/Users/delaxstudio/Library/Developer/Xcode/DerivedData/shigodeki-fkaeotsqybievcdjwhonrrgqyvla/Build/Intermediates.noindex/GeneratedModuleMaps-iphonesimulator/grpcppWrapper.modulemap -Xcc -fmodule-map-file\=/Users/delaxstudio/Library/Developer/Xcode/DerivedData/shigodeki-fkaeotsqybievcdjwhonrrgqyvla/Build/Intermediates.noindex/GeneratedModuleMaps-iphonesimulator/nanopb.modulemap -Xcc -fmodule-map-file\=/Users/delaxstudio/Library/Developer/Xcode/DerivedData/shigodeki-fkaeotsqybievcdjwhonrrgqyvla/Build/Intermediates.noindex/GeneratedModuleMaps-iphonesimulator/leveldb.modulemap -Xcc -fmodule-map-file\=/Users/delaxstudio/Library/Developer/Xcode/DerivedData/shigodeki-fkaeotsqybievcdjwhonrrgqyvla/Build/Intermediates.noindex/GeneratedModuleMaps-iphonesimulator/FirebaseFirestoreInternalWrapper.modulemap -Xcc -fmodule-map-file\=/Users/delaxstudio/Library/Developer/Xcode/DerivedData/shigodeki-fkaeotsqybievcdjwhonrrgqyvla/Build/Intermediates.noindex/GeneratedModuleMaps-iphonesimulator/FirebaseFirestoreTarget.modulemap -Xcc -fmodule-map-file\=/Users/delaxstudio/Library/Developer/Xcode/DerivedData/shigodeki-fkaeotsqybievcdjwhonrrgqyvla/Build/Intermediates.noindex/GeneratedModuleMaps-iphonesimulator/RecaptchaInterop.modulemap -Xcc -fmodule-map-file\=/Users/delaxstudio/Library/Developer/Xcode/DerivedData/shigodeki-fkaeotsqybievcdjwhonrrgqyvla/Build/Intermediates.noindex/GeneratedModuleMaps-iphonesimulator/GoogleUtilities-Network.modulemap -Xcc -fmodule-map-file\=/Users/delaxstudio/Library/Developer/Xcode/DerivedData/shigodeki-fkaeotsqybievcdjwhonrrgqyvla/Build/Intermediates.noindex/GeneratedModuleMaps-iphonesimulator/GoogleUtilities-Reachability.modulemap -Xcc -fmodule-map-file\=/Users/delaxstudio/Library/Developer/Xcode/DerivedData/shigodeki-fkaeotsqybievcdjwhonrrgqyvla/Build/Intermediates.noindex/GeneratedModuleMaps-iphonesimulator/GoogleUtilities-NSData.modulemap -Xcc -fmodule-map-file\=/Users/delaxstudio/Library/Developer/Xcode/DerivedData/shigodeki-fkaeotsqybievcdjwhonrrgqyvla/Build/Intermediates.noindex/GeneratedModuleMaps-iphonesimulator/GoogleUtilities-Logger.modulemap -Xcc -fmodule-map-file\=/Users/delaxstudio/Library/Developer/Xcode/DerivedData/shigodeki-fkaeotsqybievcdjwhonrrgqyvla/Build/Intermediates.noindex/GeneratedModuleMaps-iphonesimulator/GoogleUtilities-Environment.modulemap -Xcc -fmodule-map-file\=/Users/delaxstudio/Library/Developer/Xcode/DerivedData/shigodeki-fkaeotsqybievcdjwhonrrgqyvla/Build/Intermediates.noindex/GeneratedModuleMaps-iphonesimulator/third-party-IsAppEncrypted.modulemap -Xcc -fmodule-map-file\=/Users/delaxstudio/Library/Developer/Xcode/DerivedData/shigodeki-fkaeotsqybievcdjwhonrrgqyvla/Build/Intermediates.noindex/GeneratedModuleMaps-iphonesimulator/GoogleUtilities-AppDelegateSwizzler.modulemap -Xcc -fmodule-map-file\=/Users/delaxstudio/Library/Developer/Xcode/DerivedData/shigodeki-fkaeotsqybievcdjwhonrrgqyvla/Build/Intermediates.noindex/GeneratedModuleMaps-iphonesimulator/GTMSessionFetcherCore.modulemap -Xcc -fmodule-map-file\=/Users/delaxstudio/Library/Developer/Xcode/DerivedData/shigodeki-fkaeotsqybievcdjwhonrrgqyvla/Build/Intermediates.noindex/GeneratedModuleMaps-iphonesimulator/FirebaseCoreExtension.modulemap -Xcc -fmodule-map-file\=/Users/delaxstudio/Library/Developer/Xcode/DerivedData/shigodeki-fkaeotsqybievcdjwhonrrgqyvla/Build/Intermediates.noindex/GeneratedModuleMaps-iphonesimulator/FirebaseCore.modulemap -Xcc -fmodule-map-file\=/Users/delaxstudio/Library/Developer/Xcode/DerivedData/shigodeki-fkaeotsqybievcdjwhonrrgqyvla/Build/Intermediates.noindex/GeneratedModuleMaps-iphonesimulator/FirebaseAuthInternal.modulemap -Xcc -fmodule-map-file\=/Users/delaxstudio/Library/Developer/Xcode/DerivedData/shigodeki-fkaeotsqybievcdjwhonrrgqyvla/Build/Intermediates.noindex/GeneratedModuleMaps-iphonesimulator/FirebaseAuthInterop.modulemap -Xcc -fmodule-map-file\=/Users/delaxstudio/Library/Developer/Xcode/DerivedData/shigodeki-fkaeotsqybievcdjwhonrrgqyvla/Build/Intermediates.noindex/GeneratedModuleMaps-iphonesimulator/FirebaseAppCheckInterop.modulemap -enable-bare-slash-regex -enable-experimental-feature DebugDescriptionMacro -sdk /Applications/Xcode.app/Contents/Developer/Platforms/iPhoneSimulator.platform/Developer/SDKs/iPhoneSimulator26.2.sdk -target arm64-apple-ios18.5-simulator -g -module-cache-path /Users/delaxstudio/Library/Developer/Xcode/DerivedData/ModuleCache.noindex -Xfrontend -serialize-debugging-options -enable-testing -index-store-path /Users/delaxstudio/Library/Developer/Xcode/DerivedData/shigodeki-fkaeotsqybievcdjwhonrrgqyvla/Index.noindex/DataStore -Xcc -D_LIBCPP_HARDENING_MODE\=_LIBCPP_HARDENING_MODE_DEBUG -swift-version 5 -I /Users/delaxstudio/Library/Developer/Xcode/DerivedData/shigodeki-fkaeotsqybievcdjwhonrrgqyvla/Build/Products/Debug-iphonesimulator -F /Users/delaxstudio/Library/Developer/Xcode/DerivedData/shigodeki-fkaeotsqybievcdjwhonrrgqyvla/Build/Products/Debug-iphonesimulator/PackageFrameworks -F /Users/delaxstudio/Library/Developer/Xcode/DerivedData/shigodeki-fkaeotsqybievcdjwhonrrgqyvla/Build/Products/Debug-iphonesimulator/PackageFrameworks -F /Users/delaxstudio/Library/Developer/Xcode/DerivedData/shigodeki-fkaeotsqybievcdjwhonrrgqyvla/Build/Products/Debug-iphonesimulator/PackageFrameworks -F /Users/delaxstudio/Library/Developer/Xcode/DerivedData/shigodeki-fkaeotsqybievcdjwhonrrgqyvla/Build/Products/Debug-iphonesimulator/PackageFrameworks -F /Users/delaxstudio/Library/Developer/Xcode/DerivedData/shigodeki-fkaeotsqybievcdjwhonrrgqyvla/Build/Products/Debug-iphonesimulator/PackageFrameworks -F /Users/delaxstudio/Library/Developer/Xcode/DerivedData/shigodeki-fkaeotsqybievcdjwhonrrgqyvla/Build/Products/Debug-iphonesimulator/PackageFrameworks -F /Users/delaxstudio/Library/Developer/Xcode/DerivedData/shigodeki-fkaeotsqybievcdjwhonrrgqyvla/Build/Products/Debug-iphonesimulator/PackageFrameworks -F /Users/delaxstudio/Library/Developer/Xcode/DerivedData/shigodeki-fkaeotsqybievcdjwhonrrgqyvla/Build/Products/Debug-iphonesimulator/PackageFrameworks -F /Users/delaxstudio/Library/Developer/Xcode/DerivedData/shigodeki-fkaeotsqybievcdjwhonrrgqyvla/Build/Products/Debug-iphonesimulator/PackageFrameworks -F /Users/delaxstudio/Library/Developer/Xcode/DerivedData/shigodeki-fkaeotsqybievcdjwhonrrgqyvla/Build/Products/Debug-iphonesimulator/PackageFrameworks -F /Users/delaxstudio/Library/Developer/Xcode/DerivedData/shigodeki-fkaeotsqybievcdjwhonrrgqyvla/Build/Products/Debug-iphonesimulator/PackageFrameworks -F /Users/delaxstudio/Library/Developer/Xcode/DerivedData/shigodeki-fkaeotsqybievcdjwhonrrgqyvla/Build/Products/Debug-iphonesimulator/PackageFrameworks -F /Users/delaxstudio/Library/Developer/Xcode/DerivedData/shigodeki-fkaeotsqybievcdjwhonrrgqyvla/Build/Products/Debug-iphonesimulator/PackageFrameworks -F /Users/delaxstudio/Library/Developer/Xcode/DerivedData/shigodeki-fkaeotsqybievcdjwhonrrgqyvla/Build/Products/Debug-iphonesimulator/PackageFrameworks -F /Users/delaxstudio/Library/Developer/Xcode/DerivedData/shigodeki-fkaeotsqybievcdjwhonrrgqyvla/Build/Products/Debug-iphonesimulator/PackageFrameworks -F /Users/delaxstudio/Library/Developer/Xcode/DerivedData/shigodeki-fkaeotsqybievcdjwhonrrgqyvla/Build/Products/Debug-iphonesimulator/PackageFrameworks -F /Users/delaxstudio/Library/Developer/Xcode/DerivedData/shigodeki-fkaeotsqybievcdjwhonrrgqyvla/Build/Products/Debug-iphonesimulator/PackageFrameworks -F /Users/delaxstudio/Library/Developer/Xcode/DerivedData/shigodeki-fkaeotsqybievcdjwhonrrgqyvla/Build/Products/Debug-iphonesimulator/PackageFrameworks -F /Users/delaxstudio/Library/Developer/Xcode/DerivedData/shigodeki-fkaeotsqybievcdjwhonrrgqyvla/Build/Products/Debug-iphonesimulator/PackageFrameworks -F /Users/delaxstudio/Library/Developer/Xcode/DerivedData/shigodeki-fkaeotsqybievcdjwhonrrgqyvla/Build/Products/Debug-iphonesimulator/PackageFrameworks -F /Users/delaxstudio/Library/Developer/Xcode/DerivedData/shigodeki-fkaeotsqybievcdjwhonrrgqyvla/Build/Products/Debug-iphonesimulator/PackageFrameworks -F /Users/delaxstudio/Library/Developer/Xcode/DerivedData/shigodeki-fkaeotsqybievcdjwhonrrgqyvla/Build/Products/Debug-iphonesimulator/PackageFrameworks -F /Users/delaxstudio/Library/Developer/Xcode/DerivedData/shigodeki-fkaeotsqybievcdjwhonrrgqyvla/Build/Products/Debug-iphonesimulator/PackageFrameworks -F /Users/delaxstudio/Library/Developer/Xcode/DerivedData/shigodeki-fkaeotsqybievcdjwhonrrgqyvla/Build/Products/Debug-iphonesimulator/PackageFrameworks -F /Users/delaxstudio/Library/Developer/Xcode/DerivedData/shigodeki-fkaeotsqybievcdjwhonrrgqyvla/Build/Products/Debug-iphonesimulator/PackageFrameworks -F /Users/delaxstudio/Library/Developer/Xcode/DerivedData/shigodeki-fkaeotsqybievcdjwhonrrgqyvla/Build/Products/Debug-iphonesimulator/PackageFrameworks -F /Users/delaxstudio/Library/Developer/Xcode/DerivedData/shigodeki-fkaeotsqybievcdjwhonrrgqyvla/Build/Products/Debug-iphonesimulator/PackageFrameworks -F /Users/delaxstudio/Library/Developer/Xcode/DerivedData/shigodeki-fkaeotsqybievcdjwhonrrgqyvla/Build/Products/Debug-iphonesimulator/PackageFrameworks -F /Users/delaxstudio/Library/Developer/Xcode/DerivedData/shigodeki-fkaeotsqybievcdjwhonrrgqyvla/Build/Products/Debug-iphonesimulator -emit-localized-strings -emit-localized-strings-path /Users/delaxstudio/Library/Developer/Xcode/DerivedData/shigodeki-fkaeotsqybievcdjwhonrrgqyvla/Build/Intermediates.noindex/shigodeki.build/Debug-iphonesimulator/shigodeki.build/Objects-normal/arm64 -c -j20 -enable-batch-mode -incremental -Xcc -ivfsstatcache -Xcc /Users/delaxstudio/Library/Developer/Xcode/DerivedData/SDKStatCaches.noindex/iphonesimulator26.2-23C53-7d00a8b37fbd7999ea79df8ebc024bf0.sdkstatcache -output-file-map /Users/delaxstudio/Library/Developer/Xcode/DerivedData/shigodeki-fkaeotsqybievcdjwhonrrgqyvla/Build/Intermediates.noindex/shigodeki.build/Debug-iphonesimulator/shigodeki.build/Objects-normal/arm64/shigodeki-OutputFileMap.json -use-frontend-parseable-output -save-temps -no-color-diagnostics -explicit-module-build -module-cache-path /Users/delaxstudio/Library/Developer/Xcode/DerivedData/shigodeki-fkaeotsqybievcdjwhonrrgqyvla/Build/Intermediates.noindex/SwiftExplicitPrecompiledModules -clang-scanner-module-cache-path /Users/delaxstudio/Library/Developer/Xcode/DerivedData/ModuleCache.noindex -sdk-module-cache-path /Users/delaxstudio/Library/Developer/Xcode/DerivedData/ModuleCache.noindex -serialize-diagnostics -emit-dependencies -emit-module -emit-module-path /Users/delaxstudio/Library/Developer/Xcode/DerivedData/shigodeki-fkaeotsqybievcdjwhonrrgqyvla/Build/Intermediates.noindex/shigodeki.build/Debug-iphonesimulator/shigodeki.build/Objects-normal/arm64/shigodeki.swiftmodule -validate-clang-modules-once -clang-build-session-file /Users/delaxstudio/Library/Developer/Xcode/DerivedData/ModuleCache.noindex/Session.modulevalidation -Xcc -I/Users/delaxstudio/Library/Developer/Xcode/DerivedData/shigodeki-fkaeotsqybievcdjwhonrrgqyvla/Build/Intermediates.noindex/shigodeki.build/Debug-iphonesimulator/shigodeki.build/swift-overrides.hmap -emit-const-values -Xfrontend -const-gather-protocols-file -Xfrontend /Users/delaxstudio/Library/Developer/Xcode/DerivedData/shigodeki-fkaeotsqybievcdjwhonrrgqyvla/Build/Intermediates.noindex/shigodeki.build/Debug-iphonesimulator/shigodeki.build/Objects-normal/arm64/shigodeki_const_extract_protocols.json -Xcc -iquote -Xcc /Users/delaxstudio/Library/Developer/Xcode/DerivedData/shigodeki-fkaeotsqybievcdjwhonrrgqyvla/Build/Intermediates.noindex/shigodeki.build/Debug-iphonesimulator/shigodeki.build/shigodeki-generated-files.hmap -Xcc -I/Users/delaxstudio/Library/Developer/Xcode/DerivedData/shigodeki-fkaeotsqybievcdjwhonrrgqyvla/Build/Intermediates.noindex/shigodeki.build/Debug-iphonesimulator/shigodeki.build/shigodeki-own-target-headers.hmap -Xcc -I/Users/delaxstudio/Library/Developer/Xcode/DerivedData/shigodeki-fkaeotsqybievcdjwhonrrgqyvla/Build/Intermediates.noindex/shigodeki.build/Debug-iphonesimulator/shigodeki.build/shigodeki-all-non-framework-target-headers.hmap -Xcc -ivfsoverlay -Xcc /Users/delaxstudio/Library/Developer/Xcode/DerivedData/shigodeki-fkaeotsqybievcdjwhonrrgqyvla/Build/Intermediates.noindex/shigodeki.build/Debug-iphonesimulator/shigodeki-778cd99806b7a64fcaf3138ab8d360b6-VFS-iphonesimulator/all-product-headers.yaml -Xcc -iquote -Xcc /Users/delaxstudio/Library/Developer/Xcode/DerivedData/shigodeki-fkaeotsqybievcdjwhonrrgqyvla/Build/Intermediates.noindex/shigodeki.build/Debug-iphonesimulator/shigodeki.build/shigodeki-project-headers.hmap -Xcc -I/Users/delaxstudio/Library/Developer/Xcode/DerivedData/shigodeki-fkaeotsqybievcdjwhonrrgqyvla/SourcePackages/checkouts/abseil-cpp-binary/absl-Wrapper/include -Xcc -I/Users/delaxstudio/Library/Developer/Xcode/DerivedData/shigodeki-fkaeotsqybievcdjwhonrrgqyvla/SourcePackages/checkouts/grpc-binary/openssl-grpc-Wrapper/include -Xcc -I/Users/delaxstudio/Library/Developer/Xcode/DerivedData/shigodeki-fkaeotsqybievcdjwhonrrgqyvla/SourcePackages/checkouts/grpc-binary/grpc-Wrapper/include -Xcc -I/Users/delaxstudio/Library/Developer/Xcode/DerivedData/shigodeki-fkaeotsqybievcdjwhonrrgqyvla/SourcePackages/checkouts/grpc-binary/grpcpp-Wrapper/include -Xcc -I/Users/delaxstudio/Library/Developer/Xcode/DerivedData/shigodeki-fkaeotsqybievcdjwhonrrgqyvla/SourcePackages/checkouts/nanopb/spm_headers -Xcc -I/Users/delaxstudio/Library/Developer/Xcode/DerivedData/shigodeki-fkaeotsqybievcdjwhonrrgqyvla/SourcePackages/checkouts/leveldb/include -Xcc -I/Users/delaxstudio/Library/Developer/Xcode/DerivedData/shigodeki-fkaeotsqybievcdjwhonrrgqyvla/SourcePackages/checkouts/firebase-ios-sdk/FirebaseFirestoreInternal -Xcc -I/Users/delaxstudio/Library/Developer/Xcode/DerivedData/shigodeki-fkaeotsqybievcdjwhonrrgqyvla/SourcePackages/checkouts/firebase-ios-sdk/SwiftPM-PlatformExclude/FirebaseFirestoreWrap/include -Xcc -I/Users/delaxstudio/Library/Developer/Xcode/DerivedData/shigodeki-fkaeotsqybievcdjwhonrrgqyvla/SourcePackages/checkouts/interop-ios-for-google-sdks/RecaptchaEnterprise/RecaptchaInterop/Public -Xcc -I/Users/delaxstudio/Library/Developer/Xcode/DerivedData/shigodeki-fkaeotsqybievcdjwhonrrgqyvla/SourcePackages/checkouts/GoogleUtilities/GoogleUtilities/Network/Public -Xcc -I/Users/delaxstudio/Library/Developer/Xcode/DerivedData/shigodeki-fkaeotsqybievcdjwhonrrgqyvla/SourcePackages/checkouts/GoogleUtilities/GoogleUtilities/Reachability/Public -Xcc -I/Users/delaxstudio/Library/Developer/Xcode/DerivedData/shigodeki-fkaeotsqybievcdjwhonrrgqyvla/SourcePackages/checkouts/GoogleUtilities/GoogleUtilities/NSData+zlib/Public -Xcc -I/Users/delaxstudio/Library/Developer/Xcode/DerivedData/shigodeki-fkaeotsqybievcdjwhonrrgqyvla/SourcePackages/checkouts/GoogleUtilities/GoogleUtilities/Logger/Public -Xcc -I/Users/delaxstudio/Library/Developer/Xcode/DerivedData/shigodeki-fkaeotsqybievcdjwhonrrgqyvla/SourcePackages/checkouts/GoogleUtilities/GoogleUtilities/Environment/Public -Xcc -I/Users/delaxstudio/Library/Developer/Xcode/DerivedData/shigodeki-fkaeotsqybievcdjwhonrrgqyvla/SourcePackages/checkouts/GoogleUtilities/third_party/IsAppEncrypted/Public -Xcc -I/Users/delaxstudio/Library/Developer/Xcode/DerivedData/shigodeki-fkaeotsqybievcdjwhonrrgqyvla/SourcePackages/checkouts/GoogleUtilities/GoogleUtilities/AppDelegateSwizzler/Public -Xcc -I/Users/delaxstudio/Library/Developer/Xcode/DerivedData/shigodeki-fkaeotsqybievcdjwhonrrgqyvla/SourcePackages/checkouts/gtm-session-fetcher/Sources/Core/Public -Xcc -I/Users/delaxstudio/Library/Developer/Xcode/DerivedData/shigodeki-fkaeotsqybievcdjwhonrrgqyvla/SourcePackages/checkouts/firebase-ios-sdk/FirebaseCore/Extension -Xcc -I/Users/delaxstudio/Library/Developer/Xcode/DerivedData/shigodeki-fkaeotsqybievcdjwhonrrgqyvla/SourcePackages/checkouts/firebase-ios-sdk/FirebaseCore/Sources/Public -Xcc -I/Users/delaxstudio/Library/Developer/Xcode/DerivedData/shigodeki-fkaeotsqybievcdjwhonrrgqyvla/SourcePackages/checkouts/firebase-ios-sdk/CoreOnly/Sources -Xcc -I/Users/delaxstudio/Library/Developer/Xcode/DerivedData/shigodeki-fkaeotsqybievcdjwhonrrgqyvla/SourcePackages/checkouts/firebase-ios-sdk/FirebaseAuth/Sources/Public -Xcc -I/Users/delaxstudio/Library/Developer/Xcode/DerivedData/shigodeki-fkaeotsqybievcdjwhonrrgqyvla/SourcePackages/checkouts/firebase-ios-sdk/FirebaseAuth/Interop/Public -Xcc -I/Users/delaxstudio/Library/Developer/Xcode/DerivedData/shigodeki-fkaeotsqybievcdjwhonrrgqyvla/SourcePackages/checkouts/firebase-ios-sdk/FirebaseAppCheck/Interop/Public -Xcc -I/Users/delaxstudio/Library/Developer/Xcode/DerivedData/shigodeki-fkaeotsqybievcdjwhonrrgqyvla/Build/Products/Debug-iphonesimulator/include -Xcc -I/Users/delaxstudio/Library/Developer/Xcode/DerivedData/shigodeki-fkaeotsqybievcdjwhonrrgqyvla/Build/Intermediates.noindex/shigodeki.build/Debug-iphonesimulator/shigodeki.build/DerivedSources-normal/arm64 -Xcc -I/Users/delaxstudio/Library/Developer/Xcode/DerivedData/shigodeki-fkaeotsqybievcdjwhonrrgqyvla/Build/Intermediates.noindex/shigodeki.build/Debug-iphonesimulator/shigodeki.build/DerivedSources/arm64 -Xcc -I/Users/delaxstudio/Library/Developer/Xcode/DerivedData/shigodeki-fkaeotsqybievcdjwhonrrgqyvla/Build/Intermediates.noindex/shigodeki.build/Debug-iphonesimulator/shigodeki.build/DerivedSources -Xcc -DDEBUG\=1 -emit-objc-header -emit-objc-header-path /Users/delaxstudio/Library/Developer/Xcode/DerivedData/shigodeki-fkaeotsqybievcdjwhonrrgqyvla/Build/Intermediates.noindex/shigodeki.build/Debug-iphonesimulator/shigodeki.build/Objects-normal/arm64/shigodeki-Swift.h -working-directory /Users/delaxstudio/src/shigodeki/iOS -experimental-emit-module-separately -disable-cmo

SwiftDriverJobDiscovery normal x86_64 Compiling DashboardView.swift, DocumentPickerView.swift, EditTagView.swift, FamilyDetailView.swift, FamilyView.swift, HomeHubView.swift, InviteCodeView.swift, JoinFamilyView.swift, LoginView.swift, MainTabView.swift, MemberDetailView.swift, PhaseListView.swift, PhaseRowView.swift, PhaseTaskDetailSections.swift, PhaseTaskDetailView.swift, PhaseTaskListView.swift, PhaseTaskView.swift (in target 'shigodeki' from project 'shigodeki')

Ld /Users/delaxstudio/Library/Developer/Xcode/DerivedData/shigodeki-fkaeotsqybievcdjwhonrrgqyvla/Build/Intermediates.noindex/shigodeki.build/Debug-iphonesimulator/shigodeki.build/Objects-normal/arm64/Binary/shigodeki.debug.dylib normal arm64 (in target 'shigodeki' from project 'shigodeki')
    cd /Users/delaxstudio/src/shigodeki/iOS
    /Applications/Xcode.app/Contents/Developer/Toolchains/XcodeDefault.xctoolchain/usr/bin/clang -Xlinker -reproducible -target arm64-apple-ios18.5-simulator -dynamiclib -isysroot /Applications/Xcode.app/Contents/Developer/Platforms/iPhoneSimulator.platform/Developer/SDKs/iPhoneSimulator26.2.sdk -O0 -L/Users/delaxstudio/Library/Developer/Xcode/DerivedData/shigodeki-fkaeotsqybievcdjwhonrrgqyvla/Build/Intermediates.noindex/EagerLinkingTBDs/Debug-iphonesimulator -L/Users/delaxstudio/Library/Developer/Xcode/DerivedData/shigodeki-fkaeotsqybievcdjwhonrrgqyvla/Build/Products/Debug-iphonesimulator -F/Users/delaxstudio/Library/Developer/Xcode/DerivedData/shigodeki-fkaeotsqybievcdjwhonrrgqyvla/Build/Intermediates.noindex/EagerLinkingTBDs/Debug-iphonesimulator -F/Users/delaxstudio/Library/Developer/Xcode/DerivedData/shigodeki-fkaeotsqybievcdjwhonrrgqyvla/Build/Products/Debug-iphonesimulator/PackageFrameworks -F/Users/delaxstudio/Library/Developer/Xcode/DerivedData/shigodeki-fkaeotsqybievcdjwhonrrgqyvla/Build/Products/Debug-iphonesimulator/PackageFrameworks -F/Users/delaxstudio/Library/Developer/Xcode/DerivedData/shigodeki-fkaeotsqybievcdjwhonrrgqyvla/Build/Products/Debug-iphonesimulator/PackageFrameworks -F/Users/delaxstudio/Library/Developer/Xcode/DerivedData/shigodeki-fkaeotsqybievcdjwhonrrgqyvla/Build/Products/Debug-iphonesimulator/PackageFrameworks -F/Users/delaxstudio/Library/Developer/Xcode/DerivedData/shigodeki-fkaeotsqybievcdjwhonrrgqyvla/Build/Products/Debug-iphonesimulator/PackageFrameworks -F/Users/delaxstudio/Library/Developer/Xcode/DerivedData/shigodeki-fkaeotsqybievcdjwhonrrgqyvla/Build/Products/Debug-iphonesimulator/PackageFrameworks -F/Users/delaxstudio/Library/Developer/Xcode/DerivedData/shigodeki-fkaeotsqybievcdjwhonrrgqyvla/Build/Products/Debug-iphonesimulator/PackageFrameworks -F/Users/delaxstudio/Library/Developer/Xcode/DerivedData/shigodeki-fkaeotsqybievcdjwhonrrgqyvla/Build/Products/Debug-iphonesimulator/PackageFrameworks -F/Users/delaxstudio/Library/Developer/Xcode/DerivedData/shigodeki-fkaeotsqybievcdjwhonrrgqyvla/Build/Products/Debug-iphonesimulator/PackageFrameworks -F/Users/delaxstudio/Library/Developer/Xcode/DerivedData/shigodeki-fkaeotsqybievcdjwhonrrgqyvla/Build/Products/Debug-iphonesimulator/PackageFrameworks -F/Users/delaxstudio/Library/Developer/Xcode/DerivedData/shigodeki-fkaeotsqybievcdjwhonrrgqyvla/Build/Products/Debug-iphonesimulator/PackageFrameworks -F/Users/delaxstudio/Library/Developer/Xcode/DerivedData/shigodeki-fkaeotsqybievcdjwhonrrgqyvla/Build/Products/Debug-iphonesimulator/PackageFrameworks -F/Users/delaxstudio/Library/Developer/Xcode/DerivedData/shigodeki-fkaeotsqybievcdjwhonrrgqyvla/Build/Products/Debug-iphonesimulator/PackageFrameworks -F/Users/delaxstudio/Library/Developer/Xcode/DerivedData/shigodeki-fkaeotsqybievcdjwhonrrgqyvla/Build/Products/Debug-iphonesimulator/PackageFrameworks -F/Users/delaxstudio/Library/Developer/Xcode/DerivedData/shigodeki-fkaeotsqybievcdjwhonrrgqyvla/Build/Products/Debug-iphonesimulator/PackageFrameworks -F/Users/delaxstudio/Library/Developer/Xcode/DerivedData/shigodeki-fkaeotsqybievcdjwhonrrgqyvla/Build/Products/Debug-iphonesimulator/PackageFrameworks -F/Users/delaxstudio/Library/Developer/Xcode/DerivedData/shigodeki-fkaeotsqybievcdjwhonrrgqyvla/Build/Products/Debug-iphonesimulator/PackageFrameworks -F/Users/delaxstudio/Library/Developer/Xcode/DerivedData/shigodeki-fkaeotsqybievcdjwhonrrgqyvla/Build/Products/Debug-iphonesimulator/PackageFrameworks -F/Users/delaxstudio/Library/Developer/Xcode/DerivedData/shigodeki-fkaeotsqybievcdjwhonrrgqyvla/Build/Products/Debug-iphonesimulator/PackageFrameworks -F/Users/delaxstudio/Library/Developer/Xcode/DerivedData/shigodeki-fkaeotsqybievcdjwhonrrgqyvla/Build/Products/Debug-iphonesimulator/PackageFrameworks -F/Users/delaxstudio/Library/Developer/Xcode/DerivedData/shigodeki-fkaeotsqybievcdjwhonrrgqyvla/Build/Products/Debug-iphonesimulator/PackageFrameworks -F/Users/delaxstudio/Library/Developer/Xcode/DerivedData/shigodeki-fkaeotsqybievcdjwhonrrgqyvla/Build/Products/Debug-iphonesimulator/PackageFrameworks -F/Users/delaxstudio/Library/Developer/Xcode/DerivedData/shigodeki-fkaeotsqybievcdjwhonrrgqyvla/Build/Products/Debug-iphonesimulator/PackageFrameworks -F/Users/delaxstudio/Library/Developer/Xcode/DerivedData/shigodeki-fkaeotsqybievcdjwhonrrgqyvla/Build/Products/Debug-iphonesimulator/PackageFrameworks -F/Users/delaxstudio/Library/Developer/Xcode/DerivedData/shigodeki-fkaeotsqybievcdjwhonrrgqyvla/Build/Products/Debug-iphonesimulator/PackageFrameworks -F/Users/delaxstudio/Library/Developer/Xcode/DerivedData/shigodeki-fkaeotsqybievcdjwhonrrgqyvla/Build/Products/Debug-iphonesimulator/PackageFrameworks -F/Users/delaxstudio/Library/Developer/Xcode/DerivedData/shigodeki-fkaeotsqybievcdjwhonrrgqyvla/Build/Products/Debug-iphonesimulator/PackageFrameworks -F/Users/delaxstudio/Library/Developer/Xcode/DerivedData/shigodeki-fkaeotsqybievcdjwhonrrgqyvla/Build/Products/Debug-iphonesimulator/PackageFrameworks -F/Users/delaxstudio/Library/Developer/Xcode/DerivedData/shigodeki-fkaeotsqybievcdjwhonrrgqyvla/Build/Products/Debug-iphonesimulator -filelist /Users/delaxstudio/Library/Developer/Xcode/DerivedData/shigodeki-fkaeotsqybievcdjwhonrrgqyvla/Build/Intermediates.noindex/shigodeki.build/Debug-iphonesimulator/shigodeki.build/Objects-normal/arm64/shigodeki.LinkFileList -install_name @rpath/shigodeki.debug.dylib -Xlinker -rpath -Xlinker /usr/lib/swift -Xlinker -rpath -Xlinker /Users/delaxstudio/Library/Developer/Xcode/DerivedData/shigodeki-fkaeotsqybievcdjwhonrrgqyvla/Build/Products/Debug-iphonesimulator/PackageFrameworks -Xlinker -rpath -Xlinker @executable_path/Frameworks -dead_strip -Xlinker -object_path_lto -Xlinker /Users/delaxstudio/Library/Developer/Xcode/DerivedData/shigodeki-fkaeotsqybievcdjwhonrrgqyvla/Build/Intermediates.noindex/shigodeki.build/Debug-iphonesimulator/shigodeki.build/Objects-normal/arm64/shigodeki_lto.o -rdynamic -Xlinker -no_deduplicate -Xlinker -objc_abi_version -Xlinker 2 -Xlinker -dependency_info -Xlinker /Users/delaxstudio/Library/Developer/Xcode/DerivedData/shigodeki-fkaeotsqybievcdjwhonrrgqyvla/Build/Intermediates.noindex/shigodeki.build/Debug-iphonesimulator/shigodeki.build/Objects-normal/arm64/shigodeki_dependency_info.dat -fobjc-link-runtime -L/Applications/Xcode.app/Contents/Developer/Toolchains/XcodeDefault.xctoolchain/usr/lib/swift/iphonesimulator -L/usr/lib/swift -Xlinker -add_ast_path -Xlinker /Users/delaxstudio/Library/Developer/Xcode/DerivedData/shigodeki-fkaeotsqybievcdjwhonrrgqyvla/Build/Intermediates.noindex/shigodeki.build/Debug-iphonesimulator/shigodeki.build/Objects-normal/arm64/shigodeki.swiftmodule @/Users/delaxstudio/Library/Developer/Xcode/DerivedData/shigodeki-fkaeotsqybievcdjwhonrrgqyvla/Build/Intermediates.noindex/shigodeki.build/Debug-iphonesimulator/shigodeki.build/Objects-normal/arm64/shigodeki-linker-args.resp -Wl,-no_warn_duplicate_libraries -Wl,-no_warn_duplicate_libraries -Wl,-no_warn_duplicate_libraries -Wl,-no_warn_duplicate_libraries -Wl,-no_warn_duplicate_libraries -Wl,-no_warn_duplicate_libraries -lc++ -Wl,-no_warn_duplicate_libraries -Wl,-no_warn_duplicate_libraries -Wl,-no_warn_duplicate_libraries -Wl,-no_warn_duplicate_libraries -Wl,-no_warn_duplicate_libraries -Wl,-no_warn_duplicate_libraries -Wl,-no_warn_duplicate_libraries -Wl,-no_warn_duplicate_libraries -Wl,-no_warn_duplicate_libraries -Wl,-no_warn_duplicate_libraries -Wl,-no_warn_duplicate_libraries -Wl,-no_warn_duplicate_libraries -Wl,-no_warn_duplicate_libraries -Wl,-no_warn_duplicate_libraries -Wl,-no_warn_duplicate_libraries -Wl,-no_warn_duplicate_libraries -Wl,-no_warn_duplicate_libraries -Wl,-no_warn_duplicate_libraries -Wl,-no_warn_duplicate_libraries -Wl,-no_warn_duplicate_libraries -Wl,-no_warn_duplicate_libraries -Wl,-no_warn_duplicate_libraries -framework Security -framework SafariServices -framework UIKit -lz -lc++ -framework SystemConfiguration -framework UIKit -Xlinker -alias -Xlinker _main -Xlinker ___debug_main_executable_dylib_entry_point -framework FirebaseFirestoreInternal -framework absl -framework grpcpp -framework grpc -framework openssl_grpc -Xlinker -no_adhoc_codesign -o /Users/delaxstudio/Library/Developer/Xcode/DerivedData/shigodeki-fkaeotsqybievcdjwhonrrgqyvla/Build/Intermediates.noindex/shigodeki.build/Debug-iphonesimulator/shigodeki.build/Objects-normal/arm64/Binary/shigodeki.debug.dylib -Xlinker -add_ast_path -Xlinker /Users/delaxstudio/Library/Developer/Xcode/DerivedData/shigodeki-fkaeotsqybievcdjwhonrrgqyvla/Build/Intermediates.noindex/Firebase.build/Debug-iphonesimulator/FirebaseStorage.build/Objects-normal/arm64/FirebaseStorage.swiftmodule @/Users/delaxstudio/Library/Developer/Xcode/DerivedData/shigodeki-fkaeotsqybievcdjwhonrrgqyvla/Build/Intermediates.noindex/Firebase.build/Debug-iphonesimulator/FirebaseStorage.build/Objects-normal/arm64/FirebaseStorage-linker-args.resp -Xlinker -add_ast_path -Xlinker /Users/delaxstudio/Library/Developer/Xcode/DerivedData/shigodeki-fkaeotsqybievcdjwhonrrgqyvla/Build/Intermediates.noindex/Firebase.build/Debug-iphonesimulator/FirebaseCoreInternal.build/Objects-normal/arm64/FirebaseCoreInternal.swiftmodule @/Users/delaxstudio/Library/Developer/Xcode/DerivedData/shigodeki-fkaeotsqybievcdjwhonrrgqyvla/Build/Intermediates.noindex/Firebase.build/Debug-iphonesimulator/FirebaseCoreInternal.build/Objects-normal/arm64/FirebaseCoreInternal-linker-args.resp -Xlinker -add_ast_path -Xlinker /Users/delaxstudio/Library/Developer/Xcode/DerivedData/shigodeki-fkaeotsqybievcdjwhonrrgqyvla/Build/Intermediates.noindex/Firebase.build/Debug-iphonesimulator/FirebaseSharedSwift.build/Objects-normal/arm64/FirebaseSharedSwift.swiftmodule @/Users/delaxstudio/Library/Developer/Xcode/DerivedData/shigodeki-fkaeotsqybievcdjwhonrrgqyvla/Build/Intermediates.noindex/Firebase.build/Debug-iphonesimulator/FirebaseSharedSwift.build/Objects-normal/arm64/FirebaseSharedSwift-linker-args.resp -Xlinker -add_ast_path -Xlinker /Users/delaxstudio/Library/Developer/Xcode/DerivedData/shigodeki-fkaeotsqybievcdjwhonrrgqyvla/Build/Intermediates.noindex/Firebase.build/Debug-iphonesimulator/FirebaseFirestore.build/Objects-normal/arm64/FirebaseFirestore.swiftmodule @/Users/delaxstudio/Library/Developer/Xcode/DerivedData/shigodeki-fkaeotsqybievcdjwhonrrgqyvla/Build/Intermediates.noindex/Firebase.build/Debug-iphonesimulator/FirebaseFirestore.build/Objects-normal/arm64/FirebaseFirestore-linker-args.resp -Xlinker -add_ast_path -Xlinker /Users/delaxstudio/Library/Developer/Xcode/DerivedData/shigodeki-fkaeotsqybievcdjwhonrrgqyvla/Build/Intermediates.noindex/Firebase.build/Debug-iphonesimulator/FirebaseAuth.build/Objects-normal/arm64/FirebaseAuth.swiftmodule @/Users/delaxstudio/Library/Developer/Xcode/DerivedData/shigodeki-fkaeotsqybievcdjwhonrrgqyvla/Build/Intermediates.noindex/Firebase.build/Debug-iphonesimulator/FirebaseAuth.build/Objects-normal/arm64/FirebaseAuth-linker-args.resp

SwiftDriver\ Compilation shigodeki normal x86_64 com.apple.xcode.tools.swift.compiler (in target 'shigodeki' from project 'shigodeki')
    cd /Users/delaxstudio/src/shigodeki/iOS
    builtin-Swift-Compilation -- /Applications/Xcode.app/Contents/Developer/Toolchains/XcodeDefault.xctoolchain/usr/bin/swiftc -module-name shigodeki -Onone -enforce-exclusivity\=checked @/Users/delaxstudio/Library/Developer/Xcode/DerivedData/shigodeki-fkaeotsqybievcdjwhonrrgqyvla/Build/Intermediates.noindex/shigodeki.build/Debug-iphonesimulator/shigodeki.build/Objects-normal/x86_64/shigodeki.SwiftFileList -DDEBUG -Xcc -fmodule-map-file\=/Users/delaxstudio/Library/Developer/Xcode/DerivedData/shigodeki-fkaeotsqybievcdjwhonrrgqyvla/Build/Intermediates.noindex/GeneratedModuleMaps-iphonesimulator/abslWrapper.modulemap -Xcc -fmodule-map-file\=/Users/delaxstudio/Library/Developer/Xcode/DerivedData/shigodeki-fkaeotsqybievcdjwhonrrgqyvla/Build/Intermediates.noindex/GeneratedModuleMaps-iphonesimulator/opensslWrapper.modulemap -Xcc -fmodule-map-file\=/Users/delaxstudio/Library/Developer/Xcode/DerivedData/shigodeki-fkaeotsqybievcdjwhonrrgqyvla/Build/Intermediates.noindex/GeneratedModuleMaps-iphonesimulator/grpcWrapper.modulemap -Xcc -fmodule-map-file\=/Users/delaxstudio/Library/Developer/Xcode/DerivedData/shigodeki-fkaeotsqybievcdjwhonrrgqyvla/Build/Intermediates.noindex/GeneratedModuleMaps-iphonesimulator/grpcppWrapper.modulemap -Xcc -fmodule-map-file\=/Users/delaxstudio/Library/Developer/Xcode/DerivedData/shigodeki-fkaeotsqybievcdjwhonrrgqyvla/Build/Intermediates.noindex/GeneratedModuleMaps-iphonesimulator/nanopb.modulemap -Xcc -fmodule-map-file\=/Users/delaxstudio/Library/Developer/Xcode/DerivedData/shigodeki-fkaeotsqybievcdjwhonrrgqyvla/Build/Intermediates.noindex/GeneratedModuleMaps-iphonesimulator/leveldb.modulemap -Xcc -fmodule-map-file\=/Users/delaxstudio/Library/Developer/Xcode/DerivedData/shigodeki-fkaeotsqybievcdjwhonrrgqyvla/Build/Intermediates.noindex/GeneratedModuleMaps-iphonesimulator/FirebaseFirestoreInternalWrapper.modulemap -Xcc -fmodule-map-file\=/Users/delaxstudio/Library/Developer/Xcode/DerivedData/shigodeki-fkaeotsqybievcdjwhonrrgqyvla/Build/Intermediates.noindex/GeneratedModuleMaps-iphonesimulator/FirebaseFirestoreTarget.modulemap -Xcc -fmodule-map-file\=/Users/delaxstudio/Library/Developer/Xcode/DerivedData/shigodeki-fkaeotsqybievcdjwhonrrgqyvla/Build/Intermediates.noindex/GeneratedModuleMaps-iphonesimulator/RecaptchaInterop.modulemap -Xcc -fmodule-map-file\=/Users/delaxstudio/Library/Developer/Xcode/DerivedData/shigodeki-fkaeotsqybievcdjwhonrrgqyvla/Build/Intermediates.noindex/GeneratedModuleMaps-iphonesimulator/GoogleUtilities-Network.modulemap -Xcc -fmodule-map-file\=/Users/delaxstudio/Library/Developer/Xcode/DerivedData/shigodeki-fkaeotsqybievcdjwhonrrgqyvla/Build/Intermediates.noindex/GeneratedModuleMaps-iphonesimulator/GoogleUtilities-Reachability.modulemap -Xcc -fmodule-map-file\=/Users/delaxstudio/Library/Developer/Xcode/DerivedData/shigodeki-fkaeotsqybievcdjwhonrrgqyvla/Build/Intermediates.noindex/GeneratedModuleMaps-iphonesimulator/GoogleUtilities-NSData.modulemap -Xcc -fmodule-map-file\=/Users/delaxstudio/Library/Developer/Xcode/DerivedData/shigodeki-fkaeotsqybievcdjwhonrrgqyvla/Build/Intermediates.noindex/GeneratedModuleMaps-iphonesimulator/GoogleUtilities-Logger.modulemap -Xcc -fmodule-map-file\=/Users/delaxstudio/Library/Developer/Xcode/DerivedData/shigodeki-fkaeotsqybievcdjwhonrrgqyvla/Build/Intermediates.noindex/GeneratedModuleMaps-iphonesimulator/GoogleUtilities-Environment.modulemap -Xcc -fmodule-map-file\=/Users/delaxstudio/Library/Developer/Xcode/DerivedData/shigodeki-fkaeotsqybievcdjwhonrrgqyvla/Build/Intermediates.noindex/GeneratedModuleMaps-iphonesimulator/third-party-IsAppEncrypted.modulemap -Xcc -fmodule-map-file\=/Users/delaxstudio/Library/Developer/Xcode/DerivedData/shigodeki-fkaeotsqybievcdjwhonrrgqyvla/Build/Intermediates.noindex/GeneratedModuleMaps-iphonesimulator/GoogleUtilities-AppDelegateSwizzler.modulemap -Xcc -fmodule-map-file\=/Users/delaxstudio/Library/Developer/Xcode/DerivedData/shigodeki-fkaeotsqybievcdjwhonrrgqyvla/Build/Intermediates.noindex/GeneratedModuleMaps-iphonesimulator/GTMSessionFetcherCore.modulemap -Xcc -fmodule-map-file\=/Users/delaxstudio/Library/Developer/Xcode/DerivedData/shigodeki-fkaeotsqybievcdjwhonrrgqyvla/Build/Intermediates.noindex/GeneratedModuleMaps-iphonesimulator/FirebaseCoreExtension.modulemap -Xcc -fmodule-map-file\=/Users/delaxstudio/Library/Developer/Xcode/DerivedData/shigodeki-fkaeotsqybievcdjwhonrrgqyvla/Build/Intermediates.noindex/GeneratedModuleMaps-iphonesimulator/FirebaseCore.modulemap -Xcc -fmodule-map-file\=/Users/delaxstudio/Library/Developer/Xcode/DerivedData/shigodeki-fkaeotsqybievcdjwhonrrgqyvla/Build/Intermediates.noindex/GeneratedModuleMaps-iphonesimulator/FirebaseAuthInternal.modulemap -Xcc -fmodule-map-file\=/Users/delaxstudio/Library/Developer/Xcode/DerivedData/shigodeki-fkaeotsqybievcdjwhonrrgqyvla/Build/Intermediates.noindex/GeneratedModuleMaps-iphonesimulator/FirebaseAuthInterop.modulemap -Xcc -fmodule-map-file\=/Users/delaxstudio/Library/Developer/Xcode/DerivedData/shigodeki-fkaeotsqybievcdjwhonrrgqyvla/Build/Intermediates.noindex/GeneratedModuleMaps-iphonesimulator/FirebaseAppCheckInterop.modulemap -enable-bare-slash-regex -enable-experimental-feature DebugDescriptionMacro -sdk /Applications/Xcode.app/Contents/Developer/Platforms/iPhoneSimulator.platform/Developer/SDKs/iPhoneSimulator26.2.sdk -target x86_64-apple-ios18.5-simulator -g -module-cache-path /Users/delaxstudio/Library/Developer/Xcode/DerivedData/ModuleCache.noindex -Xfrontend -serialize-debugging-options -enable-testing -index-store-path /Users/delaxstudio/Library/Developer/Xcode/DerivedData/shigodeki-fkaeotsqybievcdjwhonrrgqyvla/Index.noindex/DataStore -Xcc -D_LIBCPP_HARDENING_MODE\=_LIBCPP_HARDENING_MODE_DEBUG -swift-version 5 -I /Users/delaxstudio/Library/Developer/Xcode/DerivedData/shigodeki-fkaeotsqybievcdjwhonrrgqyvla/Build/Products/Debug-iphonesimulator -F /Users/delaxstudio/Library/Developer/Xcode/DerivedData/shigodeki-fkaeotsqybievcdjwhonrrgqyvla/Build/Products/Debug-iphonesimulator/PackageFrameworks -F /Users/delaxstudio/Library/Developer/Xcode/DerivedData/shigodeki-fkaeotsqybievcdjwhonrrgqyvla/Build/Products/Debug-iphonesimulator/PackageFrameworks -F /Users/delaxstudio/Library/Developer/Xcode/DerivedData/shigodeki-fkaeotsqybievcdjwhonrrgqyvla/Build/Products/Debug-iphonesimulator/PackageFrameworks -F /Users/delaxstudio/Library/Developer/Xcode/DerivedData/shigodeki-fkaeotsqybievcdjwhonrrgqyvla/Build/Products/Debug-iphonesimulator/PackageFrameworks -F /Users/delaxstudio/Library/Developer/Xcode/DerivedData/shigodeki-fkaeotsqybievcdjwhonrrgqyvla/Build/Products/Debug-iphonesimulator/PackageFrameworks -F /Users/delaxstudio/Library/Developer/Xcode/DerivedData/shigodeki-fkaeotsqybievcdjwhonrrgqyvla/Build/Products/Debug-iphonesimulator/PackageFrameworks -F /Users/delaxstudio/Library/Developer/Xcode/DerivedData/shigodeki-fkaeotsqybievcdjwhonrrgqyvla/Build/Products/Debug-iphonesimulator/PackageFrameworks -F /Users/delaxstudio/Library/Developer/Xcode/DerivedData/shigodeki-fkaeotsqybievcdjwhonrrgqyvla/Build/Products/Debug-iphonesimulator/PackageFrameworks -F /Users/delaxstudio/Library/Developer/Xcode/DerivedData/shigodeki-fkaeotsqybievcdjwhonrrgqyvla/Build/Products/Debug-iphonesimulator/PackageFrameworks -F /Users/delaxstudio/Library/Developer/Xcode/DerivedData/shigodeki-fkaeotsqybievcdjwhonrrgqyvla/Build/Products/Debug-iphonesimulator/PackageFrameworks -F /Users/delaxstudio/Library/Developer/Xcode/DerivedData/shigodeki-fkaeotsqybievcdjwhonrrgqyvla/Build/Products/Debug-iphonesimulator/PackageFrameworks -F /Users/delaxstudio/Library/Developer/Xcode/DerivedData/shigodeki-fkaeotsqybievcdjwhonrrgqyvla/Build/Products/Debug-iphonesimulator/PackageFrameworks -F /Users/delaxstudio/Library/Developer/Xcode/DerivedData/shigodeki-fkaeotsqybievcdjwhonrrgqyvla/Build/Products/Debug-iphonesimulator/PackageFrameworks -F /Users/delaxstudio/Library/Developer/Xcode/DerivedData/shigodeki-fkaeotsqybievcdjwhonrrgqyvla/Build/Products/Debug-iphonesimulator/PackageFrameworks -F /Users/delaxstudio/Library/Developer/Xcode/DerivedData/shigodeki-fkaeotsqybievcdjwhonrrgqyvla/Build/Products/Debug-iphonesimulator/PackageFrameworks -F /Users/delaxstudio/Library/Developer/Xcode/DerivedData/shigodeki-fkaeotsqybievcdjwhonrrgqyvla/Build/Products/Debug-iphonesimulator/PackageFrameworks -F /Users/delaxstudio/Library/Developer/Xcode/DerivedData/shigodeki-fkaeotsqybievcdjwhonrrgqyvla/Build/Products/Debug-iphonesimulator/PackageFrameworks -F /Users/delaxstudio/Library/Developer/Xcode/DerivedData/shigodeki-fkaeotsqybievcdjwhonrrgqyvla/Build/Products/Debug-iphonesimulator/PackageFrameworks -F /Users/delaxstudio/Library/Developer/Xcode/DerivedData/shigodeki-fkaeotsqybievcdjwhonrrgqyvla/Build/Products/Debug-iphonesimulator/PackageFrameworks -F /Users/delaxstudio/Library/Developer/Xcode/DerivedData/shigodeki-fkaeotsqybievcdjwhonrrgqyvla/Build/Products/Debug-iphonesimulator/PackageFrameworks -F /Users/delaxstudio/Library/Developer/Xcode/DerivedData/shigodeki-fkaeotsqybievcdjwhonrrgqyvla/Build/Products/Debug-iphonesimulator/PackageFrameworks -F /Users/delaxstudio/Library/Developer/Xcode/DerivedData/shigodeki-fkaeotsqybievcdjwhonrrgqyvla/Build/Products/Debug-iphonesimulator/PackageFrameworks -F /Users/delaxstudio/Library/Developer/Xcode/DerivedData/shigodeki-fkaeotsqybievcdjwhonrrgqyvla/Build/Products/Debug-iphonesimulator/PackageFrameworks -F /Users/delaxstudio/Library/Developer/Xcode/DerivedData/shigodeki-fkaeotsqybievcdjwhonrrgqyvla/Build/Products/Debug-iphonesimulator/PackageFrameworks -F /Users/delaxstudio/Library/Developer/Xcode/DerivedData/shigodeki-fkaeotsqybievcdjwhonrrgqyvla/Build/Products/Debug-iphonesimulator/PackageFrameworks -F /Users/delaxstudio/Library/Developer/Xcode/DerivedData/shigodeki-fkaeotsqybievcdjwhonrrgqyvla/Build/Products/Debug-iphonesimulator/PackageFrameworks -F /Users/delaxstudio/Library/Developer/Xcode/DerivedData/shigodeki-fkaeotsqybievcdjwhonrrgqyvla/Build/Products/Debug-iphonesimulator/PackageFrameworks -F /Users/delaxstudio/Library/Developer/Xcode/DerivedData/shigodeki-fkaeotsqybievcdjwhonrrgqyvla/Build/Products/Debug-iphonesimulator/PackageFrameworks -F /Users/delaxstudio/Library/Developer/Xcode/DerivedData/shigodeki-fkaeotsqybievcdjwhonrrgqyvla/Build/Products/Debug-iphonesimulator -emit-localized-strings -emit-localized-strings-path /Users/delaxstudio/Library/Developer/Xcode/DerivedData/shigodeki-fkaeotsqybievcdjwhonrrgqyvla/Build/Intermediates.noindex/shigodeki.build/Debug-iphonesimulator/shigodeki.build/Objects-normal/x86_64 -c -j20 -enable-batch-mode -incremental -Xcc -ivfsstatcache -Xcc /Users/delaxstudio/Library/Developer/Xcode/DerivedData/SDKStatCaches.noindex/iphonesimulator26.2-23C53-7d00a8b37fbd7999ea79df8ebc024bf0.sdkstatcache -output-file-map /Users/delaxstudio/Library/Developer/Xcode/DerivedData/shigodeki-fkaeotsqybievcdjwhonrrgqyvla/Build/Intermediates.noindex/shigodeki.build/Debug-iphonesimulator/shigodeki.build/Objects-normal/x86_64/shigodeki-OutputFileMap.json -use-frontend-parseable-output -save-temps -no-color-diagnostics -explicit-module-build -module-cache-path /Users/delaxstudio/Library/Developer/Xcode/DerivedData/shigodeki-fkaeotsqybievcdjwhonrrgqyvla/Build/Intermediates.noindex/SwiftExplicitPrecompiledModules -clang-scanner-module-cache-path /Users/delaxstudio/Library/Developer/Xcode/DerivedData/ModuleCache.noindex -sdk-module-cache-path /Users/delaxstudio/Library/Developer/Xcode/DerivedData/ModuleCache.noindex -serialize-diagnostics -emit-dependencies -emit-module -emit-module-path /Users/delaxstudio/Library/Developer/Xcode/DerivedData/shigodeki-fkaeotsqybievcdjwhonrrgqyvla/Build/Intermediates.noindex/shigodeki.build/Debug-iphonesimulator/shigodeki.build/Objects-normal/x86_64/shigodeki.swiftmodule -validate-clang-modules-once -clang-build-session-file /Users/delaxstudio/Library/Developer/Xcode/DerivedData/ModuleCache.noindex/Session.modulevalidation -Xcc -I/Users/delaxstudio/Library/Developer/Xcode/DerivedData/shigodeki-fkaeotsqybievcdjwhonrrgqyvla/Build/Intermediates.noindex/shigodeki.build/Debug-iphonesimulator/shigodeki.build/swift-overrides.hmap -emit-const-values -Xfrontend -const-gather-protocols-file -Xfrontend /Users/delaxstudio/Library/Developer/Xcode/DerivedData/shigodeki-fkaeotsqybievcdjwhonrrgqyvla/Build/Intermediates.noindex/shigodeki.build/Debug-iphonesimulator/shigodeki.build/Objects-normal/x86_64/shigodeki_const_extract_protocols.json -Xcc -iquote -Xcc /Users/delaxstudio/Library/Developer/Xcode/DerivedData/shigodeki-fkaeotsqybievcdjwhonrrgqyvla/Build/Intermediates.noindex/shigodeki.build/Debug-iphonesimulator/shigodeki.build/shigodeki-generated-files.hmap -Xcc -I/Users/delaxstudio/Library/Developer/Xcode/DerivedData/shigodeki-fkaeotsqybievcdjwhonrrgqyvla/Build/Intermediates.noindex/shigodeki.build/Debug-iphonesimulator/shigodeki.build/shigodeki-own-target-headers.hmap -Xcc -I/Users/delaxstudio/Library/Developer/Xcode/DerivedData/shigodeki-fkaeotsqybievcdjwhonrrgqyvla/Build/Intermediates.noindex/shigodeki.build/Debug-iphonesimulator/shigodeki.build/shigodeki-all-non-framework-target-headers.hmap -Xcc -ivfsoverlay -Xcc /Users/delaxstudio/Library/Developer/Xcode/DerivedData/shigodeki-fkaeotsqybievcdjwhonrrgqyvla/Build/Intermediates.noindex/shigodeki.build/Debug-iphonesimulator/shigodeki-778cd99806b7a64fcaf3138ab8d360b6-VFS-iphonesimulator/all-product-headers.yaml -Xcc -iquote -Xcc /Users/delaxstudio/Library/Developer/Xcode/DerivedData/shigodeki-fkaeotsqybievcdjwhonrrgqyvla/Build/Intermediates.noindex/shigodeki.build/Debug-iphonesimulator/shigodeki.build/shigodeki-project-headers.hmap -Xcc -I/Users/delaxstudio/Library/Developer/Xcode/DerivedData/shigodeki-fkaeotsqybievcdjwhonrrgqyvla/SourcePackages/checkouts/abseil-cpp-binary/absl-Wrapper/include -Xcc -I/Users/delaxstudio/Library/Developer/Xcode/DerivedData/shigodeki-fkaeotsqybievcdjwhonrrgqyvla/SourcePackages/checkouts/grpc-binary/openssl-grpc-Wrapper/include -Xcc -I/Users/delaxstudio/Library/Developer/Xcode/DerivedData/shigodeki-fkaeotsqybievcdjwhonrrgqyvla/SourcePackages/checkouts/grpc-binary/grpc-Wrapper/include -Xcc -I/Users/delaxstudio/Library/Developer/Xcode/DerivedData/shigodeki-fkaeotsqybievcdjwhonrrgqyvla/SourcePackages/checkouts/grpc-binary/grpcpp-Wrapper/include -Xcc -I/Users/delaxstudio/Library/Developer/Xcode/DerivedData/shigodeki-fkaeotsqybievcdjwhonrrgqyvla/SourcePackages/checkouts/nanopb/spm_headers -Xcc -I/Users/delaxstudio/Library/Developer/Xcode/DerivedData/shigodeki-fkaeotsqybievcdjwhonrrgqyvla/SourcePackages/checkouts/leveldb/include -Xcc -I/Users/delaxstudio/Library/Developer/Xcode/DerivedData/shigodeki-fkaeotsqybievcdjwhonrrgqyvla/SourcePackages/checkouts/firebase-ios-sdk/FirebaseFirestoreInternal -Xcc -I/Users/delaxstudio/Library/Developer/Xcode/DerivedData/shigodeki-fkaeotsqybievcdjwhonrrgqyvla/SourcePackages/checkouts/firebase-ios-sdk/SwiftPM-PlatformExclude/FirebaseFirestoreWrap/include -Xcc -I/Users/delaxstudio/Library/Developer/Xcode/DerivedData/shigodeki-fkaeotsqybievcdjwhonrrgqyvla/SourcePackages/checkouts/interop-ios-for-google-sdks/RecaptchaEnterprise/RecaptchaInterop/Public -Xcc -I/Users/delaxstudio/Library/Developer/Xcode/DerivedData/shigodeki-fkaeotsqybievcdjwhonrrgqyvla/SourcePackages/checkouts/GoogleUtilities/GoogleUtilities/Network/Public -Xcc -I/Users/delaxstudio/Library/Developer/Xcode/DerivedData/shigodeki-fkaeotsqybievcdjwhonrrgqyvla/SourcePackages/checkouts/GoogleUtilities/GoogleUtilities/Reachability/Public -Xcc -I/Users/delaxstudio/Library/Developer/Xcode/DerivedData/shigodeki-fkaeotsqybievcdjwhonrrgqyvla/SourcePackages/checkouts/GoogleUtilities/GoogleUtilities/NSData+zlib/Public -Xcc -I/Users/delaxstudio/Library/Developer/Xcode/DerivedData/shigodeki-fkaeotsqybievcdjwhonrrgqyvla/SourcePackages/checkouts/GoogleUtilities/GoogleUtilities/Logger/Public -Xcc -I/Users/delaxstudio/Library/Developer/Xcode/DerivedData/shigodeki-fkaeotsqybievcdjwhonrrgqyvla/SourcePackages/checkouts/GoogleUtilities/GoogleUtilities/Environment/Public -Xcc -I/Users/delaxstudio/Library/Developer/Xcode/DerivedData/shigodeki-fkaeotsqybievcdjwhonrrgqyvla/SourcePackages/checkouts/GoogleUtilities/third_party/IsAppEncrypted/Public -Xcc -I/Users/delaxstudio/Library/Developer/Xcode/DerivedData/shigodeki-fkaeotsqybievcdjwhonrrgqyvla/SourcePackages/checkouts/GoogleUtilities/GoogleUtilities/AppDelegateSwizzler/Public -Xcc -I/Users/delaxstudio/Library/Developer/Xcode/DerivedData/shigodeki-fkaeotsqybievcdjwhonrrgqyvla/SourcePackages/checkouts/gtm-session-fetcher/Sources/Core/Public -Xcc -I/Users/delaxstudio/Library/Developer/Xcode/DerivedData/shigodeki-fkaeotsqybievcdjwhonrrgqyvla/SourcePackages/checkouts/firebase-ios-sdk/FirebaseCore/Extension -Xcc -I/Users/delaxstudio/Library/Developer/Xcode/DerivedData/shigodeki-fkaeotsqybievcdjwhonrrgqyvla/SourcePackages/checkouts/firebase-ios-sdk/FirebaseCore/Sources/Public -Xcc -I/Users/delaxstudio/Library/Developer/Xcode/DerivedData/shigodeki-fkaeotsqybievcdjwhonrrgqyvla/SourcePackages/checkouts/firebase-ios-sdk/CoreOnly/Sources -Xcc -I/Users/delaxstudio/Library/Developer/Xcode/DerivedData/shigodeki-fkaeotsqybievcdjwhonrrgqyvla/SourcePackages/checkouts/firebase-ios-sdk/FirebaseAuth/Sources/Public -Xcc -I/Users/delaxstudio/Library/Developer/Xcode/DerivedData/shigodeki-fkaeotsqybievcdjwhonrrgqyvla/SourcePackages/checkouts/firebase-ios-sdk/FirebaseAuth/Interop/Public -Xcc -I/Users/delaxstudio/Library/Developer/Xcode/DerivedData/shigodeki-fkaeotsqybievcdjwhonrrgqyvla/SourcePackages/checkouts/firebase-ios-sdk/FirebaseAppCheck/Interop/Public -Xcc -I/Users/delaxstudio/Library/Developer/Xcode/DerivedData/shigodeki-fkaeotsqybievcdjwhonrrgqyvla/Build/Products/Debug-iphonesimulator/include -Xcc -I/Users/delaxstudio/Library/Developer/Xcode/DerivedData/shigodeki-fkaeotsqybievcdjwhonrrgqyvla/Build/Intermediates.noindex/shigodeki.build/Debug-iphonesimulator/shigodeki.build/DerivedSources-normal/x86_64 -Xcc -I/Users/delaxstudio/Library/Developer/Xcode/DerivedData/shigodeki-fkaeotsqybievcdjwhonrrgqyvla/Build/Intermediates.noindex/shigodeki.build/Debug-iphonesimulator/shigodeki.build/DerivedSources/x86_64 -Xcc -I/Users/delaxstudio/Library/Developer/Xcode/DerivedData/shigodeki-fkaeotsqybievcdjwhonrrgqyvla/Build/Intermediates.noindex/shigodeki.build/Debug-iphonesimulator/shigodeki.build/DerivedSources -Xcc -DDEBUG\=1 -emit-objc-header -emit-objc-header-path /Users/delaxstudio/Library/Developer/Xcode/DerivedData/shigodeki-fkaeotsqybievcdjwhonrrgqyvla/Build/Intermediates.noindex/shigodeki.build/Debug-iphonesimulator/shigodeki.build/Objects-normal/x86_64/shigodeki-Swift.h -working-directory /Users/delaxstudio/src/shigodeki/iOS -experimental-emit-module-separately -disable-cmo

Ld /Users/delaxstudio/Library/Developer/Xcode/DerivedData/shigodeki-fkaeotsqybievcdjwhonrrgqyvla/Build/Intermediates.noindex/shigodeki.build/Debug-iphonesimulator/shigodeki.build/Objects-normal/x86_64/Binary/shigodeki.debug.dylib normal x86_64 (in target 'shigodeki' from project 'shigodeki')
    cd /Users/delaxstudio/src/shigodeki/iOS
    /Applications/Xcode.app/Contents/Developer/Toolchains/XcodeDefault.xctoolchain/usr/bin/clang -Xlinker -reproducible -target x86_64-apple-ios18.5-simulator -dynamiclib -isysroot /Applications/Xcode.app/Contents/Developer/Platforms/iPhoneSimulator.platform/Developer/SDKs/iPhoneSimulator26.2.sdk -O0 -L/Users/delaxstudio/Library/Developer/Xcode/DerivedData/shigodeki-fkaeotsqybievcdjwhonrrgqyvla/Build/Intermediates.noindex/EagerLinkingTBDs/Debug-iphonesimulator -L/Users/delaxstudio/Library/Developer/Xcode/DerivedData/shigodeki-fkaeotsqybievcdjwhonrrgqyvla/Build/Products/Debug-iphonesimulator -F/Users/delaxstudio/Library/Developer/Xcode/DerivedData/shigodeki-fkaeotsqybievcdjwhonrrgqyvla/Build/Intermediates.noindex/EagerLinkingTBDs/Debug-iphonesimulator -F/Users/delaxstudio/Library/Developer/Xcode/DerivedData/shigodeki-fkaeotsqybievcdjwhonrrgqyvla/Build/Products/Debug-iphonesimulator/PackageFrameworks -F/Users/delaxstudio/Library/Developer/Xcode/DerivedData/shigodeki-fkaeotsqybievcdjwhonrrgqyvla/Build/Products/Debug-iphonesimulator/PackageFrameworks -F/Users/delaxstudio/Library/Developer/Xcode/DerivedData/shigodeki-fkaeotsqybievcdjwhonrrgqyvla/Build/Products/Debug-iphonesimulator/PackageFrameworks -F/Users/delaxstudio/Library/Developer/Xcode/DerivedData/shigodeki-fkaeotsqybievcdjwhonrrgqyvla/Build/Products/Debug-iphonesimulator/PackageFrameworks -F/Users/delaxstudio/Library/Developer/Xcode/DerivedData/shigodeki-fkaeotsqybievcdjwhonrrgqyvla/Build/Products/Debug-iphonesimulator/PackageFrameworks -F/Users/delaxstudio/Library/Developer/Xcode/DerivedData/shigodeki-fkaeotsqybievcdjwhonrrgqyvla/Build/Products/Debug-iphonesimulator/PackageFrameworks -F/Users/delaxstudio/Library/Developer/Xcode/DerivedData/shigodeki-fkaeotsqybievcdjwhonrrgqyvla/Build/Products/Debug-iphonesimulator/PackageFrameworks -F/Users/delaxstudio/Library/Developer/Xcode/DerivedData/shigodeki-fkaeotsqybievcdjwhonrrgqyvla/Build/Products/Debug-iphonesimulator/PackageFrameworks -F/Users/delaxstudio/Library/Developer/Xcode/DerivedData/shigodeki-fkaeotsqybievcdjwhonrrgqyvla/Build/Products/Debug-iphonesimulator/PackageFrameworks -F/Users/delaxstudio/Library/Developer/Xcode/DerivedData/shigodeki-fkaeotsqybievcdjwhonrrgqyvla/Build/Products/Debug-iphonesimulator/PackageFrameworks -F/Users/delaxstudio/Library/Developer/Xcode/DerivedData/shigodeki-fkaeotsqybievcdjwhonrrgqyvla/Build/Products/Debug-iphonesimulator/PackageFrameworks -F/Users/delaxstudio/Library/Developer/Xcode/DerivedData/shigodeki-fkaeotsqybievcdjwhonrrgqyvla/Build/Products/Debug-iphonesimulator/PackageFrameworks -F/Users/delaxstudio/Library/Developer/Xcode/DerivedData/shigodeki-fkaeotsqybievcdjwhonrrgqyvla/Build/Products/Debug-iphonesimulator/PackageFrameworks -F/Users/delaxstudio/Library/Developer/Xcode/DerivedData/shigodeki-fkaeotsqybievcdjwhonrrgqyvla/Build/Products/Debug-iphonesimulator/PackageFrameworks -F/Users/delaxstudio/Library/Developer/Xcode/DerivedData/shigodeki-fkaeotsqybievcdjwhonrrgqyvla/Build/Products/Debug-iphonesimulator/PackageFrameworks -F/Users/delaxstudio/Library/Developer/Xcode/DerivedData/shigodeki-fkaeotsqybievcdjwhonrrgqyvla/Build/Products/Debug-iphonesimulator/PackageFrameworks -F/Users/delaxstudio/Library/Developer/Xcode/DerivedData/shigodeki-fkaeotsqybievcdjwhonrrgqyvla/Build/Products/Debug-iphonesimulator/PackageFrameworks -F/Users/delaxstudio/Library/Developer/Xcode/DerivedData/shigodeki-fkaeotsqybievcdjwhonrrgqyvla/Build/Products/Debug-iphonesimulator/PackageFrameworks -F/Users/delaxstudio/Library/Developer/Xcode/DerivedData/shigodeki-fkaeotsqybievcdjwhonrrgqyvla/Build/Products/Debug-iphonesimulator/PackageFrameworks -F/Users/delaxstudio/Library/Developer/Xcode/DerivedData/shigodeki-fkaeotsqybievcdjwhonrrgqyvla/Build/Products/Debug-iphonesimulator/PackageFrameworks -F/Users/delaxstudio/Library/Developer/Xcode/DerivedData/shigodeki-fkaeotsqybievcdjwhonrrgqyvla/Build/Products/Debug-iphonesimulator/PackageFrameworks -F/Users/delaxstudio/Library/Developer/Xcode/DerivedData/shigodeki-fkaeotsqybievcdjwhonrrgqyvla/Build/Products/Debug-iphonesimulator/PackageFrameworks -F/Users/delaxstudio/Library/Developer/Xcode/DerivedData/shigodeki-fkaeotsqybievcdjwhonrrgqyvla/Build/Products/Debug-iphonesimulator/PackageFrameworks -F/Users/delaxstudio/Library/Developer/Xcode/DerivedData/shigodeki-fkaeotsqybievcdjwhonrrgqyvla/Build/Products/Debug-iphonesimulator/PackageFrameworks -F/Users/delaxstudio/Library/Developer/Xcode/DerivedData/shigodeki-fkaeotsqybievcdjwhonrrgqyvla/Build/Products/Debug-iphonesimulator/PackageFrameworks -F/Users/delaxstudio/Library/Developer/Xcode/DerivedData/shigodeki-fkaeotsqybievcdjwhonrrgqyvla/Build/Products/Debug-iphonesimulator/PackageFrameworks -F/Users/delaxstudio/Library/Developer/Xcode/DerivedData/shigodeki-fkaeotsqybievcdjwhonrrgqyvla/Build/Products/Debug-iphonesimulator/PackageFrameworks -F/Users/delaxstudio/Library/Developer/Xcode/DerivedData/shigodeki-fkaeotsqybievcdjwhonrrgqyvla/Build/Products/Debug-iphonesimulator/PackageFrameworks -F/Users/delaxstudio/Library/Developer/Xcode/DerivedData/shigodeki-fkaeotsqybievcdjwhonrrgqyvla/Build/Products/Debug-iphonesimulator -filelist /Users/delaxstudio/Library/Developer/Xcode/DerivedData/shigodeki-fkaeotsqybievcdjwhonrrgqyvla/Build/Intermediates.noindex/shigodeki.build/Debug-iphonesimulator/shigodeki.build/Objects-normal/x86_64/shigodeki.LinkFileList -install_name @rpath/shigodeki.debug.dylib -Xlinker -rpath -Xlinker /usr/lib/swift -Xlinker -rpath -Xlinker /Users/delaxstudio/Library/Developer/Xcode/DerivedData/shigodeki-fkaeotsqybievcdjwhonrrgqyvla/Build/Products/Debug-iphonesimulator/PackageFrameworks -Xlinker -rpath -Xlinker @executable_path/Frameworks -dead_strip -Xlinker -object_path_lto -Xlinker /Users/delaxstudio/Library/Developer/Xcode/DerivedData/shigodeki-fkaeotsqybievcdjwhonrrgqyvla/Build/Intermediates.noindex/shigodeki.build/Debug-iphonesimulator/shigodeki.build/Objects-normal/x86_64/shigodeki_lto.o -rdynamic -Xlinker -no_deduplicate -Xlinker -objc_abi_version -Xlinker 2 -Xlinker -dependency_info -Xlinker /Users/delaxstudio/Library/Developer/Xcode/DerivedData/shigodeki-fkaeotsqybievcdjwhonrrgqyvla/Build/Intermediates.noindex/shigodeki.build/Debug-iphonesimulator/shigodeki.build/Objects-normal/x86_64/shigodeki_dependency_info.dat -fobjc-link-runtime -L/Applications/Xcode.app/Contents/Developer/Toolchains/XcodeDefault.xctoolchain/usr/lib/swift/iphonesimulator -L/usr/lib/swift -Xlinker -add_ast_path -Xlinker /Users/delaxstudio/Library/Developer/Xcode/DerivedData/shigodeki-fkaeotsqybievcdjwhonrrgqyvla/Build/Intermediates.noindex/shigodeki.build/Debug-iphonesimulator/shigodeki.build/Objects-normal/x86_64/shigodeki.swiftmodule @/Users/delaxstudio/Library/Developer/Xcode/DerivedData/shigodeki-fkaeotsqybievcdjwhonrrgqyvla/Build/Intermediates.noindex/shigodeki.build/Debug-iphonesimulator/shigodeki.build/Objects-normal/x86_64/shigodeki-linker-args.resp -Wl,-no_warn_duplicate_libraries -Wl,-no_warn_duplicate_libraries -Wl,-no_warn_duplicate_libraries -Wl,-no_warn_duplicate_libraries -Wl,-no_warn_duplicate_libraries -Wl,-no_warn_duplicate_libraries -lc++ -Wl,-no_warn_duplicate_libraries -Wl,-no_warn_duplicate_libraries -Wl,-no_warn_duplicate_libraries -Wl,-no_warn_duplicate_libraries -Wl,-no_warn_duplicate_libraries -Wl,-no_warn_duplicate_libraries -Wl,-no_warn_duplicate_libraries -Wl,-no_warn_duplicate_libraries -Wl,-no_warn_duplicate_libraries -Wl,-no_warn_duplicate_libraries -Wl,-no_warn_duplicate_libraries -Wl,-no_warn_duplicate_libraries -Wl,-no_warn_duplicate_libraries -Wl,-no_warn_duplicate_libraries -Wl,-no_warn_duplicate_libraries -Wl,-no_warn_duplicate_libraries -Wl,-no_warn_duplicate_libraries -Wl,-no_warn_duplicate_libraries -Wl,-no_warn_duplicate_libraries -Wl,-no_warn_duplicate_libraries -Wl,-no_warn_duplicate_libraries -Wl,-no_warn_duplicate_libraries -framework Security -framework SafariServices -framework UIKit -lz -lc++ -framework SystemConfiguration -framework UIKit -Xlinker -alias -Xlinker _main -Xlinker ___debug_main_executable_dylib_entry_point -framework FirebaseFirestoreInternal -framework absl -framework grpcpp -framework grpc -framework openssl_grpc -Xlinker -no_adhoc_codesign -o /Users/delaxstudio/Library/Developer/Xcode/DerivedData/shigodeki-fkaeotsqybievcdjwhonrrgqyvla/Build/Intermediates.noindex/shigodeki.build/Debug-iphonesimulator/shigodeki.build/Objects-normal/x86_64/Binary/shigodeki.debug.dylib -Xlinker -add_ast_path -Xlinker /Users/delaxstudio/Library/Developer/Xcode/DerivedData/shigodeki-fkaeotsqybievcdjwhonrrgqyvla/Build/Intermediates.noindex/Firebase.build/Debug-iphonesimulator/FirebaseStorage.build/Objects-normal/x86_64/FirebaseStorage.swiftmodule @/Users/delaxstudio/Library/Developer/Xcode/DerivedData/shigodeki-fkaeotsqybievcdjwhonrrgqyvla/Build/Intermediates.noindex/Firebase.build/Debug-iphonesimulator/FirebaseStorage.build/Objects-normal/x86_64/FirebaseStorage-linker-args.resp -Xlinker -add_ast_path -Xlinker /Users/delaxstudio/Library/Developer/Xcode/DerivedData/shigodeki-fkaeotsqybievcdjwhonrrgqyvla/Build/Intermediates.noindex/Firebase.build/Debug-iphonesimulator/FirebaseCoreInternal.build/Objects-normal/x86_64/FirebaseCoreInternal.swiftmodule @/Users/delaxstudio/Library/Developer/Xcode/DerivedData/shigodeki-fkaeotsqybievcdjwhonrrgqyvla/Build/Intermediates.noindex/Firebase.build/Debug-iphonesimulator/FirebaseCoreInternal.build/Objects-normal/x86_64/FirebaseCoreInternal-linker-args.resp -Xlinker -add_ast_path -Xlinker /Users/delaxstudio/Library/Developer/Xcode/DerivedData/shigodeki-fkaeotsqybievcdjwhonrrgqyvla/Build/Intermediates.noindex/Firebase.build/Debug-iphonesimulator/FirebaseSharedSwift.build/Objects-normal/x86_64/FirebaseSharedSwift.swiftmodule @/Users/delaxstudio/Library/Developer/Xcode/DerivedData/shigodeki-fkaeotsqybievcdjwhonrrgqyvla/Build/Intermediates.noindex/Firebase.build/Debug-iphonesimulator/FirebaseSharedSwift.build/Objects-normal/x86_64/FirebaseSharedSwift-linker-args.resp -Xlinker -add_ast_path -Xlinker /Users/delaxstudio/Library/Developer/Xcode/DerivedData/shigodeki-fkaeotsqybievcdjwhonrrgqyvla/Build/Intermediates.noindex/Firebase.build/Debug-iphonesimulator/FirebaseFirestore.build/Objects-normal/x86_64/FirebaseFirestore.swiftmodule @/Users/delaxstudio/Library/Developer/Xcode/DerivedData/shigodeki-fkaeotsqybievcdjwhonrrgqyvla/Build/Intermediates.noindex/Firebase.build/Debug-iphonesimulator/FirebaseFirestore.build/Objects-normal/x86_64/FirebaseFirestore-linker-args.resp -Xlinker -add_ast_path -Xlinker /Users/delaxstudio/Library/Developer/Xcode/DerivedData/shigodeki-fkaeotsqybievcdjwhonrrgqyvla/Build/Intermediates.noindex/Firebase.build/Debug-iphonesimulator/FirebaseAuth.build/Objects-normal/x86_64/FirebaseAuth.swiftmodule @/Users/delaxstudio/Library/Developer/Xcode/DerivedData/shigodeki-fkaeotsqybievcdjwhonrrgqyvla/Build/Intermediates.noindex/Firebase.build/Debug-iphonesimulator/FirebaseAuth.build/Objects-normal/x86_64/FirebaseAuth-linker-args.resp

ConstructStubExecutorLinkFileList /Users/delaxstudio/Library/Developer/Xcode/DerivedData/shigodeki-fkaeotsqybievcdjwhonrrgqyvla/Build/Intermediates.noindex/shigodeki.build/Debug-iphonesimulator/shigodeki.build/shigodeki-ExecutorLinkFileList-normal-arm64.txt (in target 'shigodeki' from project 'shigodeki')
    cd /Users/delaxstudio/src/shigodeki/iOS
    construct-stub-executor-link-file-list /Users/delaxstudio/Library/Developer/Xcode/DerivedData/shigodeki-fkaeotsqybievcdjwhonrrgqyvla/Build/Intermediates.noindex/shigodeki.build/Debug-iphonesimulator/shigodeki.build/Objects-normal/arm64/Binary/shigodeki.debug.dylib /Applications/Xcode.app/Contents/Developer/Platforms/iPhoneSimulator.platform/Developer/usr/lib/libPreviewsJITStubExecutor_no_swift_entry_point.a /Applications/Xcode.app/Contents/Developer/Platforms/iPhoneSimulator.platform/Developer/usr/lib/libPreviewsJITStubExecutor.a --output /Users/delaxstudio/Library/Developer/Xcode/DerivedData/shigodeki-fkaeotsqybievcdjwhonrrgqyvla/Build/Intermediates.noindex/shigodeki.build/Debug-iphonesimulator/shigodeki.build/shigodeki-ExecutorLinkFileList-normal-arm64.txt
note: Using stub executor library with Swift entry point. (in target 'shigodeki' from project 'shigodeki')

Ld /Users/delaxstudio/Library/Developer/Xcode/DerivedData/shigodeki-fkaeotsqybievcdjwhonrrgqyvla/Build/Intermediates.noindex/shigodeki.build/Debug-iphonesimulator/shigodeki.build/Objects-normal/arm64/Binary/shigodeki normal arm64 (in target 'shigodeki' from project 'shigodeki')
    cd /Users/delaxstudio/src/shigodeki/iOS
    /Applications/Xcode.app/Contents/Developer/Toolchains/XcodeDefault.xctoolchain/usr/bin/clang -Xlinker -reproducible -target arm64-apple-ios18.5-simulator -isysroot /Applications/Xcode.app/Contents/Developer/Platforms/iPhoneSimulator.platform/Developer/SDKs/iPhoneSimulator26.2.sdk -O0 -L/Users/delaxstudio/Library/Developer/Xcode/DerivedData/shigodeki-fkaeotsqybievcdjwhonrrgqyvla/Build/Products/Debug-iphonesimulator -F/Users/delaxstudio/Library/Developer/Xcode/DerivedData/shigodeki-fkaeotsqybievcdjwhonrrgqyvla/Build/Products/Debug-iphonesimulator/PackageFrameworks -F/Users/delaxstudio/Library/Developer/Xcode/DerivedData/shigodeki-fkaeotsqybievcdjwhonrrgqyvla/Build/Products/Debug-iphonesimulator/PackageFrameworks -F/Users/delaxstudio/Library/Developer/Xcode/DerivedData/shigodeki-fkaeotsqybievcdjwhonrrgqyvla/Build/Products/Debug-iphonesimulator/PackageFrameworks -F/Users/delaxstudio/Library/Developer/Xcode/DerivedData/shigodeki-fkaeotsqybievcdjwhonrrgqyvla/Build/Products/Debug-iphonesimulator/PackageFrameworks -F/Users/delaxstudio/Library/Developer/Xcode/DerivedData/shigodeki-fkaeotsqybievcdjwhonrrgqyvla/Build/Products/Debug-iphonesimulator/PackageFrameworks -F/Users/delaxstudio/Library/Developer/Xcode/DerivedData/shigodeki-fkaeotsqybievcdjwhonrrgqyvla/Build/Products/Debug-iphonesimulator/PackageFrameworks -F/Users/delaxstudio/Library/Developer/Xcode/DerivedData/shigodeki-fkaeotsqybievcdjwhonrrgqyvla/Build/Products/Debug-iphonesimulator/PackageFrameworks -F/Users/delaxstudio/Library/Developer/Xcode/DerivedData/shigodeki-fkaeotsqybievcdjwhonrrgqyvla/Build/Products/Debug-iphonesimulator/PackageFrameworks -F/Users/delaxstudio/Library/Developer/Xcode/DerivedData/shigodeki-fkaeotsqybievcdjwhonrrgqyvla/Build/Products/Debug-iphonesimulator/PackageFrameworks -F/Users/delaxstudio/Library/Developer/Xcode/DerivedData/shigodeki-fkaeotsqybievcdjwhonrrgqyvla/Build/Products/Debug-iphonesimulator/PackageFrameworks -F/Users/delaxstudio/Library/Developer/Xcode/DerivedData/shigodeki-fkaeotsqybievcdjwhonrrgqyvla/Build/Products/Debug-iphonesimulator/PackageFrameworks -F/Users/delaxstudio/Library/Developer/Xcode/DerivedData/shigodeki-fkaeotsqybievcdjwhonrrgqyvla/Build/Products/Debug-iphonesimulator/PackageFrameworks -F/Users/delaxstudio/Library/Developer/Xcode/DerivedData/shigodeki-fkaeotsqybievcdjwhonrrgqyvla/Build/Products/Debug-iphonesimulator/PackageFrameworks -F/Users/delaxstudio/Library/Developer/Xcode/DerivedData/shigodeki-fkaeotsqybievcdjwhonrrgqyvla/Build/Products/Debug-iphonesimulator/PackageFrameworks -F/Users/delaxstudio/Library/Developer/Xcode/DerivedData/shigodeki-fkaeotsqybievcdjwhonrrgqyvla/Build/Products/Debug-iphonesimulator/PackageFrameworks -F/Users/delaxstudio/Library/Developer/Xcode/DerivedData/shigodeki-fkaeotsqybievcdjwhonrrgqyvla/Build/Products/Debug-iphonesimulator/PackageFrameworks -F/Users/delaxstudio/Library/Developer/Xcode/DerivedData/shigodeki-fkaeotsqybievcdjwhonrrgqyvla/Build/Products/Debug-iphonesimulator/PackageFrameworks -F/Users/delaxstudio/Library/Developer/Xcode/DerivedData/shigodeki-fkaeotsqybievcdjwhonrrgqyvla/Build/Products/Debug-iphonesimulator/PackageFrameworks -F/Users/delaxstudio/Library/Developer/Xcode/DerivedData/shigodeki-fkaeotsqybievcdjwhonrrgqyvla/Build/Products/Debug-iphonesimulator/PackageFrameworks -F/Users/delaxstudio/Library/Developer/Xcode/DerivedData/shigodeki-fkaeotsqybievcdjwhonrrgqyvla/Build/Products/Debug-iphonesimulator/PackageFrameworks -F/Users/delaxstudio/Library/Developer/Xcode/DerivedData/shigodeki-fkaeotsqybievcdjwhonrrgqyvla/Build/Products/Debug-iphonesimulator/PackageFrameworks -F/Users/delaxstudio/Library/Developer/Xcode/DerivedData/shigodeki-fkaeotsqybievcdjwhonrrgqyvla/Build/Products/Debug-iphonesimulator/PackageFrameworks -F/Users/delaxstudio/Library/Developer/Xcode/DerivedData/shigodeki-fkaeotsqybievcdjwhonrrgqyvla/Build/Products/Debug-iphonesimulator/PackageFrameworks -F/Users/delaxstudio/Library/Developer/Xcode/DerivedData/shigodeki-fkaeotsqybievcdjwhonrrgqyvla/Build/Products/Debug-iphonesimulator/PackageFrameworks -F/Users/delaxstudio/Library/Developer/Xcode/DerivedData/shigodeki-fkaeotsqybievcdjwhonrrgqyvla/Build/Products/Debug-iphonesimulator/PackageFrameworks -F/Users/delaxstudio/Library/Developer/Xcode/DerivedData/shigodeki-fkaeotsqybievcdjwhonrrgqyvla/Build/Products/Debug-iphonesimulator/PackageFrameworks -F/Users/delaxstudio/Library/Developer/Xcode/DerivedData/shigodeki-fkaeotsqybievcdjwhonrrgqyvla/Build/Products/Debug-iphonesimulator/PackageFrameworks -F/Users/delaxstudio/Library/Developer/Xcode/DerivedData/shigodeki-fkaeotsqybievcdjwhonrrgqyvla/Build/Products/Debug-iphonesimulator/PackageFrameworks -F/Users/delaxstudio/Library/Developer/Xcode/DerivedData/shigodeki-fkaeotsqybievcdjwhonrrgqyvla/Build/Products/Debug-iphonesimulator -Xlinker -rpath -Xlinker @executable_path -Xlinker -rpath -Xlinker /Users/delaxstudio/Library/Developer/Xcode/DerivedData/shigodeki-fkaeotsqybievcdjwhonrrgqyvla/Build/Products/Debug-iphonesimulator/PackageFrameworks -Xlinker -rpath -Xlinker @executable_path/Frameworks -rdynamic -Xlinker -no_deduplicate -Xlinker -objc_abi_version -Xlinker 2 -e ___debug_blank_executor_main -Xlinker -sectcreate -Xlinker __TEXT -Xlinker __debug_dylib -Xlinker /Users/delaxstudio/Library/Developer/Xcode/DerivedData/shigodeki-fkaeotsqybievcdjwhonrrgqyvla/Build/Intermediates.noindex/shigodeki.build/Debug-iphonesimulator/shigodeki.build/shigodeki-DebugDylibPath-normal-arm64.txt -Xlinker -sectcreate -Xlinker __TEXT -Xlinker __debug_instlnm -Xlinker /Users/delaxstudio/Library/Developer/Xcode/DerivedData/shigodeki-fkaeotsqybievcdjwhonrrgqyvla/Build/Intermediates.noindex/shigodeki.build/Debug-iphonesimulator/shigodeki.build/shigodeki-DebugDylibInstallName-normal-arm64.txt -Xlinker -filelist -Xlinker /Users/delaxstudio/Library/Developer/Xcode/DerivedData/shigodeki-fkaeotsqybievcdjwhonrrgqyvla/Build/Intermediates.noindex/shigodeki.build/Debug-iphonesimulator/shigodeki.build/shigodeki-ExecutorLinkFileList-normal-arm64.txt -Xlinker -sectcreate -Xlinker __TEXT -Xlinker __entitlements -Xlinker /Users/delaxstudio/Library/Developer/Xcode/DerivedData/shigodeki-fkaeotsqybievcdjwhonrrgqyvla/Build/Intermediates.noindex/shigodeki.build/Debug-iphonesimulator/shigodeki.build/shigodeki.app-Simulated.xcent -Xlinker -sectcreate -Xlinker __TEXT -Xlinker __ents_der -Xlinker /Users/delaxstudio/Library/Developer/Xcode/DerivedData/shigodeki-fkaeotsqybievcdjwhonrrgqyvla/Build/Intermediates.noindex/shigodeki.build/Debug-iphonesimulator/shigodeki.build/shigodeki.app-Simulated.xcent.der /Users/delaxstudio/Library/Developer/Xcode/DerivedData/shigodeki-fkaeotsqybievcdjwhonrrgqyvla/Build/Intermediates.noindex/shigodeki.build/Debug-iphonesimulator/shigodeki.build/Objects-normal/arm64/Binary/shigodeki.debug.dylib -Xlinker -no_adhoc_codesign -o /Users/delaxstudio/Library/Developer/Xcode/DerivedData/shigodeki-fkaeotsqybievcdjwhonrrgqyvla/Build/Intermediates.noindex/shigodeki.build/Debug-iphonesimulator/shigodeki.build/Objects-normal/arm64/Binary/shigodeki

CreateUniversalBinary /Users/delaxstudio/Library/Developer/Xcode/DerivedData/shigodeki-fkaeotsqybievcdjwhonrrgqyvla/Build/Products/Debug-iphonesimulator/shigodeki.app/shigodeki.debug.dylib normal arm64\ x86_64 (in target 'shigodeki' from project 'shigodeki')
    cd /Users/delaxstudio/src/shigodeki/iOS
    /Applications/Xcode.app/Contents/Developer/Toolchains/XcodeDefault.xctoolchain/usr/bin/lipo -create /Users/delaxstudio/Library/Developer/Xcode/DerivedData/shigodeki-fkaeotsqybievcdjwhonrrgqyvla/Build/Intermediates.noindex/shigodeki.build/Debug-iphonesimulator/shigodeki.build/Objects-normal/arm64/Binary/shigodeki.debug.dylib /Users/delaxstudio/Library/Developer/Xcode/DerivedData/shigodeki-fkaeotsqybievcdjwhonrrgqyvla/Build/Intermediates.noindex/shigodeki.build/Debug-iphonesimulator/shigodeki.build/Objects-normal/x86_64/Binary/shigodeki.debug.dylib -output /Users/delaxstudio/Library/Developer/Xcode/DerivedData/shigodeki-fkaeotsqybievcdjwhonrrgqyvla/Build/Products/Debug-iphonesimulator/shigodeki.app/shigodeki.debug.dylib

ConstructStubExecutorLinkFileList /Users/delaxstudio/Library/Developer/Xcode/DerivedData/shigodeki-fkaeotsqybievcdjwhonrrgqyvla/Build/Intermediates.noindex/shigodeki.build/Debug-iphonesimulator/shigodeki.build/shigodeki-ExecutorLinkFileList-normal-x86_64.txt (in target 'shigodeki' from project 'shigodeki')
    cd /Users/delaxstudio/src/shigodeki/iOS
    construct-stub-executor-link-file-list /Users/delaxstudio/Library/Developer/Xcode/DerivedData/shigodeki-fkaeotsqybievcdjwhonrrgqyvla/Build/Intermediates.noindex/shigodeki.build/Debug-iphonesimulator/shigodeki.build/Objects-normal/x86_64/Binary/shigodeki.debug.dylib /Applications/Xcode.app/Contents/Developer/Platforms/iPhoneSimulator.platform/Developer/usr/lib/libPreviewsJITStubExecutor_no_swift_entry_point.a /Applications/Xcode.app/Contents/Developer/Platforms/iPhoneSimulator.platform/Developer/usr/lib/libPreviewsJITStubExecutor.a --output /Users/delaxstudio/Library/Developer/Xcode/DerivedData/shigodeki-fkaeotsqybievcdjwhonrrgqyvla/Build/Intermediates.noindex/shigodeki.build/Debug-iphonesimulator/shigodeki.build/shigodeki-ExecutorLinkFileList-normal-x86_64.txt
note: Using stub executor library with Swift entry point. (in target 'shigodeki' from project 'shigodeki')

Ld /Users/delaxstudio/Library/Developer/Xcode/DerivedData/shigodeki-fkaeotsqybievcdjwhonrrgqyvla/Build/Intermediates.noindex/shigodeki.build/Debug-iphonesimulator/shigodeki.build/Objects-normal/x86_64/Binary/shigodeki normal x86_64 (in target 'shigodeki' from project 'shigodeki')
    cd /Users/delaxstudio/src/shigodeki/iOS
    /Applications/Xcode.app/Contents/Developer/Toolchains/XcodeDefault.xctoolchain/usr/bin/clang -Xlinker -reproducible -target x86_64-apple-ios18.5-simulator -isysroot /Applications/Xcode.app/Contents/Developer/Platforms/iPhoneSimulator.platform/Developer/SDKs/iPhoneSimulator26.2.sdk -O0 -L/Users/delaxstudio/Library/Developer/Xcode/DerivedData/shigodeki-fkaeotsqybievcdjwhonrrgqyvla/Build/Products/Debug-iphonesimulator -F/Users/delaxstudio/Library/Developer/Xcode/DerivedData/shigodeki-fkaeotsqybievcdjwhonrrgqyvla/Build/Products/Debug-iphonesimulator/PackageFrameworks -F/Users/delaxstudio/Library/Developer/Xcode/DerivedData/shigodeki-fkaeotsqybievcdjwhonrrgqyvla/Build/Products/Debug-iphonesimulator/PackageFrameworks -F/Users/delaxstudio/Library/Developer/Xcode/DerivedData/shigodeki-fkaeotsqybievcdjwhonrrgqyvla/Build/Products/Debug-iphonesimulator/PackageFrameworks -F/Users/delaxstudio/Library/Developer/Xcode/DerivedData/shigodeki-fkaeotsqybievcdjwhonrrgqyvla/Build/Products/Debug-iphonesimulator/PackageFrameworks -F/Users/delaxstudio/Library/Developer/Xcode/DerivedData/shigodeki-fkaeotsqybievcdjwhonrrgqyvla/Build/Products/Debug-iphonesimulator/PackageFrameworks -F/Users/delaxstudio/Library/Developer/Xcode/DerivedData/shigodeki-fkaeotsqybievcdjwhonrrgqyvla/Build/Products/Debug-iphonesimulator/PackageFrameworks -F/Users/delaxstudio/Library/Developer/Xcode/DerivedData/shigodeki-fkaeotsqybievcdjwhonrrgqyvla/Build/Products/Debug-iphonesimulator/PackageFrameworks -F/Users/delaxstudio/Library/Developer/Xcode/DerivedData/shigodeki-fkaeotsqybievcdjwhonrrgqyvla/Build/Products/Debug-iphonesimulator/PackageFrameworks -F/Users/delaxstudio/Library/Developer/Xcode/DerivedData/shigodeki-fkaeotsqybievcdjwhonrrgqyvla/Build/Products/Debug-iphonesimulator/PackageFrameworks -F/Users/delaxstudio/Library/Developer/Xcode/DerivedData/shigodeki-fkaeotsqybievcdjwhonrrgqyvla/Build/Products/Debug-iphonesimulator/PackageFrameworks -F/Users/delaxstudio/Library/Developer/Xcode/DerivedData/shigodeki-fkaeotsqybievcdjwhonrrgqyvla/Build/Products/Debug-iphonesimulator/PackageFrameworks -F/Users/delaxstudio/Library/Developer/Xcode/DerivedData/shigodeki-fkaeotsqybievcdjwhonrrgqyvla/Build/Products/Debug-iphonesimulator/PackageFrameworks -F/Users/delaxstudio/Library/Developer/Xcode/DerivedData/shigodeki-fkaeotsqybievcdjwhonrrgqyvla/Build/Products/Debug-iphonesimulator/PackageFrameworks -F/Users/delaxstudio/Library/Developer/Xcode/DerivedData/shigodeki-fkaeotsqybievcdjwhonrrgqyvla/Build/Products/Debug-iphonesimulator/PackageFrameworks -F/Users/delaxstudio/Library/Developer/Xcode/DerivedData/shigodeki-fkaeotsqybievcdjwhonrrgqyvla/Build/Products/Debug-iphonesimulator/PackageFrameworks -F/Users/delaxstudio/Library/Developer/Xcode/DerivedData/shigodeki-fkaeotsqybievcdjwhonrrgqyvla/Build/Products/Debug-iphonesimulator/PackageFrameworks -F/Users/delaxstudio/Library/Developer/Xcode/DerivedData/shigodeki-fkaeotsqybievcdjwhonrrgqyvla/Build/Products/Debug-iphonesimulator/PackageFrameworks -F/Users/delaxstudio/Library/Developer/Xcode/DerivedData/shigodeki-fkaeotsqybievcdjwhonrrgqyvla/Build/Products/Debug-iphonesimulator/PackageFrameworks -F/Users/delaxstudio/Library/Developer/Xcode/DerivedData/shigodeki-fkaeotsqybievcdjwhonrrgqyvla/Build/Products/Debug-iphonesimulator/PackageFrameworks -F/Users/delaxstudio/Library/Developer/Xcode/DerivedData/shigodeki-fkaeotsqybievcdjwhonrrgqyvla/Build/Products/Debug-iphonesimulator/PackageFrameworks -F/Users/delaxstudio/Library/Developer/Xcode/DerivedData/shigodeki-fkaeotsqybievcdjwhonrrgqyvla/Build/Products/Debug-iphonesimulator/PackageFrameworks -F/Users/delaxstudio/Library/Developer/Xcode/DerivedData/shigodeki-fkaeotsqybievcdjwhonrrgqyvla/Build/Products/Debug-iphonesimulator/PackageFrameworks -F/Users/delaxstudio/Library/Developer/Xcode/DerivedData/shigodeki-fkaeotsqybievcdjwhonrrgqyvla/Build/Products/Debug-iphonesimulator/PackageFrameworks -F/Users/delaxstudio/Library/Developer/Xcode/DerivedData/shigodeki-fkaeotsqybievcdjwhonrrgqyvla/Build/Products/Debug-iphonesimulator/PackageFrameworks -F/Users/delaxstudio/Library/Developer/Xcode/DerivedData/shigodeki-fkaeotsqybievcdjwhonrrgqyvla/Build/Products/Debug-iphonesimulator/PackageFrameworks -F/Users/delaxstudio/Library/Developer/Xcode/DerivedData/shigodeki-fkaeotsqybievcdjwhonrrgqyvla/Build/Products/Debug-iphonesimulator/PackageFrameworks -F/Users/delaxstudio/Library/Developer/Xcode/DerivedData/shigodeki-fkaeotsqybievcdjwhonrrgqyvla/Build/Products/Debug-iphonesimulator/PackageFrameworks -F/Users/delaxstudio/Library/Developer/Xcode/DerivedData/shigodeki-fkaeotsqybievcdjwhonrrgqyvla/Build/Products/Debug-iphonesimulator/PackageFrameworks -F/Users/delaxstudio/Library/Developer/Xcode/DerivedData/shigodeki-fkaeotsqybievcdjwhonrrgqyvla/Build/Products/Debug-iphonesimulator -Xlinker -rpath -Xlinker @executable_path -Xlinker -rpath -Xlinker /Users/delaxstudio/Library/Developer/Xcode/DerivedData/shigodeki-fkaeotsqybievcdjwhonrrgqyvla/Build/Products/Debug-iphonesimulator/PackageFrameworks -Xlinker -rpath -Xlinker @executable_path/Frameworks -rdynamic -Xlinker -no_deduplicate -Xlinker -objc_abi_version -Xlinker 2 -e ___debug_blank_executor_main -Xlinker -sectcreate -Xlinker __TEXT -Xlinker __debug_dylib -Xlinker /Users/delaxstudio/Library/Developer/Xcode/DerivedData/shigodeki-fkaeotsqybievcdjwhonrrgqyvla/Build/Intermediates.noindex/shigodeki.build/Debug-iphonesimulator/shigodeki.build/shigodeki-DebugDylibPath-normal-x86_64.txt -Xlinker -sectcreate -Xlinker __TEXT -Xlinker __debug_instlnm -Xlinker /Users/delaxstudio/Library/Developer/Xcode/DerivedData/shigodeki-fkaeotsqybievcdjwhonrrgqyvla/Build/Intermediates.noindex/shigodeki.build/Debug-iphonesimulator/shigodeki.build/shigodeki-DebugDylibInstallName-normal-x86_64.txt -Xlinker -filelist -Xlinker /Users/delaxstudio/Library/Developer/Xcode/DerivedData/shigodeki-fkaeotsqybievcdjwhonrrgqyvla/Build/Intermediates.noindex/shigodeki.build/Debug-iphonesimulator/shigodeki.build/shigodeki-ExecutorLinkFileList-normal-x86_64.txt -Xlinker -sectcreate -Xlinker __TEXT -Xlinker __entitlements -Xlinker /Users/delaxstudio/Library/Developer/Xcode/DerivedData/shigodeki-fkaeotsqybievcdjwhonrrgqyvla/Build/Intermediates.noindex/shigodeki.build/Debug-iphonesimulator/shigodeki.build/shigodeki.app-Simulated.xcent -Xlinker -sectcreate -Xlinker __TEXT -Xlinker __ents_der -Xlinker /Users/delaxstudio/Library/Developer/Xcode/DerivedData/shigodeki-fkaeotsqybievcdjwhonrrgqyvla/Build/Intermediates.noindex/shigodeki.build/Debug-iphonesimulator/shigodeki.build/shigodeki.app-Simulated.xcent.der /Users/delaxstudio/Library/Developer/Xcode/DerivedData/shigodeki-fkaeotsqybievcdjwhonrrgqyvla/Build/Intermediates.noindex/shigodeki.build/Debug-iphonesimulator/shigodeki.build/Objects-normal/x86_64/Binary/shigodeki.debug.dylib -Xlinker -no_adhoc_codesign -o /Users/delaxstudio/Library/Developer/Xcode/DerivedData/shigodeki-fkaeotsqybievcdjwhonrrgqyvla/Build/Intermediates.noindex/shigodeki.build/Debug-iphonesimulator/shigodeki.build/Objects-normal/x86_64/Binary/shigodeki

CreateUniversalBinary /Users/delaxstudio/Library/Developer/Xcode/DerivedData/shigodeki-fkaeotsqybievcdjwhonrrgqyvla/Build/Products/Debug-iphonesimulator/shigodeki.app/shigodeki normal arm64\ x86_64 (in target 'shigodeki' from project 'shigodeki')
    cd /Users/delaxstudio/src/shigodeki/iOS
    /Applications/Xcode.app/Contents/Developer/Toolchains/XcodeDefault.xctoolchain/usr/bin/lipo -create /Users/delaxstudio/Library/Developer/Xcode/DerivedData/shigodeki-fkaeotsqybievcdjwhonrrgqyvla/Build/Intermediates.noindex/shigodeki.build/Debug-iphonesimulator/shigodeki.build/Objects-normal/arm64/Binary/shigodeki /Users/delaxstudio/Library/Developer/Xcode/DerivedData/shigodeki-fkaeotsqybievcdjwhonrrgqyvla/Build/Intermediates.noindex/shigodeki.build/Debug-iphonesimulator/shigodeki.build/Objects-normal/x86_64/Binary/shigodeki -output /Users/delaxstudio/Library/Developer/Xcode/DerivedData/shigodeki-fkaeotsqybievcdjwhonrrgqyvla/Build/Products/Debug-iphonesimulator/shigodeki.app/shigodeki

PhaseScriptExecution Run\ Script /Users/delaxstudio/Library/Developer/Xcode/DerivedData/shigodeki-fkaeotsqybievcdjwhonrrgqyvla/Build/Intermediates.noindex/shigodeki.build/Debug-iphonesimulator/shigodeki.build/Script-DE5F1B672E5FCAE600A91735.sh (in target 'shigodeki' from project 'shigodeki')
    cd /Users/delaxstudio/src/shigodeki/iOS
    export ACTION\=build
    export AD_HOC_CODE_SIGNING_ALLOWED\=YES
    export AGGREGATE_TRACKED_DOMAINS\=YES
    export ALLOW_BUILD_REQUEST_OVERRIDES\=NO
    export ALLOW_TARGET_PLATFORM_SPECIALIZATION\=NO
    export ALTERNATE_GROUP\=staff
    export ALTERNATE_MODE\=u+w,go-w,a+rX
    export ALTERNATE_OWNER\=delaxstudio
    export ALTERNATIVE_DISTRIBUTION_WEB\=NO
    export ALWAYS_EMBED_SWIFT_STANDARD_LIBRARIES\=NO
    export ALWAYS_SEARCH_USER_PATHS\=NO
    export ALWAYS_USE_SEPARATE_HEADERMAPS\=NO
    export APPLICATION_EXTENSION_API_ONLY\=NO
    export APPLY_RULES_IN_COPY_FILES\=NO
    export APPLY_RULES_IN_COPY_HEADERS\=NO
    export APP_SHORTCUTS_ENABLE_FLEXIBLE_MATCHING\=YES
    export ARCHS\=arm64\ x86_64
    export ARCHS_STANDARD\=arm64\ x86_64
    export ARCHS_STANDARD_32_64_BIT\=arm64\ x86_64
    export ARCHS_STANDARD_64_BIT\=arm64\ x86_64
    export ARCHS_STANDARD_INCLUDING_64_BIT\=arm64\ x86_64
    export ARCHS_UNIVERSAL_IPHONE_OS\=arm64\ x86_64
    export ASSETCATALOG_COMPILER_APPICON_NAME\=AppIcon
    export ASSETCATALOG_COMPILER_GENERATE_SWIFT_ASSET_SYMBOL_EXTENSIONS\=YES
    export ASSETCATALOG_COMPILER_GLOBAL_ACCENT_COLOR_NAME\=AccentColor
    export AUTOMATICALLY_MERGE_DEPENDENCIES\=NO
    export AUTOMATION_APPLE_EVENTS\=NO
    export AVAILABLE_PLATFORMS\=android\ appletvos\ appletvsimulator\ driverkit\ iphoneos\ iphonesimulator\ macosx\ qnx\ watchos\ watchsimulator\ webassembly\ xros\ xrsimulator
    export AppIdentifierPrefix\=Z88477N5ZU.
    export BUILD_ACTIVE_RESOURCES_ONLY\=NO
    export BUILD_COMPONENTS\=headers\ build
    export BUILD_DIR\=/Users/delaxstudio/Library/Developer/Xcode/DerivedData/shigodeki-fkaeotsqybievcdjwhonrrgqyvla/Build/Products
    export BUILD_LIBRARY_FOR_DISTRIBUTION\=NO
    export BUILD_ROOT\=/Users/delaxstudio/Library/Developer/Xcode/DerivedData/shigodeki-fkaeotsqybievcdjwhonrrgqyvla/Build/Products
    export BUILD_STYLE\=
    export BUILD_VARIANTS\=normal
    export BUILT_PRODUCTS_DIR\=/Users/delaxstudio/Library/Developer/Xcode/DerivedData/shigodeki-fkaeotsqybievcdjwhonrrgqyvla/Build/Products/Debug-iphonesimulator
    export BUNDLE_CONTENTS_FOLDER_PATH_deep\=Contents/
    export BUNDLE_EXECUTABLE_FOLDER_NAME_deep\=MacOS
    export BUNDLE_EXTENSIONS_FOLDER_PATH\=Extensions
    export BUNDLE_FORMAT\=shallow
    export BUNDLE_FRAMEWORKS_FOLDER_PATH\=Frameworks
    export BUNDLE_PLUGINS_FOLDER_PATH\=PlugIns
    export BUNDLE_PRIVATE_HEADERS_FOLDER_PATH\=PrivateHeaders
    export BUNDLE_PUBLIC_HEADERS_FOLDER_PATH\=Headers
    export CACHE_ROOT\=/var/folders/h8/l8lh6yjj6db_rkz_6dhpn7880000gn/C/com.apple.DeveloperTools/26.2-17C52/Xcode
    export CCHROOT\=/var/folders/h8/l8lh6yjj6db_rkz_6dhpn7880000gn/C/com.apple.DeveloperTools/26.2-17C52/Xcode
    export CHMOD\=/bin/chmod
    export CHOWN\=/usr/sbin/chown
    export CLANG_ANALYZER_NONNULL\=YES
    export CLANG_ANALYZER_NUMBER_OBJECT_CONVERSION\=YES_AGGRESSIVE
    export CLANG_CACHE_FINE_GRAINED_OUTPUTS\=YES
    export CLANG_CXX_LANGUAGE_STANDARD\=gnu++20
    export CLANG_ENABLE_EXPLICIT_MODULES\=YES
    export CLANG_ENABLE_MODULES\=YES
    export CLANG_ENABLE_OBJC_ARC\=YES
    export CLANG_ENABLE_OBJC_WEAK\=YES
    export CLANG_MODULES_BUILD_SESSION_FILE\=/Users/delaxstudio/Library/Developer/Xcode/DerivedData/ModuleCache.noindex/Session.modulevalidation
    export CLANG_WARN_BLOCK_CAPTURE_AUTORELEASING\=YES
    export CLANG_WARN_BOOL_CONVERSION\=YES
    export CLANG_WARN_COMMA\=YES
    export CLANG_WARN_CONSTANT_CONVERSION\=YES
    export CLANG_WARN_DEPRECATED_OBJC_IMPLEMENTATIONS\=YES
    export CLANG_WARN_DIRECT_OBJC_ISA_USAGE\=YES_ERROR
    export CLANG_WARN_DOCUMENTATION_COMMENTS\=YES
    export CLANG_WARN_EMPTY_BODY\=YES
    export CLANG_WARN_ENUM_CONVERSION\=YES
    export CLANG_WARN_INFINITE_RECURSION\=YES
    export CLANG_WARN_INT_CONVERSION\=YES
    export CLANG_WARN_NON_LITERAL_NULL_CONVERSION\=YES
    export CLANG_WARN_OBJC_IMPLICIT_RETAIN_SELF\=YES
    export CLANG_WARN_OBJC_LITERAL_CONVERSION\=YES
    export CLANG_WARN_OBJC_ROOT_CLASS\=YES_ERROR
    export CLANG_WARN_QUOTED_INCLUDE_IN_FRAMEWORK_HEADER\=YES
    export CLANG_WARN_RANGE_LOOP_ANALYSIS\=YES
    export CLANG_WARN_STRICT_PROTOTYPES\=YES
    export CLANG_WARN_SUSPICIOUS_MOVE\=YES
    export CLANG_WARN_UNGUARDED_AVAILABILITY\=YES_AGGRESSIVE
    export CLANG_WARN_UNREACHABLE_CODE\=YES
    export CLANG_WARN__DUPLICATE_METHOD_MATCH\=YES
    export CLASS_FILE_DIR\=/Users/delaxstudio/Library/Developer/Xcode/DerivedData/shigodeki-fkaeotsqybievcdjwhonrrgqyvla/Build/Intermediates.noindex/shigodeki.build/Debug-iphonesimulator/shigodeki.build/JavaClasses
    export CLEAN_PRECOMPS\=YES
    export CLONE_HEADERS\=NO
    export CODESIGNING_FOLDER_PATH\=/Users/delaxstudio/Library/Developer/Xcode/DerivedData/shigodeki-fkaeotsqybievcdjwhonrrgqyvla/Build/Products/Debug-iphonesimulator/shigodeki.app
    export CODE_SIGNING_ALLOWED\=YES
    export CODE_SIGNING_REQUIRED\=YES
    export CODE_SIGN_CONTEXT_CLASS\=XCiPhoneSimulatorCodeSignContext
    export CODE_SIGN_ENTITLEMENTS\=shigodeki/shigodeki.entitlements
    export CODE_SIGN_IDENTITY\=-
    export CODE_SIGN_INJECT_BASE_ENTITLEMENTS\=YES
    export CODE_SIGN_STYLE\=Automatic
    export COLOR_DIAGNOSTICS\=NO
    export COMBINE_HIDPI_IMAGES\=NO
    export COMPILATION_CACHE_CAS_PATH\=/Users/delaxstudio/Library/Developer/Xcode/DerivedData/CompilationCache.noindex
    export COMPILATION_CACHE_KEEP_CAS_DIRECTORY\=YES
    export COMPILER_INDEX_STORE_ENABLE\=Default
    export COMPOSITE_SDK_DIRS\=/Users/delaxstudio/Library/Developer/Xcode/DerivedData/shigodeki-fkaeotsqybievcdjwhonrrgqyvla/Build/Intermediates.noindex/CompositeSDKs
    export COMPRESS_PNG_FILES\=YES
    export CONFIGURATION\=Debug
    export CONFIGURATION_BUILD_DIR\=/Users/delaxstudio/Library/Developer/Xcode/DerivedData/shigodeki-fkaeotsqybievcdjwhonrrgqyvla/Build/Products/Debug-iphonesimulator
    export CONFIGURATION_TEMP_DIR\=/Users/delaxstudio/Library/Developer/Xcode/DerivedData/shigodeki-fkaeotsqybievcdjwhonrrgqyvla/Build/Intermediates.noindex/shigodeki.build/Debug-iphonesimulator
    export CONTENTS_FOLDER_PATH\=shigodeki.app
    export CONTENTS_FOLDER_PATH_SHALLOW_BUNDLE_NO\=shigodeki.app/Contents
    export CONTENTS_FOLDER_PATH_SHALLOW_BUNDLE_YES\=shigodeki.app
    export COPYING_PRESERVES_HFS_DATA\=NO
    export COPY_HEADERS_RUN_UNIFDEF\=NO
    export COPY_PHASE_STRIP\=NO
    export CORRESPONDING_DEVICE_PLATFORM_DIR\=/Applications/Xcode.app/Contents/Developer/Platforms/iPhoneOS.platform
    export CORRESPONDING_DEVICE_PLATFORM_NAME\=iphoneos
    export CORRESPONDING_DEVICE_SDK_DIR\=/Applications/Xcode.app/Contents/Developer/Platforms/iPhoneOS.platform/Developer/SDKs/iPhoneOS26.2.sdk
    export CORRESPONDING_DEVICE_SDK_NAME\=iphoneos26.2
    export CP\=/bin/cp
    export CREATE_INFOPLIST_SECTION_IN_BINARY\=NO
    export CURRENT_ARCH\=undefined_arch
    export CURRENT_PROJECT_VERSION\=2
    export CURRENT_VARIANT\=normal
    export DEAD_CODE_STRIPPING\=YES
    export DEBUGGING_SYMBOLS\=YES
    export DEBUG_INFORMATION_FORMAT\=dwarf
    export DEBUG_INFORMATION_VERSION\=compiler-default
    export DEFAULT_COMPILER\=com.apple.compilers.llvm.clang.1_0
    export DEFAULT_DEXT_INSTALL_PATH\=/System/Library/DriverExtensions
    export DEFAULT_KEXT_INSTALL_PATH\=/System/Library/Extensions
    export DEFINES_MODULE\=NO
    export DEPLOYMENT_LOCATION\=NO
    export DEPLOYMENT_POSTPROCESSING\=NO
    export DEPLOYMENT_TARGET_SETTING_NAME\=IPHONEOS_DEPLOYMENT_TARGET
    export DEPLOYMENT_TARGET_SUGGESTED_VALUES\=12.0\ 12.1\ 12.2\ 12.3\ 12.4\ 13.0\ 13.1\ 13.2\ 13.3\ 13.4\ 13.5\ 13.6\ 14.0\ 14.1\ 14.2\ 14.3\ 14.4\ 14.5\ 14.6\ 14.7\ 15.0\ 15.1\ 15.2\ 15.3\ 15.4\ 15.5\ 15.6\ 16.0\ 16.1\ 16.2\ 16.3\ 16.4\ 16.5\ 16.6\ 17.0\ 17.1\ 17.2\ 17.3\ 17.4\ 17.5\ 17.6\ 18.0\ 18.1\ 18.2\ 18.3\ 18.4\ 18.5\ 18.6\ 26.0\ 26.1\ 26.2
    export DERIVED_FILES_DIR\=/Users/delaxstudio/Library/Developer/Xcode/DerivedData/shigodeki-fkaeotsqybievcdjwhonrrgqyvla/Build/Intermediates.noindex/shigodeki.build/Debug-iphonesimulator/shigodeki.build/DerivedSources
    export DERIVED_FILE_DIR\=/Users/delaxstudio/Library/Developer/Xcode/DerivedData/shigodeki-fkaeotsqybievcdjwhonrrgqyvla/Build/Intermediates.noindex/shigodeki.build/Debug-iphonesimulator/shigodeki.build/DerivedSources
    export DERIVED_SOURCES_DIR\=/Users/delaxstudio/Library/Developer/Xcode/DerivedData/shigodeki-fkaeotsqybievcdjwhonrrgqyvla/Build/Intermediates.noindex/shigodeki.build/Debug-iphonesimulator/shigodeki.build/DerivedSources
    export DEVELOPER_APPLICATIONS_DIR\=/Applications/Xcode.app/Contents/Developer/Applications
    export DEVELOPER_BIN_DIR\=/Applications/Xcode.app/Contents/Developer/usr/bin
    export DEVELOPER_DIR\=/Applications/Xcode.app/Contents/Developer
    export DEVELOPER_FRAMEWORKS_DIR\=/Applications/Xcode.app/Contents/Developer/Library/Frameworks
    export DEVELOPER_FRAMEWORKS_DIR_QUOTED\=/Applications/Xcode.app/Contents/Developer/Library/Frameworks
    export DEVELOPER_LIBRARY_DIR\=/Applications/Xcode.app/Contents/Developer/Library
    export DEVELOPER_SDK_DIR\=/Applications/Xcode.app/Contents/Developer/Platforms/MacOSX.platform/Developer/SDKs
    export DEVELOPER_TOOLS_DIR\=/Applications/Xcode.app/Contents/Developer/Tools
    export DEVELOPER_USR_DIR\=/Applications/Xcode.app/Contents/Developer/usr
    export DEVELOPMENT_LANGUAGE\=en
    export DEVELOPMENT_TEAM\=Z88477N5ZU
    export DIAGNOSE_MISSING_TARGET_DEPENDENCIES\=YES
    export DIFF\=/usr/bin/diff
    export DOCUMENTATION_FOLDER_PATH\=shigodeki.app/en.lproj/Documentation
    export DONT_GENERATE_INFOPLIST_FILE\=NO
    export DSTROOT\=/tmp/shigodeki.dst
    export DT_TOOLCHAIN_DIR\=/Applications/Xcode.app/Contents/Developer/Toolchains/XcodeDefault.xctoolchain
    export DWARF_DSYM_FILE_NAME\=shigodeki.app.dSYM
    export DWARF_DSYM_FILE_SHOULD_ACCOMPANY_PRODUCT\=NO
    export DWARF_DSYM_FOLDER_PATH\=/Users/delaxstudio/Library/Developer/Xcode/DerivedData/shigodeki-fkaeotsqybievcdjwhonrrgqyvla/Build/Products/Debug-iphonesimulator
    export DYNAMIC_LIBRARY_EXTENSION\=dylib
    export EAGER_COMPILATION_ALLOW_SCRIPTS\=YES
    export EAGER_LINKING\=NO
    export EFFECTIVE_PLATFORM_NAME\=-iphonesimulator
    export EMBEDDED_CONTENT_CONTAINS_SWIFT\=NO
    export EMBED_ASSET_PACKS_IN_PRODUCT_BUNDLE\=NO
    export EMBED_PACKAGE_RESOURCE_BUNDLE_NAMES\=\ Firebase_FirebaseAuth\ Firebase_FirebaseCoreInternal\ Firebase_FirebaseCore\ Firebase_FirebaseCoreExtension\ GTMSessionFetcher_GTMSessionFetcherCore\ GoogleUtilities_GoogleUtilities-AppDelegateSwizzler\ GoogleUtilities_GoogleUtilities-Environment\ GoogleUtilities_GoogleUtilities-Logger\ GoogleUtilities_GoogleUtilities-NSData\ GoogleUtilities_GoogleUtilities-Reachability\ GoogleUtilities_GoogleUtilities-Network\ Firebase_FirebaseFirestore\ leveldb_leveldb\ nanopb_nanopb\ gRPC_grpcppWrapper\ gRPC_grpcWrapper\ gRPC_opensslWrapper\ abseil_abslWrapper
    export ENABLE_APP_SANDBOX\=NO
    export ENABLE_CODE_COVERAGE\=YES
    export ENABLE_CPLUSPLUS_BOUNDS_SAFE_BUFFERS\=NO
    export ENABLE_C_BOUNDS_SAFETY\=NO
    export ENABLE_DEBUG_DYLIB\=YES
    export ENABLE_DEFAULT_HEADER_SEARCH_PATHS\=YES
    export ENABLE_DEFAULT_SEARCH_PATHS\=YES
    export ENABLE_ENHANCED_SECURITY\=NO
    export ENABLE_HARDENED_RUNTIME\=NO
    export ENABLE_HEADER_DEPENDENCIES\=YES
    export ENABLE_INCOMING_NETWORK_CONNECTIONS\=NO
    export ENABLE_ON_DEMAND_RESOURCES\=YES
    export ENABLE_OUTGOING_NETWORK_CONNECTIONS\=NO
    export ENABLE_POINTER_AUTHENTICATION\=NO
    export ENABLE_PREVIEWS\=NO
    export ENABLE_RESOURCE_ACCESS_AUDIO_INPUT\=NO
    export ENABLE_RESOURCE_ACCESS_BLUETOOTH\=NO
    export ENABLE_RESOURCE_ACCESS_CALENDARS\=NO
    export ENABLE_RESOURCE_ACCESS_CAMERA\=NO
    export ENABLE_RESOURCE_ACCESS_CONTACTS\=NO
    export ENABLE_RESOURCE_ACCESS_LOCATION\=NO
    export ENABLE_RESOURCE_ACCESS_PHOTO_LIBRARY\=NO
    export ENABLE_RESOURCE_ACCESS_PRINTING\=NO
    export ENABLE_RESOURCE_ACCESS_USB\=NO
    export ENABLE_SDK_IMPORTS\=NO
    export ENABLE_SECURITY_COMPILER_WARNINGS\=NO
    export ENABLE_STRICT_OBJC_MSGSEND\=YES
    export ENABLE_TESTABILITY\=YES
    export ENABLE_TESTING_SEARCH_PATHS\=NO
    export ENABLE_USER_SCRIPT_SANDBOXING\=YES
    export ENABLE_XOJIT_PREVIEWS\=YES
    export ENFORCE_VALID_ARCHS\=YES
    export ENTITLEMENTS_ALLOWED\=NO
    export ENTITLEMENTS_DESTINATION\=__entitlements
    export ENTITLEMENTS_REQUIRED\=NO
    export EXCLUDED_INSTALLSRC_SUBDIRECTORY_PATTERNS\=.DS_Store\ .svn\ .git\ .hg\ CVS
    export EXCLUDED_RECURSIVE_SEARCH_PATH_SUBDIRECTORIES\=\*.nib\ \*.lproj\ \*.framework\ \*.gch\ \*.xcode\*\ \*.xcassets\ \*.icon\ \(\*\)\ .DS_Store\ CVS\ .svn\ .git\ .hg\ \*.pbproj\ \*.pbxproj
    export EXECUTABLES_FOLDER_PATH\=shigodeki.app/Executables
    export EXECUTABLE_BLANK_INJECTION_DYLIB_PATH\=shigodeki.app/__preview.dylib
    export EXECUTABLE_DEBUG_DYLIB_INSTALL_NAME\=@rpath/shigodeki.debug.dylib
    export EXECUTABLE_DEBUG_DYLIB_PATH\=shigodeki.app/shigodeki.debug.dylib
    export EXECUTABLE_FOLDER_PATH\=shigodeki.app
    export EXECUTABLE_FOLDER_PATH_SHALLOW_BUNDLE_NO\=shigodeki.app/MacOS
    export EXECUTABLE_FOLDER_PATH_SHALLOW_BUNDLE_YES\=shigodeki.app
    export EXECUTABLE_NAME\=shigodeki
    export EXECUTABLE_PATH\=shigodeki.app/shigodeki
    export EXPANDED_CODE_SIGN_IDENTITY\=-
    export EXPANDED_CODE_SIGN_IDENTITY_NAME\=Sign\ to\ Run\ Locally
    export EXTENSIONS_FOLDER_PATH\=shigodeki.app/Extensions
    export FILE_LIST\=/Users/delaxstudio/Library/Developer/Xcode/DerivedData/shigodeki-fkaeotsqybievcdjwhonrrgqyvla/Build/Intermediates.noindex/shigodeki.build/Debug-iphonesimulator/shigodeki.build/Objects/LinkFileList
    export FIXED_FILES_DIR\=/Users/delaxstudio/Library/Developer/Xcode/DerivedData/shigodeki-fkaeotsqybievcdjwhonrrgqyvla/Build/Intermediates.noindex/shigodeki.build/Debug-iphonesimulator/shigodeki.build/FixedFiles
    export FRAMEWORKS_FOLDER_PATH\=shigodeki.app/Frameworks
    export FRAMEWORK_FLAG_PREFIX\=-framework
    export FRAMEWORK_SEARCH_PATHS\=/Users/delaxstudio/Library/Developer/Xcode/DerivedData/shigodeki-fkaeotsqybievcdjwhonrrgqyvla/Build/Products/Debug-iphonesimulator/PackageFrameworks\ /Users/delaxstudio/Library/Developer/Xcode/DerivedData/shigodeki-fkaeotsqybievcdjwhonrrgqyvla/Build/Products/Debug-iphonesimulator/PackageFrameworks\ /Users/delaxstudio/Library/Developer/Xcode/DerivedData/shigodeki-fkaeotsqybievcdjwhonrrgqyvla/Build/Products/Debug-iphonesimulator/PackageFrameworks\ /Users/delaxstudio/Library/Developer/Xcode/DerivedData/shigodeki-fkaeotsqybievcdjwhonrrgqyvla/Build/Products/Debug-iphonesimulator/PackageFrameworks\ /Users/delaxstudio/Library/Developer/Xcode/DerivedData/shigodeki-fkaeotsqybievcdjwhonrrgqyvla/Build/Products/Debug-iphonesimulator/PackageFrameworks\ /Users/delaxstudio/Library/Developer/Xcode/DerivedData/shigodeki-fkaeotsqybievcdjwhonrrgqyvla/Build/Products/Debug-iphonesimulator/PackageFrameworks\ /Users/delaxstudio/Library/Developer/Xcode/DerivedData/shigodeki-fkaeotsqybievcdjwhonrrgqyvla/Build/Products/Debug-iphonesimulator/PackageFrameworks\ /Users/delaxstudio/Library/Developer/Xcode/DerivedData/shigodeki-fkaeotsqybievcdjwhonrrgqyvla/Build/Products/Debug-iphonesimulator/PackageFrameworks\ /Users/delaxstudio/Library/Developer/Xcode/DerivedData/shigodeki-fkaeotsqybievcdjwhonrrgqyvla/Build/Products/Debug-iphonesimulator/PackageFrameworks\ /Users/delaxstudio/Library/Developer/Xcode/DerivedData/shigodeki-fkaeotsqybievcdjwhonrrgqyvla/Build/Products/Debug-iphonesimulator/PackageFrameworks\ /Users/delaxstudio/Library/Developer/Xcode/DerivedData/shigodeki-fkaeotsqybievcdjwhonrrgqyvla/Build/Products/Debug-iphonesimulator/PackageFrameworks\ /Users/delaxstudio/Library/Developer/Xcode/DerivedData/shigodeki-fkaeotsqybievcdjwhonrrgqyvla/Build/Products/Debug-iphonesimulator/PackageFrameworks\ /Users/delaxstudio/Library/Developer/Xcode/DerivedData/shigodeki-fkaeotsqybievcdjwhonrrgqyvla/Build/Products/Debug-iphonesimulator/PackageFrameworks\ /Users/delaxstudio/Library/Developer/Xcode/DerivedData/shigodeki-fkaeotsqybievcdjwhonrrgqyvla/Build/Products/Debug-iphonesimulator/PackageFrameworks\ /Users/delaxstudio/Library/Developer/Xcode/DerivedData/shigodeki-fkaeotsqybievcdjwhonrrgqyvla/Build/Products/Debug-iphonesimulator/PackageFrameworks\ /Users/delaxstudio/Library/Developer/Xcode/DerivedData/shigodeki-fkaeotsqybievcdjwhonrrgqyvla/Build/Products/Debug-iphonesimulator/PackageFrameworks\ /Users/delaxstudio/Library/Developer/Xcode/DerivedData/shigodeki-fkaeotsqybievcdjwhonrrgqyvla/Build/Products/Debug-iphonesimulator/PackageFrameworks\ /Users/delaxstudio/Library/Developer/Xcode/DerivedData/shigodeki-fkaeotsqybievcdjwhonrrgqyvla/Build/Products/Debug-iphonesimulator/PackageFrameworks\ /Users/delaxstudio/Library/Developer/Xcode/DerivedData/shigodeki-fkaeotsqybievcdjwhonrrgqyvla/Build/Products/Debug-iphonesimulator/PackageFrameworks\ /Users/delaxstudio/Library/Developer/Xcode/DerivedData/shigodeki-fkaeotsqybievcdjwhonrrgqyvla/Build/Products/Debug-iphonesimulator/PackageFrameworks\ /Users/delaxstudio/Library/Developer/Xcode/DerivedData/shigodeki-fkaeotsqybievcdjwhonrrgqyvla/Build/Products/Debug-iphonesimulator/PackageFrameworks\ /Users/delaxstudio/Library/Developer/Xcode/DerivedData/shigodeki-fkaeotsqybievcdjwhonrrgqyvla/Build/Products/Debug-iphonesimulator/PackageFrameworks\ /Users/delaxstudio/Library/Developer/Xcode/DerivedData/shigodeki-fkaeotsqybievcdjwhonrrgqyvla/Build/Products/Debug-iphonesimulator/PackageFrameworks\ /Users/delaxstudio/Library/Developer/Xcode/DerivedData/shigodeki-fkaeotsqybievcdjwhonrrgqyvla/Build/Products/Debug-iphonesimulator/PackageFrameworks\ /Users/delaxstudio/Library/Developer/Xcode/DerivedData/shigodeki-fkaeotsqybievcdjwhonrrgqyvla/Build/Products/Debug-iphonesimulator/PackageFrameworks\ /Users/delaxstudio/Library/Developer/Xcode/DerivedData/shigodeki-fkaeotsqybievcdjwhonrrgqyvla/Build/Products/Debug-iphonesimulator/PackageFrameworks\ /Users/delaxstudio/Library/Developer/Xcode/DerivedData/shigodeki-fkaeotsqybievcdjwhonrrgqyvla/Build/Products/Debug-iphonesimulator/PackageFrameworks\ /Users/delaxstudio/Library/Developer/Xcode/DerivedData/shigodeki-fkaeotsqybievcdjwhonrrgqyvla/Build/Products/Debug-iphonesimulator/PackageFrameworks\ /Users/delaxstudio/Library/Developer/Xcode/DerivedData/shigodeki-fkaeotsqybievcdjwhonrrgqyvla/Build/Products/Debug-iphonesimulator\ 
    export FRAMEWORK_VERSION\=A
    export FULL_PRODUCT_NAME\=shigodeki.app
    export FUSE_BUILD_PHASES\=YES
    export FUSE_BUILD_SCRIPT_PHASES\=NO
    export GCC3_VERSION\=3.3
    export GCC_C_LANGUAGE_STANDARD\=gnu17
    export GCC_DYNAMIC_NO_PIC\=NO
    export GCC_INLINES_ARE_PRIVATE_EXTERN\=YES
    export GCC_NO_COMMON_BLOCKS\=YES
    export GCC_OBJC_LEGACY_DISPATCH\=YES
    export GCC_OPTIMIZATION_LEVEL\=0
    export GCC_PFE_FILE_C_DIALECTS\=c\ objective-c\ c++\ objective-c++
    export GCC_PREPROCESSOR_DEFINITIONS\=DEBUG\=1\ 
    export GCC_SYMBOLS_PRIVATE_EXTERN\=NO
    export GCC_TREAT_WARNINGS_AS_ERRORS\=NO
    export GCC_VERSION\=com.apple.compilers.llvm.clang.1_0
    export GCC_VERSION_IDENTIFIER\=com_apple_compilers_llvm_clang_1_0
    export GCC_WARN_64_TO_32_BIT_CONVERSION\=YES
    export GCC_WARN_ABOUT_RETURN_TYPE\=YES_ERROR
    export GCC_WARN_UNDECLARED_SELECTOR\=YES
    export GCC_WARN_UNINITIALIZED_AUTOS\=YES_AGGRESSIVE
    export GCC_WARN_UNUSED_FUNCTION\=YES
    export GCC_WARN_UNUSED_VARIABLE\=YES
    export GENERATED_MODULEMAP_DIR\=/Users/delaxstudio/Library/Developer/Xcode/DerivedData/shigodeki-fkaeotsqybievcdjwhonrrgqyvla/Build/Intermediates.noindex/GeneratedModuleMaps-iphonesimulator
    export GENERATE_INFOPLIST_FILE\=YES
    export GENERATE_INTERMEDIATE_TEXT_BASED_STUBS\=YES
    export GENERATE_PKGINFO_FILE\=YES
    export GENERATE_PRELINK_OBJECT_FILE\=NO
    export GENERATE_PROFILING_CODE\=NO
    export GENERATE_TEXT_BASED_STUBS\=NO
    export GID\=20
    export GROUP\=staff
    export HEADERMAP_INCLUDES_FLAT_ENTRIES_FOR_TARGET_BEING_BUILT\=YES
    export HEADERMAP_INCLUDES_FRAMEWORK_ENTRIES_FOR_ALL_PRODUCT_TYPES\=YES
    export HEADERMAP_INCLUDES_FRAMEWORK_ENTRIES_FOR_TARGETS_NOT_BEING_BUILT\=YES
    export HEADERMAP_INCLUDES_NONPUBLIC_NONPRIVATE_HEADERS\=YES
    export HEADERMAP_INCLUDES_PROJECT_HEADERS\=YES
    export HEADERMAP_USES_FRAMEWORK_PREFIX_ENTRIES\=YES
    export HEADERMAP_USES_VFS\=NO
    export HEADER_SEARCH_PATHS\=/Users/delaxstudio/Library/Developer/Xcode/DerivedData/shigodeki-fkaeotsqybievcdjwhonrrgqyvla/SourcePackages/checkouts/abseil-cpp-binary/absl-Wrapper/include\ /Users/delaxstudio/Library/Developer/Xcode/DerivedData/shigodeki-fkaeotsqybievcdjwhonrrgqyvla/SourcePackages/checkouts/grpc-binary/openssl-grpc-Wrapper/include\ /Users/delaxstudio/Library/Developer/Xcode/DerivedData/shigodeki-fkaeotsqybievcdjwhonrrgqyvla/SourcePackages/checkouts/grpc-binary/grpc-Wrapper/include\ /Users/delaxstudio/Library/Developer/Xcode/DerivedData/shigodeki-fkaeotsqybievcdjwhonrrgqyvla/SourcePackages/checkouts/grpc-binary/grpcpp-Wrapper/include\ /Users/delaxstudio/Library/Developer/Xcode/DerivedData/shigodeki-fkaeotsqybievcdjwhonrrgqyvla/SourcePackages/checkouts/nanopb/spm_headers\ /Users/delaxstudio/Library/Developer/Xcode/DerivedData/shigodeki-fkaeotsqybievcdjwhonrrgqyvla/SourcePackages/checkouts/leveldb/include\ /Users/delaxstudio/Library/Developer/Xcode/DerivedData/shigodeki-fkaeotsqybievcdjwhonrrgqyvla/SourcePackages/checkouts/firebase-ios-sdk/FirebaseFirestoreInternal/.\ /Users/delaxstudio/Library/Developer/Xcode/DerivedData/shigodeki-fkaeotsqybievcdjwhonrrgqyvla/SourcePackages/checkouts/firebase-ios-sdk/SwiftPM-PlatformExclude/FirebaseFirestoreWrap/include\ /Users/delaxstudio/Library/Developer/Xcode/DerivedData/shigodeki-fkaeotsqybievcdjwhonrrgqyvla/SourcePackages/checkouts/interop-ios-for-google-sdks/RecaptchaEnterprise/RecaptchaInterop/Public\ /Users/delaxstudio/Library/Developer/Xcode/DerivedData/shigodeki-fkaeotsqybievcdjwhonrrgqyvla/SourcePackages/checkouts/GoogleUtilities/GoogleUtilities/Network/Public\ /Users/delaxstudio/Library/Developer/Xcode/DerivedData/shigodeki-fkaeotsqybievcdjwhonrrgqyvla/SourcePackages/checkouts/GoogleUtilities/GoogleUtilities/Reachability/Public\ /Users/delaxstudio/Library/Developer/Xcode/DerivedData/shigodeki-fkaeotsqybievcdjwhonrrgqyvla/SourcePackages/checkouts/GoogleUtilities/GoogleUtilities/NSData+zlib/Public\ /Users/delaxstudio/Library/Developer/Xcode/DerivedData/shigodeki-fkaeotsqybievcdjwhonrrgqyvla/SourcePackages/checkouts/GoogleUtilities/GoogleUtilities/Logger/Public\ /Users/delaxstudio/Library/Developer/Xcode/DerivedData/shigodeki-fkaeotsqybievcdjwhonrrgqyvla/SourcePackages/checkouts/GoogleUtilities/GoogleUtilities/Environment/Public\ /Users/delaxstudio/Library/Developer/Xcode/DerivedData/shigodeki-fkaeotsqybievcdjwhonrrgqyvla/SourcePackages/checkouts/GoogleUtilities/third_party/IsAppEncrypted/Public\ /Users/delaxstudio/Library/Developer/Xcode/DerivedData/shigodeki-fkaeotsqybievcdjwhonrrgqyvla/SourcePackages/checkouts/GoogleUtilities/GoogleUtilities/AppDelegateSwizzler/Public\ /Users/delaxstudio/Library/Developer/Xcode/DerivedData/shigodeki-fkaeotsqybievcdjwhonrrgqyvla/SourcePackages/checkouts/gtm-session-fetcher/Sources/Core/Public\ /Users/delaxstudio/Library/Developer/Xcode/DerivedData/shigodeki-fkaeotsqybievcdjwhonrrgqyvla/SourcePackages/checkouts/firebase-ios-sdk/FirebaseCore/Extension/.\ /Users/delaxstudio/Library/Developer/Xcode/DerivedData/shigodeki-fkaeotsqybievcdjwhonrrgqyvla/SourcePackages/checkouts/firebase-ios-sdk/FirebaseCore/Sources/Public\ /Users/delaxstudio/Library/Developer/Xcode/DerivedData/shigodeki-fkaeotsqybievcdjwhonrrgqyvla/SourcePackages/checkouts/firebase-ios-sdk/CoreOnly/Sources/.\ /Users/delaxstudio/Library/Developer/Xcode/DerivedData/shigodeki-fkaeotsqybievcdjwhonrrgqyvla/SourcePackages/checkouts/firebase-ios-sdk/FirebaseAuth/Sources/Public\ /Users/delaxstudio/Library/Developer/Xcode/DerivedData/shigodeki-fkaeotsqybievcdjwhonrrgqyvla/SourcePackages/checkouts/firebase-ios-sdk/FirebaseAuth/Interop/Public\ /Users/delaxstudio/Library/Developer/Xcode/DerivedData/shigodeki-fkaeotsqybievcdjwhonrrgqyvla/SourcePackages/checkouts/firebase-ios-sdk/FirebaseAppCheck/Interop/Public\ /Users/delaxstudio/Library/Developer/Xcode/DerivedData/shigodeki-fkaeotsqybievcdjwhonrrgqyvla/Build/Products/Debug-iphonesimulator/include\ 
    export HOME\=/Users/delaxstudio
    export HOST_ARCH\=arm64
    export HOST_PLATFORM\=macosx
    export ICONV\=/usr/bin/iconv
    export IMPLICIT_DEPENDENCY_DOMAIN\=default
    export INFOPLIST_ENABLE_CFBUNDLEICONS_MERGE\=YES
    export INFOPLIST_EXPAND_BUILD_SETTINGS\=YES
    export INFOPLIST_FILE\=shigodeki/Info.plist
    export INFOPLIST_KEY_CFBundleDisplayName\=シゴデキ！
    export INFOPLIST_KEY_LSApplicationCategoryType\=public.app-category.productivity
    export INFOPLIST_KEY_UIApplicationSceneManifest_Generation\=YES
    export INFOPLIST_KEY_UIApplicationSupportsIndirectInputEvents\=YES
    export INFOPLIST_KEY_UILaunchScreen_Generation\=YES
    export INFOPLIST_KEY_UISupportedInterfaceOrientations_iPad\=UIInterfaceOrientationPortrait\ UIInterfaceOrientationPortraitUpsideDown\ UIInterfaceOrientationLandscapeLeft\ UIInterfaceOrientationLandscapeRight
    export INFOPLIST_KEY_UISupportedInterfaceOrientations_iPhone\=UIInterfaceOrientationPortrait\ UIInterfaceOrientationLandscapeLeft\ UIInterfaceOrientationLandscapeRight
    export INFOPLIST_OUTPUT_FORMAT\=binary
    export INFOPLIST_PATH\=shigodeki.app/Info.plist
    export INFOPLIST_PREPROCESS\=NO
    export INFOSTRINGS_PATH\=shigodeki.app/en.lproj/InfoPlist.strings
    export INLINE_PRIVATE_FRAMEWORKS\=NO
    export INSTALLAPI_IGNORE_SKIP_INSTALL\=YES
    export INSTALLHDRS_COPY_PHASE\=NO
    export INSTALLHDRS_SCRIPT_PHASE\=NO
    export INSTALL_DIR\=/tmp/shigodeki.dst/Applications
    export INSTALL_GROUP\=staff
    export INSTALL_MODE_FLAG\=u+w,go-w,a+rX
    export INSTALL_OWNER\=delaxstudio
    export INSTALL_PATH\=/Applications
    export INSTALL_ROOT\=/tmp/shigodeki.dst
    export IPHONEOS_DEPLOYMENT_TARGET\=18.5
    export IS_UNOPTIMIZED_BUILD\=YES
    export JAVAC_DEFAULT_FLAGS\=-J-Xms64m\ -J-XX:NewSize\=4M\ -J-Dfile.encoding\=UTF8
    export JAVA_APP_STUB\=/System/Library/Frameworks/JavaVM.framework/Resources/MacOS/JavaApplicationStub
    export JAVA_ARCHIVE_CLASSES\=YES
    export JAVA_ARCHIVE_TYPE\=JAR
    export JAVA_COMPILER\=/usr/bin/javac
    export JAVA_FOLDER_PATH\=shigodeki.app/Java
    export JAVA_FRAMEWORK_RESOURCES_DIRS\=Resources
    export JAVA_JAR_FLAGS\=cv
    export JAVA_SOURCE_SUBDIR\=.
    export JAVA_USE_DEPENDENCIES\=YES
    export JAVA_ZIP_FLAGS\=-urg
    export JIKES_DEFAULT_FLAGS\=+E\ +OLDCSO
    export KEEP_PRIVATE_EXTERNS\=NO
    export LD_DEPENDENCY_INFO_FILE\=/Users/delaxstudio/Library/Developer/Xcode/DerivedData/shigodeki-fkaeotsqybievcdjwhonrrgqyvla/Build/Intermediates.noindex/shigodeki.build/Debug-iphonesimulator/shigodeki.build/Objects-normal/undefined_arch/shigodeki_dependency_info.dat
    export LD_ENTITLEMENTS_SECTION\=/Users/delaxstudio/Library/Developer/Xcode/DerivedData/shigodeki-fkaeotsqybievcdjwhonrrgqyvla/Build/Intermediates.noindex/shigodeki.build/Debug-iphonesimulator/shigodeki.build/shigodeki.app-Simulated.xcent
    export LD_ENTITLEMENTS_SECTION_DER\=/Users/delaxstudio/Library/Developer/Xcode/DerivedData/shigodeki-fkaeotsqybievcdjwhonrrgqyvla/Build/Intermediates.noindex/shigodeki.build/Debug-iphonesimulator/shigodeki.build/shigodeki.app-Simulated.xcent.der
    export LD_EXPORT_SYMBOLS\=YES
    export LD_GENERATE_MAP_FILE\=NO
    export LD_MAP_FILE_PATH\=/Users/delaxstudio/Library/Developer/Xcode/DerivedData/shigodeki-fkaeotsqybievcdjwhonrrgqyvla/Build/Intermediates.noindex/shigodeki.build/Debug-iphonesimulator/shigodeki.build/shigodeki-LinkMap-normal-undefined_arch.txt
    export LD_NO_PIE\=NO
    export LD_QUOTE_LINKER_ARGUMENTS_FOR_COMPILER_DRIVER\=YES
    export LD_RUNPATH_SEARCH_PATHS\=/Users/delaxstudio/Library/Developer/Xcode/DerivedData/shigodeki-fkaeotsqybievcdjwhonrrgqyvla/Build/Products/Debug-iphonesimulator/PackageFrameworks\ /Users/delaxstudio/Library/Developer/Xcode/DerivedData/shigodeki-fkaeotsqybievcdjwhonrrgqyvla/Build/Products/Debug-iphonesimulator/PackageFrameworks\ /Users/delaxstudio/Library/Developer/Xcode/DerivedData/shigodeki-fkaeotsqybievcdjwhonrrgqyvla/Build/Products/Debug-iphonesimulator/PackageFrameworks\ /Users/delaxstudio/Library/Developer/Xcode/DerivedData/shigodeki-fkaeotsqybievcdjwhonrrgqyvla/Build/Products/Debug-iphonesimulator/PackageFrameworks\ /Users/delaxstudio/Library/Developer/Xcode/DerivedData/shigodeki-fkaeotsqybievcdjwhonrrgqyvla/Build/Products/Debug-iphonesimulator/PackageFrameworks\ /Users/delaxstudio/Library/Developer/Xcode/DerivedData/shigodeki-fkaeotsqybievcdjwhonrrgqyvla/Build/Products/Debug-iphonesimulator/PackageFrameworks\ /Users/delaxstudio/Library/Developer/Xcode/DerivedData/shigodeki-fkaeotsqybievcdjwhonrrgqyvla/Build/Products/Debug-iphonesimulator/PackageFrameworks\ /Users/delaxstudio/Library/Developer/Xcode/DerivedData/shigodeki-fkaeotsqybievcdjwhonrrgqyvla/Build/Products/Debug-iphonesimulator/PackageFrameworks\ /Users/delaxstudio/Library/Developer/Xcode/DerivedData/shigodeki-fkaeotsqybievcdjwhonrrgqyvla/Build/Products/Debug-iphonesimulator/PackageFrameworks\ /Users/delaxstudio/Library/Developer/Xcode/DerivedData/shigodeki-fkaeotsqybievcdjwhonrrgqyvla/Build/Products/Debug-iphonesimulator/PackageFrameworks\ /Users/delaxstudio/Library/Developer/Xcode/DerivedData/shigodeki-fkaeotsqybievcdjwhonrrgqyvla/Build/Products/Debug-iphonesimulator/PackageFrameworks\ /Users/delaxstudio/Library/Developer/Xcode/DerivedData/shigodeki-fkaeotsqybievcdjwhonrrgqyvla/Build/Products/Debug-iphonesimulator/PackageFrameworks\ /Users/delaxstudio/Library/Developer/Xcode/DerivedData/shigodeki-fkaeotsqybievcdjwhonrrgqyvla/Build/Products/Debug-iphonesimulator/PackageFrameworks\ /Users/delaxstudio/Library/Developer/Xcode/DerivedData/shigodeki-fkaeotsqybievcdjwhonrrgqyvla/Build/Products/Debug-iphonesimulator/PackageFrameworks\ /Users/delaxstudio/Library/Developer/Xcode/DerivedData/shigodeki-fkaeotsqybievcdjwhonrrgqyvla/Build/Products/Debug-iphonesimulator/PackageFrameworks\ /Users/delaxstudio/Library/Developer/Xcode/DerivedData/shigodeki-fkaeotsqybievcdjwhonrrgqyvla/Build/Products/Debug-iphonesimulator/PackageFrameworks\ /Users/delaxstudio/Library/Developer/Xcode/DerivedData/shigodeki-fkaeotsqybievcdjwhonrrgqyvla/Build/Products/Debug-iphonesimulator/PackageFrameworks\ /Users/delaxstudio/Library/Developer/Xcode/DerivedData/shigodeki-fkaeotsqybievcdjwhonrrgqyvla/Build/Products/Debug-iphonesimulator/PackageFrameworks\ /Users/delaxstudio/Library/Developer/Xcode/DerivedData/shigodeki-fkaeotsqybievcdjwhonrrgqyvla/Build/Products/Debug-iphonesimulator/PackageFrameworks\ /Users/delaxstudio/Library/Developer/Xcode/DerivedData/shigodeki-fkaeotsqybievcdjwhonrrgqyvla/Build/Products/Debug-iphonesimulator/PackageFrameworks\ /Users/delaxstudio/Library/Developer/Xcode/DerivedData/shigodeki-fkaeotsqybievcdjwhonrrgqyvla/Build/Products/Debug-iphonesimulator/PackageFrameworks\ /Users/delaxstudio/Library/Developer/Xcode/DerivedData/shigodeki-fkaeotsqybievcdjwhonrrgqyvla/Build/Products/Debug-iphonesimulator/PackageFrameworks\ /Users/delaxstudio/Library/Developer/Xcode/DerivedData/shigodeki-fkaeotsqybievcdjwhonrrgqyvla/Build/Products/Debug-iphonesimulator/PackageFrameworks\ /Users/delaxstudio/Library/Developer/Xcode/DerivedData/shigodeki-fkaeotsqybievcdjwhonrrgqyvla/Build/Products/Debug-iphonesimulator/PackageFrameworks\ /Users/delaxstudio/Library/Developer/Xcode/DerivedData/shigodeki-fkaeotsqybievcdjwhonrrgqyvla/Build/Products/Debug-iphonesimulator/PackageFrameworks\ /Users/delaxstudio/Library/Developer/Xcode/DerivedData/shigodeki-fkaeotsqybievcdjwhonrrgqyvla/Build/Products/Debug-iphonesimulator/PackageFrameworks\ /Users/delaxstudio/Library/Developer/Xcode/DerivedData/shigodeki-fkaeotsqybievcdjwhonrrgqyvla/Build/Products/Debug-iphonesimulator/PackageFrameworks\ /Users/delaxstudio/Library/Developer/Xcode/DerivedData/shigodeki-fkaeotsqybievcdjwhonrrgqyvla/Build/Products/Debug-iphonesimulator/PackageFrameworks\ \ @executable_path/Frameworks
    export LD_RUNPATH_SEARCH_PATHS_YES\=@loader_path/../Frameworks
    export LD_SHARED_CACHE_ELIGIBLE\=Automatic
    export LD_WARN_DUPLICATE_LIBRARIES\=NO
    export LD_WARN_UNUSED_DYLIBS\=NO
    export LEGACY_DEVELOPER_DIR\=/Applications/Xcode.app/Contents/PlugIns/Xcode3Core.ideplugin/Contents/SharedSupport/Developer
    export LEX\=lex
    export LIBRARY_DEXT_INSTALL_PATH\=/Library/DriverExtensions
    export LIBRARY_FLAG_NOSPACE\=YES
    export LIBRARY_FLAG_PREFIX\=-l
    export LIBRARY_KEXT_INSTALL_PATH\=/Library/Extensions
    export LIBRARY_SEARCH_PATHS\=/Users/delaxstudio/Library/Developer/Xcode/DerivedData/shigodeki-fkaeotsqybievcdjwhonrrgqyvla/Build/Products/Debug-iphonesimulator\ 
    export LINKER_DISPLAYS_MANGLED_NAMES\=NO
    export LINK_FILE_LIST_normal_arm64\=/Users/delaxstudio/Library/Developer/Xcode/DerivedData/shigodeki-fkaeotsqybievcdjwhonrrgqyvla/Build/Intermediates.noindex/shigodeki.build/Debug-iphonesimulator/shigodeki.build/Objects-normal/arm64/shigodeki.LinkFileList
    export LINK_FILE_LIST_normal_x86_64\=/Users/delaxstudio/Library/Developer/Xcode/DerivedData/shigodeki-fkaeotsqybievcdjwhonrrgqyvla/Build/Intermediates.noindex/shigodeki.build/Debug-iphonesimulator/shigodeki.build/Objects-normal/x86_64/shigodeki.LinkFileList
    export LINK_OBJC_RUNTIME\=YES
    export LINK_WITH_STANDARD_LIBRARIES\=YES
    export LLVM_TARGET_TRIPLE_OS_VERSION\=ios18.5
    export LLVM_TARGET_TRIPLE_SUFFIX\=-simulator
    export LLVM_TARGET_TRIPLE_VENDOR\=apple
    export LM_AUX_CONST_METADATA_LIST_PATH_normal_arm64\=/Users/delaxstudio/Library/Developer/Xcode/DerivedData/shigodeki-fkaeotsqybievcdjwhonrrgqyvla/Build/Intermediates.noindex/shigodeki.build/Debug-iphonesimulator/shigodeki.build/Objects-normal/arm64/shigodeki.SwiftConstValuesFileList
    export LM_AUX_CONST_METADATA_LIST_PATH_normal_x86_64\=/Users/delaxstudio/Library/Developer/Xcode/DerivedData/shigodeki-fkaeotsqybievcdjwhonrrgqyvla/Build/Intermediates.noindex/shigodeki.build/Debug-iphonesimulator/shigodeki.build/Objects-normal/x86_64/shigodeki.SwiftConstValuesFileList
    export LOCALIZATION_EXPORT_SUPPORTED\=YES
    export LOCALIZATION_PREFERS_STRING_CATALOGS\=YES
    export LOCALIZED_RESOURCES_FOLDER_PATH\=shigodeki.app/en.lproj
    export LOCALIZED_STRING_MACRO_NAMES\=NSLocalizedString\ CFCopyLocalizedString
    export LOCALIZED_STRING_SWIFTUI_SUPPORT\=YES
    export LOCAL_ADMIN_APPS_DIR\=/Applications/Utilities
    export LOCAL_APPS_DIR\=/Applications
    export LOCAL_DEVELOPER_DIR\=/Library/Developer
    export LOCAL_LIBRARY_DIR\=/Library
    export LOCROOT\=/Users/delaxstudio/src/shigodeki/iOS
    export LOCSYMROOT\=/Users/delaxstudio/src/shigodeki/iOS
    export MACH_O_TYPE\=mh_execute
    export MAC_OS_X_PRODUCT_BUILD_VERSION\=25C56
    export MAC_OS_X_VERSION_ACTUAL\=260200
    export MAC_OS_X_VERSION_MAJOR\=260000
    export MAC_OS_X_VERSION_MINOR\=260200
    export MAKE_MERGEABLE\=NO
    export MARKETING_VERSION\=1.6
    export MERGEABLE_LIBRARY\=NO
    export MERGED_BINARY_TYPE\=none
    export MERGE_LINKED_LIBRARIES\=NO
    export METAL_LIBRARY_FILE_BASE\=default
    export METAL_LIBRARY_OUTPUT_DIR\=/Users/delaxstudio/Library/Developer/Xcode/DerivedData/shigodeki-fkaeotsqybievcdjwhonrrgqyvla/Build/Products/Debug-iphonesimulator/shigodeki.app
    export MODULES_FOLDER_PATH\=shigodeki.app/Modules
    export MODULE_CACHE_DIR\=/Users/delaxstudio/Library/Developer/Xcode/DerivedData/ModuleCache.noindex
    export MTL_ENABLE_DEBUG_INFO\=INCLUDE_SOURCE
    export MTL_FAST_MATH\=YES
    export NATIVE_ARCH\=arm64
    export NATIVE_ARCH_32_BIT\=arm
    export NATIVE_ARCH_64_BIT\=arm64
    export NATIVE_ARCH_ACTUAL\=arm64
    export NO_COMMON\=YES
    export OBJC_ABI_VERSION\=2
    export OBJECT_FILE_DIR\=/Users/delaxstudio/Library/Developer/Xcode/DerivedData/shigodeki-fkaeotsqybievcdjwhonrrgqyvla/Build/Intermediates.noindex/shigodeki.build/Debug-iphonesimulator/shigodeki.build/Objects
    export OBJECT_FILE_DIR_normal\=/Users/delaxstudio/Library/Developer/Xcode/DerivedData/shigodeki-fkaeotsqybievcdjwhonrrgqyvla/Build/Intermediates.noindex/shigodeki.build/Debug-iphonesimulator/shigodeki.build/Objects-normal
    export OBJROOT\=/Users/delaxstudio/Library/Developer/Xcode/DerivedData/shigodeki-fkaeotsqybievcdjwhonrrgqyvla/Build/Intermediates.noindex
    export ONLY_ACTIVE_ARCH\=NO
    export OS\=MACOS
    export OSAC\=/usr/bin/osacompile
    export OTHER_CFLAGS\=-fmodule-map-file\=/Users/delaxstudio/Library/Developer/Xcode/DerivedData/shigodeki-fkaeotsqybievcdjwhonrrgqyvla/Build/Intermediates.noindex/GeneratedModuleMaps-iphonesimulator/FirebaseStorage.modulemap\ -fmodule-map-file\=/Users/delaxstudio/Library/Developer/Xcode/DerivedData/shigodeki-fkaeotsqybievcdjwhonrrgqyvla/Build/Intermediates.noindex/GeneratedModuleMaps-iphonesimulator/abslWrapper.modulemap\ -fmodule-map-file\=/Users/delaxstudio/Library/Developer/Xcode/DerivedData/shigodeki-fkaeotsqybievcdjwhonrrgqyvla/Build/Intermediates.noindex/GeneratedModuleMaps-iphonesimulator/opensslWrapper.modulemap\ -fmodule-map-file\=/Users/delaxstudio/Library/Developer/Xcode/DerivedData/shigodeki-fkaeotsqybievcdjwhonrrgqyvla/Build/Intermediates.noindex/GeneratedModuleMaps-iphonesimulator/grpcWrapper.modulemap\ -fmodule-map-file\=/Users/delaxstudio/Library/Developer/Xcode/DerivedData/shigodeki-fkaeotsqybievcdjwhonrrgqyvla/Build/Intermediates.noindex/GeneratedModuleMaps-iphonesimulator/grpcppWrapper.modulemap\ -fmodule-map-file\=/Users/delaxstudio/Library/Developer/Xcode/DerivedData/shigodeki-fkaeotsqybievcdjwhonrrgqyvla/Build/Intermediates.noindex/GeneratedModuleMaps-iphonesimulator/nanopb.modulemap\ -fmodule-map-file\=/Users/delaxstudio/Library/Developer/Xcode/DerivedData/shigodeki-fkaeotsqybievcdjwhonrrgqyvla/Build/Intermediates.noindex/GeneratedModuleMaps-iphonesimulator/leveldb.modulemap\ -fmodule-map-file\=/Users/delaxstudio/Library/Developer/Xcode/DerivedData/shigodeki-fkaeotsqybievcdjwhonrrgqyvla/Build/Intermediates.noindex/GeneratedModuleMaps-iphonesimulator/FirebaseFirestore.modulemap\ -fmodule-map-file\=/Users/delaxstudio/Library/Developer/Xcode/DerivedData/shigodeki-fkaeotsqybievcdjwhonrrgqyvla/Build/Intermediates.noindex/GeneratedModuleMaps-iphonesimulator/FirebaseSharedSwift.modulemap\ -fmodule-map-file\=/Users/delaxstudio/Library/Developer/Xcode/DerivedData/shigodeki-fkaeotsqybievcdjwhonrrgqyvla/Build/Intermediates.noindex/GeneratedModuleMaps-iphonesimulator/FirebaseFirestoreInternalWrapper.modulemap\ -fmodule-map-file\=/Users/delaxstudio/Library/Developer/Xcode/DerivedData/shigodeki-fkaeotsqybievcdjwhonrrgqyvla/Build/Intermediates.noindex/GeneratedModuleMaps-iphonesimulator/FirebaseFirestoreTarget.modulemap\ -fmodule-map-file\=/Users/delaxstudio/Library/Developer/Xcode/DerivedData/shigodeki-fkaeotsqybievcdjwhonrrgqyvla/Build/Intermediates.noindex/GeneratedModuleMaps-iphonesimulator/RecaptchaInterop.modulemap\ -fmodule-map-file\=/Users/delaxstudio/Library/Developer/Xcode/DerivedData/shigodeki-fkaeotsqybievcdjwhonrrgqyvla/Build/Intermediates.noindex/GeneratedModuleMaps-iphonesimulator/GoogleUtilities-Network.modulemap\ -fmodule-map-file\=/Users/delaxstudio/Library/Developer/Xcode/DerivedData/shigodeki-fkaeotsqybievcdjwhonrrgqyvla/Build/Intermediates.noindex/GeneratedModuleMaps-iphonesimulator/GoogleUtilities-Reachability.modulemap\ -fmodule-map-file\=/Users/delaxstudio/Library/Developer/Xcode/DerivedData/shigodeki-fkaeotsqybievcdjwhonrrgqyvla/Build/Intermediates.noindex/GeneratedModuleMaps-iphonesimulator/GoogleUtilities-NSData.modulemap\ -fmodule-map-file\=/Users/delaxstudio/Library/Developer/Xcode/DerivedData/shigodeki-fkaeotsqybievcdjwhonrrgqyvla/Build/Intermediates.noindex/GeneratedModuleMaps-iphonesimulator/GoogleUtilities-Logger.modulemap\ -fmodule-map-file\=/Users/delaxstudio/Library/Developer/Xcode/DerivedData/shigodeki-fkaeotsqybievcdjwhonrrgqyvla/Build/Intermediates.noindex/GeneratedModuleMaps-iphonesimulator/GoogleUtilities-Environment.modulemap\ -fmodule-map-file\=/Users/delaxstudio/Library/Developer/Xcode/DerivedData/shigodeki-fkaeotsqybievcdjwhonrrgqyvla/Build/Intermediates.noindex/GeneratedModuleMaps-iphonesimulator/third-party-IsAppEncrypted.modulemap\ -fmodule-map-file\=/Users/delaxstudio/Library/Developer/Xcode/DerivedData/shigodeki-fkaeotsqybievcdjwhonrrgqyvla/Build/Intermediates.noindex/GeneratedModuleMaps-iphonesimulator/GoogleUtilities-AppDelegateSwizzler.modulemap\ -fmodule-map-file\=/Users/delaxstudio/Library/Developer/Xcode/DerivedData/shigodeki-fkaeotsqybievcdjwhonrrgqyvla/Build/Intermediates.noindex/GeneratedModuleMaps-iphonesimulator/GTMSessionFetcherCore.modulemap\ -fmodule-map-file\=/Users/delaxstudio/Library/Developer/Xcode/DerivedData/shigodeki-fkaeotsqybievcdjwhonrrgqyvla/Build/Intermediates.noindex/GeneratedModuleMaps-iphonesimulator/FirebaseCoreExtension.modulemap\ -fmodule-map-file\=/Users/delaxstudio/Library/Developer/Xcode/DerivedData/shigodeki-fkaeotsqybievcdjwhonrrgqyvla/Build/Intermediates.noindex/GeneratedModuleMaps-iphonesimulator/FirebaseCore.modulemap\ -fmodule-map-file\=/Users/delaxstudio/Library/Developer/Xcode/DerivedData/shigodeki-fkaeotsqybievcdjwhonrrgqyvla/Build/Intermediates.noindex/GeneratedModuleMaps-iphonesimulator/FirebaseCoreInternal.modulemap\ -fmodule-map-file\=/Users/delaxstudio/Library/Developer/Xcode/DerivedData/shigodeki-fkaeotsqybievcdjwhonrrgqyvla/Build/Intermediates.noindex/GeneratedModuleMaps-iphonesimulator/FirebaseAuthInternal.modulemap\ -fmodule-map-file\=/Users/delaxstudio/Library/Developer/Xcode/DerivedData/shigodeki-fkaeotsqybievcdjwhonrrgqyvla/Build/Intermediates.noindex/GeneratedModuleMaps-iphonesimulator/FirebaseAuthInterop.modulemap\ -fmodule-map-file\=/Users/delaxstudio/Library/Developer/Xcode/DerivedData/shigodeki-fkaeotsqybievcdjwhonrrgqyvla/Build/Intermediates.noindex/GeneratedModuleMaps-iphonesimulator/FirebaseAppCheckInterop.modulemap\ -fmodule-map-file\=/Users/delaxstudio/Library/Developer/Xcode/DerivedData/shigodeki-fkaeotsqybievcdjwhonrrgqyvla/Build/Intermediates.noindex/GeneratedModuleMaps-iphonesimulator/FirebaseAuth.modulemap\ 
    export OTHER_CPLUSPLUSFLAGS\=-fmodule-map-file\=/Users/delaxstudio/Library/Developer/Xcode/DerivedData/shigodeki-fkaeotsqybievcdjwhonrrgqyvla/Build/Intermediates.noindex/GeneratedModuleMaps-iphonesimulator/FirebaseStorage.modulemap\ -fmodule-map-file\=/Users/delaxstudio/Library/Developer/Xcode/DerivedData/shigodeki-fkaeotsqybievcdjwhonrrgqyvla/Build/Intermediates.noindex/GeneratedModuleMaps-iphonesimulator/abslWrapper.modulemap\ -fmodule-map-file\=/Users/delaxstudio/Library/Developer/Xcode/DerivedData/shigodeki-fkaeotsqybievcdjwhonrrgqyvla/Build/Intermediates.noindex/GeneratedModuleMaps-iphonesimulator/opensslWrapper.modulemap\ -fmodule-map-file\=/Users/delaxstudio/Library/Developer/Xcode/DerivedData/shigodeki-fkaeotsqybievcdjwhonrrgqyvla/Build/Intermediates.noindex/GeneratedModuleMaps-iphonesimulator/grpcWrapper.modulemap\ -fmodule-map-file\=/Users/delaxstudio/Library/Developer/Xcode/DerivedData/shigodeki-fkaeotsqybievcdjwhonrrgqyvla/Build/Intermediates.noindex/GeneratedModuleMaps-iphonesimulator/grpcppWrapper.modulemap\ -fmodule-map-file\=/Users/delaxstudio/Library/Developer/Xcode/DerivedData/shigodeki-fkaeotsqybievcdjwhonrrgqyvla/Build/Intermediates.noindex/GeneratedModuleMaps-iphonesimulator/nanopb.modulemap\ -fmodule-map-file\=/Users/delaxstudio/Library/Developer/Xcode/DerivedData/shigodeki-fkaeotsqybievcdjwhonrrgqyvla/Build/Intermediates.noindex/GeneratedModuleMaps-iphonesimulator/leveldb.modulemap\ -fmodule-map-file\=/Users/delaxstudio/Library/Developer/Xcode/DerivedData/shigodeki-fkaeotsqybievcdjwhonrrgqyvla/Build/Intermediates.noindex/GeneratedModuleMaps-iphonesimulator/FirebaseFirestore.modulemap\ -fmodule-map-file\=/Users/delaxstudio/Library/Developer/Xcode/DerivedData/shigodeki-fkaeotsqybievcdjwhonrrgqyvla/Build/Intermediates.noindex/GeneratedModuleMaps-iphonesimulator/FirebaseSharedSwift.modulemap\ -fmodule-map-file\=/Users/delaxstudio/Library/Developer/Xcode/DerivedData/shigodeki-fkaeotsqybievcdjwhonrrgqyvla/Build/Intermediates.noindex/GeneratedModuleMaps-iphonesimulator/FirebaseFirestoreInternalWrapper.modulemap\ -fmodule-map-file\=/Users/delaxstudio/Library/Developer/Xcode/DerivedData/shigodeki-fkaeotsqybievcdjwhonrrgqyvla/Build/Intermediates.noindex/GeneratedModuleMaps-iphonesimulator/FirebaseFirestoreTarget.modulemap\ -fmodule-map-file\=/Users/delaxstudio/Library/Developer/Xcode/DerivedData/shigodeki-fkaeotsqybievcdjwhonrrgqyvla/Build/Intermediates.noindex/GeneratedModuleMaps-iphonesimulator/RecaptchaInterop.modulemap\ -fmodule-map-file\=/Users/delaxstudio/Library/Developer/Xcode/DerivedData/shigodeki-fkaeotsqybievcdjwhonrrgqyvla/Build/Intermediates.noindex/GeneratedModuleMaps-iphonesimulator/GoogleUtilities-Network.modulemap\ -fmodule-map-file\=/Users/delaxstudio/Library/Developer/Xcode/DerivedData/shigodeki-fkaeotsqybievcdjwhonrrgqyvla/Build/Intermediates.noindex/GeneratedModuleMaps-iphonesimulator/GoogleUtilities-Reachability.modulemap\ -fmodule-map-file\=/Users/delaxstudio/Library/Developer/Xcode/DerivedData/shigodeki-fkaeotsqybievcdjwhonrrgqyvla/Build/Intermediates.noindex/GeneratedModuleMaps-iphonesimulator/GoogleUtilities-NSData.modulemap\ -fmodule-map-file\=/Users/delaxstudio/Library/Developer/Xcode/DerivedData/shigodeki-fkaeotsqybievcdjwhonrrgqyvla/Build/Intermediates.noindex/GeneratedModuleMaps-iphonesimulator/GoogleUtilities-Logger.modulemap\ -fmodule-map-file\=/Users/delaxstudio/Library/Developer/Xcode/DerivedData/shigodeki-fkaeotsqybievcdjwhonrrgqyvla/Build/Intermediates.noindex/GeneratedModuleMaps-iphonesimulator/GoogleUtilities-Environment.modulemap\ -fmodule-map-file\=/Users/delaxstudio/Library/Developer/Xcode/DerivedData/shigodeki-fkaeotsqybievcdjwhonrrgqyvla/Build/Intermediates.noindex/GeneratedModuleMaps-iphonesimulator/third-party-IsAppEncrypted.modulemap\ -fmodule-map-file\=/Users/delaxstudio/Library/Developer/Xcode/DerivedData/shigodeki-fkaeotsqybievcdjwhonrrgqyvla/Build/Intermediates.noindex/GeneratedModuleMaps-iphonesimulator/GoogleUtilities-AppDelegateSwizzler.modulemap\ -fmodule-map-file\=/Users/delaxstudio/Library/Developer/Xcode/DerivedData/shigodeki-fkaeotsqybievcdjwhonrrgqyvla/Build/Intermediates.noindex/GeneratedModuleMaps-iphonesimulator/GTMSessionFetcherCore.modulemap\ -fmodule-map-file\=/Users/delaxstudio/Library/Developer/Xcode/DerivedData/shigodeki-fkaeotsqybievcdjwhonrrgqyvla/Build/Intermediates.noindex/GeneratedModuleMaps-iphonesimulator/FirebaseCoreExtension.modulemap\ -fmodule-map-file\=/Users/delaxstudio/Library/Developer/Xcode/DerivedData/shigodeki-fkaeotsqybievcdjwhonrrgqyvla/Build/Intermediates.noindex/GeneratedModuleMaps-iphonesimulator/FirebaseCore.modulemap\ -fmodule-map-file\=/Users/delaxstudio/Library/Developer/Xcode/DerivedData/shigodeki-fkaeotsqybievcdjwhonrrgqyvla/Build/Intermediates.noindex/GeneratedModuleMaps-iphonesimulator/FirebaseCoreInternal.modulemap\ -fmodule-map-file\=/Users/delaxstudio/Library/Developer/Xcode/DerivedData/shigodeki-fkaeotsqybievcdjwhonrrgqyvla/Build/Intermediates.noindex/GeneratedModuleMaps-iphonesimulator/FirebaseAuthInternal.modulemap\ -fmodule-map-file\=/Users/delaxstudio/Library/Developer/Xcode/DerivedData/shigodeki-fkaeotsqybievcdjwhonrrgqyvla/Build/Intermediates.noindex/GeneratedModuleMaps-iphonesimulator/FirebaseAuthInterop.modulemap\ -fmodule-map-file\=/Users/delaxstudio/Library/Developer/Xcode/DerivedData/shigodeki-fkaeotsqybievcdjwhonrrgqyvla/Build/Intermediates.noindex/GeneratedModuleMaps-iphonesimulator/FirebaseAppCheckInterop.modulemap\ -fmodule-map-file\=/Users/delaxstudio/Library/Developer/Xcode/DerivedData/shigodeki-fkaeotsqybievcdjwhonrrgqyvla/Build/Intermediates.noindex/GeneratedModuleMaps-iphonesimulator/FirebaseAuth.modulemap\ 
    export OTHER_LDFLAGS\=-Wl,-no_warn_duplicate_libraries\ -Wl,-no_warn_duplicate_libraries\ -Wl,-no_warn_duplicate_libraries\ -Wl,-no_warn_duplicate_libraries\ -Wl,-no_warn_duplicate_libraries\ -Wl,-no_warn_duplicate_libraries\ -lc++\ -Wl,-no_warn_duplicate_libraries\ -Wl,-no_warn_duplicate_libraries\ -Wl,-no_warn_duplicate_libraries\ -Wl,-no_warn_duplicate_libraries\ -Wl,-no_warn_duplicate_libraries\ -Wl,-no_warn_duplicate_libraries\ -Wl,-no_warn_duplicate_libraries\ -Wl,-no_warn_duplicate_libraries\ -Wl,-no_warn_duplicate_libraries\ -Wl,-no_warn_duplicate_libraries\ -Wl,-no_warn_duplicate_libraries\ -Wl,-no_warn_duplicate_libraries\ -Wl,-no_warn_duplicate_libraries\ -Wl,-no_warn_duplicate_libraries\ -Wl,-no_warn_duplicate_libraries\ -Wl,-no_warn_duplicate_libraries\ -Wl,-no_warn_duplicate_libraries\ -Wl,-no_warn_duplicate_libraries\ -Wl,-no_warn_duplicate_libraries\ -Wl,-no_warn_duplicate_libraries\ -Wl,-no_warn_duplicate_libraries\ -Wl,-no_warn_duplicate_libraries\ \ -framework\ Security\ -framework\ SafariServices\ -framework\ UIKit\ -lz\ -lc++\ -framework\ SystemConfiguration\ -framework\ UIKit
    export OTHER_SWIFT_FLAGS\=-Xcc\ -fmodule-map-file\=/Users/delaxstudio/Library/Developer/Xcode/DerivedData/shigodeki-fkaeotsqybievcdjwhonrrgqyvla/Build/Intermediates.noindex/GeneratedModuleMaps-iphonesimulator/abslWrapper.modulemap\ -Xcc\ -fmodule-map-file\=/Users/delaxstudio/Library/Developer/Xcode/DerivedData/shigodeki-fkaeotsqybievcdjwhonrrgqyvla/Build/Intermediates.noindex/GeneratedModuleMaps-iphonesimulator/opensslWrapper.modulemap\ -Xcc\ -fmodule-map-file\=/Users/delaxstudio/Library/Developer/Xcode/DerivedData/shigodeki-fkaeotsqybievcdjwhonrrgqyvla/Build/Intermediates.noindex/GeneratedModuleMaps-iphonesimulator/grpcWrapper.modulemap\ -Xcc\ -fmodule-map-file\=/Users/delaxstudio/Library/Developer/Xcode/DerivedData/shigodeki-fkaeotsqybievcdjwhonrrgqyvla/Build/Intermediates.noindex/GeneratedModuleMaps-iphonesimulator/grpcppWrapper.modulemap\ -Xcc\ -fmodule-map-file\=/Users/delaxstudio/Library/Developer/Xcode/DerivedData/shigodeki-fkaeotsqybievcdjwhonrrgqyvla/Build/Intermediates.noindex/GeneratedModuleMaps-iphonesimulator/nanopb.modulemap\ -Xcc\ -fmodule-map-file\=/Users/delaxstudio/Library/Developer/Xcode/DerivedData/shigodeki-fkaeotsqybievcdjwhonrrgqyvla/Build/Intermediates.noindex/GeneratedModuleMaps-iphonesimulator/leveldb.modulemap\ -Xcc\ -fmodule-map-file\=/Users/delaxstudio/Library/Developer/Xcode/DerivedData/shigodeki-fkaeotsqybievcdjwhonrrgqyvla/Build/Intermediates.noindex/GeneratedModuleMaps-iphonesimulator/FirebaseFirestoreInternalWrapper.modulemap\ -Xcc\ -fmodule-map-file\=/Users/delaxstudio/Library/Developer/Xcode/DerivedData/shigodeki-fkaeotsqybievcdjwhonrrgqyvla/Build/Intermediates.noindex/GeneratedModuleMaps-iphonesimulator/FirebaseFirestoreTarget.modulemap\ -Xcc\ -fmodule-map-file\=/Users/delaxstudio/Library/Developer/Xcode/DerivedData/shigodeki-fkaeotsqybievcdjwhonrrgqyvla/Build/Intermediates.noindex/GeneratedModuleMaps-iphonesimulator/RecaptchaInterop.modulemap\ -Xcc\ -fmodule-map-file\=/Users/delaxstudio/Library/Developer/Xcode/DerivedData/shigodeki-fkaeotsqybievcdjwhonrrgqyvla/Build/Intermediates.noindex/GeneratedModuleMaps-iphonesimulator/GoogleUtilities-Network.modulemap\ -Xcc\ -fmodule-map-file\=/Users/delaxstudio/Library/Developer/Xcode/DerivedData/shigodeki-fkaeotsqybievcdjwhonrrgqyvla/Build/Intermediates.noindex/GeneratedModuleMaps-iphonesimulator/GoogleUtilities-Reachability.modulemap\ -Xcc\ -fmodule-map-file\=/Users/delaxstudio/Library/Developer/Xcode/DerivedData/shigodeki-fkaeotsqybievcdjwhonrrgqyvla/Build/Intermediates.noindex/GeneratedModuleMaps-iphonesimulator/GoogleUtilities-NSData.modulemap\ -Xcc\ -fmodule-map-file\=/Users/delaxstudio/Library/Developer/Xcode/DerivedData/shigodeki-fkaeotsqybievcdjwhonrrgqyvla/Build/Intermediates.noindex/GeneratedModuleMaps-iphonesimulator/GoogleUtilities-Logger.modulemap\ -Xcc\ -fmodule-map-file\=/Users/delaxstudio/Library/Developer/Xcode/DerivedData/shigodeki-fkaeotsqybievcdjwhonrrgqyvla/Build/Intermediates.noindex/GeneratedModuleMaps-iphonesimulator/GoogleUtilities-Environment.modulemap\ -Xcc\ -fmodule-map-file\=/Users/delaxstudio/Library/Developer/Xcode/DerivedData/shigodeki-fkaeotsqybievcdjwhonrrgqyvla/Build/Intermediates.noindex/GeneratedModuleMaps-iphonesimulator/third-party-IsAppEncrypted.modulemap\ -Xcc\ -fmodule-map-file\=/Users/delaxstudio/Library/Developer/Xcode/DerivedData/shigodeki-fkaeotsqybievcdjwhonrrgqyvla/Build/Intermediates.noindex/GeneratedModuleMaps-iphonesimulator/GoogleUtilities-AppDelegateSwizzler.modulemap\ -Xcc\ -fmodule-map-file\=/Users/delaxstudio/Library/Developer/Xcode/DerivedData/shigodeki-fkaeotsqybievcdjwhonrrgqyvla/Build/Intermediates.noindex/GeneratedModuleMaps-iphonesimulator/GTMSessionFetcherCore.modulemap\ -Xcc\ -fmodule-map-file\=/Users/delaxstudio/Library/Developer/Xcode/DerivedData/shigodeki-fkaeotsqybievcdjwhonrrgqyvla/Build/Intermediates.noindex/GeneratedModuleMaps-iphonesimulator/FirebaseCoreExtension.modulemap\ -Xcc\ -fmodule-map-file\=/Users/delaxstudio/Library/Developer/Xcode/DerivedData/shigodeki-fkaeotsqybievcdjwhonrrgqyvla/Build/Intermediates.noindex/GeneratedModuleMaps-iphonesimulator/FirebaseCore.modulemap\ -Xcc\ -fmodule-map-file\=/Users/delaxstudio/Library/Developer/Xcode/DerivedData/shigodeki-fkaeotsqybievcdjwhonrrgqyvla/Build/Intermediates.noindex/GeneratedModuleMaps-iphonesimulator/FirebaseAuthInternal.modulemap\ -Xcc\ -fmodule-map-file\=/Users/delaxstudio/Library/Developer/Xcode/DerivedData/shigodeki-fkaeotsqybievcdjwhonrrgqyvla/Build/Intermediates.noindex/GeneratedModuleMaps-iphonesimulator/FirebaseAuthInterop.modulemap\ -Xcc\ -fmodule-map-file\=/Users/delaxstudio/Library/Developer/Xcode/DerivedData/shigodeki-fkaeotsqybievcdjwhonrrgqyvla/Build/Intermediates.noindex/GeneratedModuleMaps-iphonesimulator/FirebaseAppCheckInterop.modulemap\ 
    export PACKAGE_TYPE\=com.apple.package-type.wrapper.application
    export PASCAL_STRINGS\=YES
    export PATH\=/Applications/Xcode.app/Contents/SharedFrameworks/SwiftBuild.framework/Versions/A/PlugIns/SWBBuildService.bundle/Contents/PlugIns/SWBUniversalPlatformPlugin.bundle/Contents/Frameworks/SWBUniversalPlatform.framework/Resources:/Applications/Xcode.app/Contents/Developer/Toolchains/XcodeDefault.xctoolchain/usr/bin:/Applications/Xcode.app/Contents/Developer/Toolchains/XcodeDefault.xctoolchain/usr/local/bin:/Applications/Xcode.app/Contents/Developer/Toolchains/XcodeDefault.xctoolchain/usr/libexec:/Applications/Xcode.app/Contents/Developer/Platforms/iPhoneSimulator.platform/usr/bin:/Applications/Xcode.app/Contents/Developer/Platforms/iPhoneSimulator.platform/usr/local/bin:/Applications/Xcode.app/Contents/Developer/Platforms/iPhoneSimulator.platform/Developer/usr/bin:/Applications/Xcode.app/Contents/Developer/Platforms/iPhoneSimulator.platform/Developer/usr/local/bin:/Applications/Xcode.app/Contents/Developer/usr/bin:/Applications/Xcode.app/Contents/Developer/usr/local/bin:/Users/delaxstudio/.local/share/mise/installs/node/24.12.0/bin:/Users/delaxstudio/.local/bin:/Users/delaxstudio/brew/bin:/usr/local/bin:/usr/bin:/bin:/usr/sbin:/sbin
    export PATH_PREFIXES_EXCLUDED_FROM_HEADER_DEPENDENCIES\=/usr/include\ /usr/local/include\ /System/Library/Frameworks\ /System/Library/PrivateFrameworks\ /Applications/Xcode.app/Contents/Developer/Headers\ /Applications/Xcode.app/Contents/Developer/SDKs\ /Applications/Xcode.app/Contents/Developer/Platforms
    export PBDEVELOPMENTPLIST_PATH\=shigodeki.app/pbdevelopment.plist
    export PER_ARCH_MODULE_FILE_DIR\=/Users/delaxstudio/Library/Developer/Xcode/DerivedData/shigodeki-fkaeotsqybievcdjwhonrrgqyvla/Build/Intermediates.noindex/shigodeki.build/Debug-iphonesimulator/shigodeki.build/Objects-normal/undefined_arch
    export PER_ARCH_OBJECT_FILE_DIR\=/Users/delaxstudio/Library/Developer/Xcode/DerivedData/shigodeki-fkaeotsqybievcdjwhonrrgqyvla/Build/Intermediates.noindex/shigodeki.build/Debug-iphonesimulator/shigodeki.build/Objects-normal/undefined_arch
    export PER_VARIANT_OBJECT_FILE_DIR\=/Users/delaxstudio/Library/Developer/Xcode/DerivedData/shigodeki-fkaeotsqybievcdjwhonrrgqyvla/Build/Intermediates.noindex/shigodeki.build/Debug-iphonesimulator/shigodeki.build/Objects-normal
    export PKGINFO_FILE_PATH\=/Users/delaxstudio/Library/Developer/Xcode/DerivedData/shigodeki-fkaeotsqybievcdjwhonrrgqyvla/Build/Intermediates.noindex/shigodeki.build/Debug-iphonesimulator/shigodeki.build/PkgInfo
    export PKGINFO_PATH\=shigodeki.app/PkgInfo
    export PLATFORM_DEVELOPER_APPLICATIONS_DIR\=/Applications/Xcode.app/Contents/Developer/Platforms/iPhoneSimulator.platform/Developer/Applications
    export PLATFORM_DEVELOPER_BIN_DIR\=/Applications/Xcode.app/Contents/Developer/Platforms/iPhoneSimulator.platform/Developer/usr/bin
    export PLATFORM_DEVELOPER_LIBRARY_DIR\=/Applications/Xcode.app/Contents/Developer/Platforms/iPhoneSimulator.platform/Developer/Library
    export PLATFORM_DEVELOPER_SDK_DIR\=/Applications/Xcode.app/Contents/Developer/Platforms/iPhoneSimulator.platform/Developer/SDKs
    export PLATFORM_DEVELOPER_TOOLS_DIR\=/Applications/Xcode.app/Contents/Developer/Platforms/iPhoneSimulator.platform/Developer/Tools
    export PLATFORM_DEVELOPER_USR_DIR\=/Applications/Xcode.app/Contents/Developer/Platforms/iPhoneSimulator.platform/Developer/usr
    export PLATFORM_DIR\=/Applications/Xcode.app/Contents/Developer/Platforms/iPhoneSimulator.platform
    export PLATFORM_DISPLAY_NAME\=iOS\ Simulator
    export PLATFORM_FAMILY_NAME\=iOS
    export PLATFORM_NAME\=iphonesimulator
    export PLATFORM_PREFERRED_ARCH\=x86_64
    export PLATFORM_PRODUCT_BUILD_VERSION\=23C53
    export PLATFORM_REQUIRES_SWIFT_AUTOLINK_EXTRACT\=NO
    export PLATFORM_REQUIRES_SWIFT_MODULEWRAP\=NO
    export PLIST_FILE_OUTPUT_FORMAT\=binary
    export PLUGINS_FOLDER_PATH\=shigodeki.app/PlugIns
    export PRECOMPS_INCLUDE_HEADERS_FROM_BUILT_PRODUCTS_DIR\=YES
    export PRECOMP_DESTINATION_DIR\=/Users/delaxstudio/Library/Developer/Xcode/DerivedData/shigodeki-fkaeotsqybievcdjwhonrrgqyvla/Build/Intermediates.noindex/shigodeki.build/Debug-iphonesimulator/shigodeki.build/PrefixHeaders
    export PRIVATE_HEADERS_FOLDER_PATH\=shigodeki.app/PrivateHeaders
    export PROCESSED_INFOPLIST_PATH\=/Users/delaxstudio/Library/Developer/Xcode/DerivedData/shigodeki-fkaeotsqybievcdjwhonrrgqyvla/Build/Intermediates.noindex/shigodeki.build/Debug-iphonesimulator/shigodeki.build/Objects-normal/undefined_arch/Processed-Info.plist
    export PRODUCT_BUNDLE_IDENTIFIER\=com.hiroshikodera.shigodeki.dev
    export PRODUCT_BUNDLE_PACKAGE_TYPE\=APPL
    export PRODUCT_MODULE_NAME\=shigodeki
    export PRODUCT_NAME\=shigodeki
    export PRODUCT_SETTINGS_PATH\=/Users/delaxstudio/src/shigodeki/iOS/shigodeki/Info.plist
    export PRODUCT_TYPE\=com.apple.product-type.application
    export PROFILING_CODE\=NO
    export PROJECT\=shigodeki
    export PROJECT_DERIVED_FILE_DIR\=/Users/delaxstudio/Library/Developer/Xcode/DerivedData/shigodeki-fkaeotsqybievcdjwhonrrgqyvla/Build/Intermediates.noindex/shigodeki.build/DerivedSources
    export PROJECT_DIR\=/Users/delaxstudio/src/shigodeki/iOS
    export PROJECT_FILE_PATH\=/Users/delaxstudio/src/shigodeki/iOS/shigodeki.xcodeproj
    export PROJECT_GUID\=778cd99806b7a64fcaf3138ab8d360b6
    export PROJECT_NAME\=shigodeki
    export PROJECT_TEMP_DIR\=/Users/delaxstudio/Library/Developer/Xcode/DerivedData/shigodeki-fkaeotsqybievcdjwhonrrgqyvla/Build/Intermediates.noindex/shigodeki.build
    export PROJECT_TEMP_ROOT\=/Users/delaxstudio/Library/Developer/Xcode/DerivedData/shigodeki-fkaeotsqybievcdjwhonrrgqyvla/Build/Intermediates.noindex
    export PROVISIONING_PROFILE_REQUIRED\=NO
    export PROVISIONING_PROFILE_REQUIRED_YES_YES\=YES
    export PROVISIONING_PROFILE_SUPPORTED\=YES
    export PUBLIC_HEADERS_FOLDER_PATH\=shigodeki.app/Headers
    export RECOMMENDED_IPHONEOS_DEPLOYMENT_TARGET\=15.0
    export RECURSIVE_SEARCH_PATHS_FOLLOW_SYMLINKS\=YES
    export REMOVE_CVS_FROM_RESOURCES\=YES
    export REMOVE_GIT_FROM_RESOURCES\=YES
    export REMOVE_HEADERS_FROM_EMBEDDED_BUNDLES\=YES
    export REMOVE_HG_FROM_RESOURCES\=YES
    export REMOVE_STATIC_EXECUTABLES_FROM_EMBEDDED_BUNDLES\=YES
    export REMOVE_SVN_FROM_RESOURCES\=YES
    export RESCHEDULE_INDEPENDENT_HEADERS_PHASES\=YES
    export REZ_COLLECTOR_DIR\=/Users/delaxstudio/Library/Developer/Xcode/DerivedData/shigodeki-fkaeotsqybievcdjwhonrrgqyvla/Build/Intermediates.noindex/shigodeki.build/Debug-iphonesimulator/shigodeki.build/ResourceManagerResources
    export REZ_OBJECTS_DIR\=/Users/delaxstudio/Library/Developer/Xcode/DerivedData/shigodeki-fkaeotsqybievcdjwhonrrgqyvla/Build/Intermediates.noindex/shigodeki.build/Debug-iphonesimulator/shigodeki.build/ResourceManagerResources/Objects
    export REZ_SEARCH_PATHS\=/Users/delaxstudio/Library/Developer/Xcode/DerivedData/shigodeki-fkaeotsqybievcdjwhonrrgqyvla/Build/Products/Debug-iphonesimulator\ 
    export RUNTIME_EXCEPTION_ALLOW_DYLD_ENVIRONMENT_VARIABLES\=NO
    export RUNTIME_EXCEPTION_ALLOW_JIT\=NO
    export RUNTIME_EXCEPTION_ALLOW_UNSIGNED_EXECUTABLE_MEMORY\=NO
    export RUNTIME_EXCEPTION_DEBUGGING_TOOL\=NO
    export RUNTIME_EXCEPTION_DISABLE_EXECUTABLE_PAGE_PROTECTION\=NO
    export RUNTIME_EXCEPTION_DISABLE_LIBRARY_VALIDATION\=NO
    export SCAN_ALL_SOURCE_FILES_FOR_INCLUDES\=NO
    export SCRIPTS_FOLDER_PATH\=shigodeki.app/Scripts
    export SCRIPT_INPUT_FILE_0\=/Users/delaxstudio/src/shigodeki/iOS/Firebase/Config/GoogleService-Info-Dev.plist
    export SCRIPT_INPUT_FILE_1\=/Users/delaxstudio/src/shigodeki/iOS/Firebase/Config/GoogleService-Info-Prod.plist
    export SCRIPT_INPUT_FILE_2\=/Users/delaxstudio/src/shigodeki/iOS/Firebase/Scripts/copy-config.sh
    export SCRIPT_INPUT_FILE_COUNT\=3
    export SCRIPT_INPUT_FILE_LIST_COUNT\=0
    export SCRIPT_OUTPUT_FILE_0\=/Users/delaxstudio/Library/Developer/Xcode/DerivedData/shigodeki-fkaeotsqybievcdjwhonrrgqyvla/Build/Products/Debug-iphonesimulator/shigodeki.app/GoogleService-Info.plist
    export SCRIPT_OUTPUT_FILE_COUNT\=1
    export SCRIPT_OUTPUT_FILE_LIST_COUNT\=0
    export SDKROOT\=/Applications/Xcode.app/Contents/Developer/Platforms/iPhoneSimulator.platform/Developer/SDKs/iPhoneSimulator26.2.sdk
    export SDK_DIR\=/Applications/Xcode.app/Contents/Developer/Platforms/iPhoneSimulator.platform/Developer/SDKs/iPhoneSimulator26.2.sdk
    export SDK_DIR_iphonesimulator\=/Applications/Xcode.app/Contents/Developer/Platforms/iPhoneSimulator.platform/Developer/SDKs/iPhoneSimulator26.2.sdk
    export SDK_DIR_iphonesimulator26_2\=/Applications/Xcode.app/Contents/Developer/Platforms/iPhoneSimulator.platform/Developer/SDKs/iPhoneSimulator26.2.sdk
    export SDK_NAME\=iphonesimulator26.2
    export SDK_NAMES\=iphonesimulator26.2
    export SDK_PRODUCT_BUILD_VERSION\=23C53
    export SDK_STAT_CACHE_DIR\=/Users/delaxstudio/Library/Developer/Xcode/DerivedData
    export SDK_STAT_CACHE_ENABLE\=YES
    export SDK_STAT_CACHE_PATH\=/Users/delaxstudio/Library/Developer/Xcode/DerivedData/SDKStatCaches.noindex/iphonesimulator26.2-23C53-7d00a8b37fbd7999ea79df8ebc024bf0.sdkstatcache
    export SDK_VERSION\=26.2
    export SDK_VERSION_ACTUAL\=260200
    export SDK_VERSION_MAJOR\=260000
    export SDK_VERSION_MINOR\=260200
    export SED\=/usr/bin/sed
    export SEPARATE_STRIP\=NO
    export SEPARATE_SYMBOL_EDIT\=NO
    export SET_DIR_MODE_OWNER_GROUP\=YES
    export SET_FILE_MODE_OWNER_GROUP\=NO
    export SHALLOW_BUNDLE\=YES
    export SHALLOW_BUNDLE_TRIPLE\=ios-simulator
    export SHALLOW_BUNDLE_ios_macabi\=NO
    export SHALLOW_BUNDLE_macos\=NO
    export SHARED_DERIVED_FILE_DIR\=/Users/delaxstudio/Library/Developer/Xcode/DerivedData/shigodeki-fkaeotsqybievcdjwhonrrgqyvla/Build/Products/Debug-iphonesimulator/DerivedSources
    export SHARED_FRAMEWORKS_FOLDER_PATH\=shigodeki.app/SharedFrameworks
    export SHARED_PRECOMPS_DIR\=/Users/delaxstudio/Library/Developer/Xcode/DerivedData/shigodeki-fkaeotsqybievcdjwhonrrgqyvla/Build/Intermediates.noindex/PrecompiledHeaders
    export SHARED_SUPPORT_FOLDER_PATH\=shigodeki.app/SharedSupport
    export SKIP_INSTALL\=NO
    export SOURCE_ROOT\=/Users/delaxstudio/src/shigodeki/iOS
    export SRCROOT\=/Users/delaxstudio/src/shigodeki/iOS
    export STRINGSDATA_DIR\=/Users/delaxstudio/Library/Developer/Xcode/DerivedData/shigodeki-fkaeotsqybievcdjwhonrrgqyvla/Build/Intermediates.noindex/shigodeki.build/Debug-iphonesimulator/shigodeki.build/Objects-normal/undefined_arch
    export STRINGSDATA_ROOT\=/Users/delaxstudio/Library/Developer/Xcode/DerivedData/shigodeki-fkaeotsqybievcdjwhonrrgqyvla/Build/Intermediates.noindex/shigodeki.build/Debug-iphonesimulator/shigodeki.build
    export STRINGS_FILE_INFOPLIST_RENAME\=YES
    export STRINGS_FILE_OUTPUT_ENCODING\=binary
    export STRING_CATALOG_GENERATE_SYMBOLS\=NO
    export STRIP_BITCODE_FROM_COPIED_FILES\=NO
    export STRIP_INSTALLED_PRODUCT\=NO
    export STRIP_STYLE\=all
    export STRIP_SWIFT_SYMBOLS\=YES
    export SUPPORTED_DEVICE_FAMILIES\=1,2
    export SUPPORTED_PLATFORMS\=iphoneos\ iphonesimulator
    export SUPPORTS_MACCATALYST\=NO
    export SUPPORTS_MAC_DESIGNED_FOR_IPHONE_IPAD\=NO
    export SUPPORTS_ON_DEMAND_RESOURCES\=YES
    export SUPPORTS_TEXT_BASED_API\=NO
    export SUPPORTS_XR_DESIGNED_FOR_IPHONE_IPAD\=NO
    export SUPPRESS_WARNINGS\=NO
    export SWIFT_ACTIVE_COMPILATION_CONDITIONS\=DEBUG\ 
    export SWIFT_EMIT_CONST_VALUE_PROTOCOLS\=AppIntent\ EntityQuery\ AppEntity\ TransientEntity\ AppEnum\ AppShortcutProviding\ AppShortcutsProvider\ AnyResolverProviding\ AppIntentsPackage\ DynamicOptionsProvider\ _IntentValueRepresentable\ _AssistantIntentsProvider\ _GenerativeFunctionExtractable\ IntentValueQuery\ Resolver\ AppExtension\ ExtensionPointDefining
    export SWIFT_EMIT_LOC_STRINGS\=YES
    export SWIFT_ENABLE_EXPLICIT_MODULES\=YES
    export SWIFT_OPTIMIZATION_LEVEL\=-Onone
    export SWIFT_PLATFORM_TARGET_PREFIX\=ios
    export SWIFT_RESPONSE_FILE_PATH_normal_arm64\=/Users/delaxstudio/Library/Developer/Xcode/DerivedData/shigodeki-fkaeotsqybievcdjwhonrrgqyvla/Build/Intermediates.noindex/shigodeki.build/Debug-iphonesimulator/shigodeki.build/Objects-normal/arm64/shigodeki.SwiftFileList
    export SWIFT_RESPONSE_FILE_PATH_normal_x86_64\=/Users/delaxstudio/Library/Developer/Xcode/DerivedData/shigodeki-fkaeotsqybievcdjwhonrrgqyvla/Build/Intermediates.noindex/shigodeki.build/Debug-iphonesimulator/shigodeki.build/Objects-normal/x86_64/shigodeki.SwiftFileList
    export SWIFT_VERSION\=5.0
    export SYMROOT\=/Users/delaxstudio/Library/Developer/Xcode/DerivedData/shigodeki-fkaeotsqybievcdjwhonrrgqyvla/Build/Products
    export SYSTEM_ADMIN_APPS_DIR\=/Applications/Utilities
    export SYSTEM_APPS_DIR\=/Applications
    export SYSTEM_CORE_SERVICES_DIR\=/System/Library/CoreServices
    export SYSTEM_DEMOS_DIR\=/Applications/Extras
    export SYSTEM_DEVELOPER_APPS_DIR\=/Applications/Xcode.app/Contents/Developer/Applications
    export SYSTEM_DEVELOPER_BIN_DIR\=/Applications/Xcode.app/Contents/Developer/usr/bin
    export SYSTEM_DEVELOPER_DEMOS_DIR\=/Applications/Xcode.app/Contents/Developer/Applications/Utilities/Built\ Examples
    export SYSTEM_DEVELOPER_DIR\=/Applications/Xcode.app/Contents/Developer
    export SYSTEM_DEVELOPER_DOC_DIR\=/Applications/Xcode.app/Contents/Developer/ADC\ Reference\ Library
    export SYSTEM_DEVELOPER_GRAPHICS_TOOLS_DIR\=/Applications/Xcode.app/Contents/Developer/Applications/Graphics\ Tools
    export SYSTEM_DEVELOPER_JAVA_TOOLS_DIR\=/Applications/Xcode.app/Contents/Developer/Applications/Java\ Tools
    export SYSTEM_DEVELOPER_PERFORMANCE_TOOLS_DIR\=/Applications/Xcode.app/Contents/Developer/Applications/Performance\ Tools
    export SYSTEM_DEVELOPER_RELEASENOTES_DIR\=/Applications/Xcode.app/Contents/Developer/ADC\ Reference\ Library/releasenotes
    export SYSTEM_DEVELOPER_TOOLS\=/Applications/Xcode.app/Contents/Developer/Tools
    export SYSTEM_DEVELOPER_TOOLS_DOC_DIR\=/Applications/Xcode.app/Contents/Developer/ADC\ Reference\ Library/documentation/DeveloperTools
    export SYSTEM_DEVELOPER_TOOLS_RELEASENOTES_DIR\=/Applications/Xcode.app/Contents/Developer/ADC\ Reference\ Library/releasenotes/DeveloperTools
    export SYSTEM_DEVELOPER_USR_DIR\=/Applications/Xcode.app/Contents/Developer/usr
    export SYSTEM_DEVELOPER_UTILITIES_DIR\=/Applications/Xcode.app/Contents/Developer/Applications/Utilities
    export SYSTEM_DEXT_INSTALL_PATH\=/System/Library/DriverExtensions
    export SYSTEM_DOCUMENTATION_DIR\=/Library/Documentation
    export SYSTEM_EXTENSIONS_FOLDER_PATH\=shigodeki.app/SystemExtensions
    export SYSTEM_EXTENSIONS_FOLDER_PATH_SHALLOW_BUNDLE_NO\=shigodeki.app/Library/SystemExtensions
    export SYSTEM_EXTENSIONS_FOLDER_PATH_SHALLOW_BUNDLE_YES\=shigodeki.app/SystemExtensions
    export SYSTEM_KEXT_INSTALL_PATH\=/System/Library/Extensions
    export SYSTEM_LIBRARY_DIR\=/System/Library
    export TAPI_DEMANGLE\=YES
    export TAPI_ENABLE_PROJECT_HEADERS\=NO
    export TAPI_LANGUAGE\=objective-c
    export TAPI_LANGUAGE_STANDARD\=compiler-default
    export TAPI_USE_SRCROOT\=YES
    export TAPI_VERIFY_MODE\=Pedantic
    export TARGETED_DEVICE_FAMILY\=1,2
    export TARGETNAME\=shigodeki
    export TARGET_BUILD_DIR\=/Users/delaxstudio/Library/Developer/Xcode/DerivedData/shigodeki-fkaeotsqybievcdjwhonrrgqyvla/Build/Products/Debug-iphonesimulator
    export TARGET_NAME\=shigodeki
    export TARGET_TEMP_DIR\=/Users/delaxstudio/Library/Developer/Xcode/DerivedData/shigodeki-fkaeotsqybievcdjwhonrrgqyvla/Build/Intermediates.noindex/shigodeki.build/Debug-iphonesimulator/shigodeki.build
    export TEMP_DIR\=/Users/delaxstudio/Library/Developer/Xcode/DerivedData/shigodeki-fkaeotsqybievcdjwhonrrgqyvla/Build/Intermediates.noindex/shigodeki.build/Debug-iphonesimulator/shigodeki.build
    export TEMP_FILES_DIR\=/Users/delaxstudio/Library/Developer/Xcode/DerivedData/shigodeki-fkaeotsqybievcdjwhonrrgqyvla/Build/Intermediates.noindex/shigodeki.build/Debug-iphonesimulator/shigodeki.build
    export TEMP_FILE_DIR\=/Users/delaxstudio/Library/Developer/Xcode/DerivedData/shigodeki-fkaeotsqybievcdjwhonrrgqyvla/Build/Intermediates.noindex/shigodeki.build/Debug-iphonesimulator/shigodeki.build
    export TEMP_ROOT\=/Users/delaxstudio/Library/Developer/Xcode/DerivedData/shigodeki-fkaeotsqybievcdjwhonrrgqyvla/Build/Intermediates.noindex
    export TEMP_SANDBOX_DIR\=/Users/delaxstudio/Library/Developer/Xcode/DerivedData/shigodeki-fkaeotsqybievcdjwhonrrgqyvla/Build/Intermediates.noindex/TemporaryTaskSandboxes
    export TEST_FRAMEWORK_SEARCH_PATHS\=\ /Applications/Xcode.app/Contents/Developer/Platforms/iPhoneSimulator.platform/Developer/Library/Frameworks\ /Applications/Xcode.app/Contents/Developer/Platforms/iPhoneSimulator.platform/Developer/SDKs/iPhoneSimulator26.2.sdk/Developer/Library/Frameworks
    export TEST_LIBRARY_SEARCH_PATHS\=\ /Applications/Xcode.app/Contents/Developer/Platforms/iPhoneSimulator.platform/Developer/usr/lib
    export TOOLCHAINS\=com.apple.dt.toolchain.XcodeDefault
    export TOOLCHAIN_DIR\=/Applications/Xcode.app/Contents/Developer/Toolchains/XcodeDefault.xctoolchain
    export TREAT_MISSING_BASELINES_AS_TEST_FAILURES\=NO
    export TREAT_MISSING_SCRIPT_PHASE_OUTPUTS_AS_ERRORS\=NO
    export TeamIdentifierPrefix\=Z88477N5ZU.
    export UID\=501
    export UNINSTALLED_PRODUCTS_DIR\=/Users/delaxstudio/Library/Developer/Xcode/DerivedData/shigodeki-fkaeotsqybievcdjwhonrrgqyvla/Build/Intermediates.noindex/UninstalledProducts
    export UNLOCALIZED_RESOURCES_FOLDER_PATH\=shigodeki.app
    export UNLOCALIZED_RESOURCES_FOLDER_PATH_SHALLOW_BUNDLE_NO\=shigodeki.app/Resources
    export UNLOCALIZED_RESOURCES_FOLDER_PATH_SHALLOW_BUNDLE_YES\=shigodeki.app
    export UNSTRIPPED_PRODUCT\=NO
    export USER\=delaxstudio
    export USER_APPS_DIR\=/Users/delaxstudio/Applications
    export USER_LIBRARY_DIR\=/Users/delaxstudio/Library
    export USE_DYNAMIC_NO_PIC\=YES
    export USE_HEADERMAP\=YES
    export USE_HEADER_SYMLINKS\=NO
    export VALIDATE_DEVELOPMENT_ASSET_PATHS\=YES_ERROR
    export VALIDATE_PRODUCT\=NO
    export VALID_ARCHS\=arm64\ x86_64
    export VERBOSE_PBXCP\=NO
    export VERSIONPLIST_PATH\=shigodeki.app/version.plist
    export VERSION_INFO_BUILDER\=delaxstudio
    export VERSION_INFO_FILE\=shigodeki_vers.c
    export VERSION_INFO_STRING\=\"@\(\#\)PROGRAM:shigodeki\ \ PROJECT:shigodeki-2\"
    export WORKSPACE_DIR\=/Users/delaxstudio/src/shigodeki/iOS/shigodeki.xcodeproj
    export WRAPPER_EXTENSION\=app
    export WRAPPER_NAME\=shigodeki.app
    export WRAPPER_SUFFIX\=.app
    export WRAP_ASSET_PACKS_IN_SEPARATE_DIRECTORIES\=NO
    export XCODE_APP_SUPPORT_DIR\=/Applications/Xcode.app/Contents/Developer/Library/Xcode
    export XCODE_PRODUCT_BUILD_VERSION\=17C52
    export XCODE_VERSION_ACTUAL\=2620
    export XCODE_VERSION_MAJOR\=2600
    export XCODE_VERSION_MINOR\=2620
    export XPCSERVICES_FOLDER_PATH\=shigodeki.app/XPCServices
    export YACC\=yacc
    export _DISCOVER_COMMAND_LINE_LINKER_INPUTS\=YES
    export _DISCOVER_COMMAND_LINE_LINKER_INPUTS_INCLUDE_WL\=YES
    export _LD_MULTIARCH\=YES
    export _WRAPPER_CONTENTS_DIR_SHALLOW_BUNDLE_NO\=/Contents
    export _WRAPPER_PARENT_PATH_SHALLOW_BUNDLE_NO\=/..
    export _WRAPPER_RESOURCES_DIR_SHALLOW_BUNDLE_NO\=/Resources
    export __DIAGNOSE_DEPRECATED_ARCHS\=YES
    export __IS_NOT_MACOS\=YES
    export __IS_NOT_MACOS_macosx\=NO
    export __IS_NOT_SIMULATOR\=NO
    export __IS_NOT_SIMULATOR_simulator\=NO
    export arch\=undefined_arch
    export variant\=normal
    /usr/bin/sandbox-exec -D SCRIPT_OUTPUT_FILE_0\=/Users/delaxstudio/Library/Developer/Xcode/DerivedData/shigodeki-fkaeotsqybievcdjwhonrrgqyvla/Build/Products/Debug-iphonesimulator/shigodeki.app/GoogleService-Info.plist -D SCRIPT_INPUT_FILE_0\=/Users/delaxstudio/src/shigodeki/iOS/Firebase/Config/GoogleService-Info-Dev.plist -D SCRIPT_INPUT_FILE_1\=/Users/delaxstudio/src/shigodeki/iOS/Firebase/Config/GoogleService-Info-Prod.plist -D SCRIPT_INPUT_FILE_2\=/Users/delaxstudio/src/shigodeki/iOS/Firebase/Scripts/copy-config.sh -D SCRIPT_INPUT_FILE_3\=/Users/delaxstudio/Library/Developer/Xcode/DerivedData/shigodeki-fkaeotsqybievcdjwhonrrgqyvla/Build/Intermediates.noindex/shigodeki.build/Debug-iphonesimulator/shigodeki.build/Script-DE5F1B672E5FCAE600A91735.sh -D SCRIPT_INPUT_ANCESTOR_0\=/ -D SCRIPT_INPUT_ANCESTOR_1\=/Users -D SCRIPT_INPUT_ANCESTOR_2\=/Users/delaxstudio -D SCRIPT_INPUT_ANCESTOR_3\=/Users/delaxstudio/Library -D SCRIPT_INPUT_ANCESTOR_4\=/Users/delaxstudio/Library/Developer -D SCRIPT_INPUT_ANCESTOR_5\=/Users/delaxstudio/Library/Developer/Xcode -D SCRIPT_INPUT_ANCESTOR_6\=/Users/delaxstudio/Library/Developer/Xcode/DerivedData -D SCRIPT_INPUT_ANCESTOR_7\=/Users/delaxstudio/Library/Developer/Xcode/DerivedData/shigodeki-fkaeotsqybievcdjwhonrrgqyvla -D SCRIPT_INPUT_ANCESTOR_8\=/Users/delaxstudio/Library/Developer/Xcode/DerivedData/shigodeki-fkaeotsqybievcdjwhonrrgqyvla/Build -D SCRIPT_INPUT_ANCESTOR_9\=/Users/delaxstudio/Library/Developer/Xcode/DerivedData/shigodeki-fkaeotsqybievcdjwhonrrgqyvla/Build/Intermediates.noindex -D SCRIPT_INPUT_ANCESTOR_10\=/Users/delaxstudio/Library/Developer/Xcode/DerivedData/shigodeki-fkaeotsqybievcdjwhonrrgqyvla/Build/Intermediates.noindex/shigodeki.build -D SCRIPT_INPUT_ANCESTOR_11\=/Users/delaxstudio/Library/Developer/Xcode/DerivedData/shigodeki-fkaeotsqybievcdjwhonrrgqyvla/Build/Intermediates.noindex/shigodeki.build/Debug-iphonesimulator -D SCRIPT_INPUT_ANCESTOR_12\=/Users/delaxstudio/Library/Developer/Xcode/DerivedData/shigodeki-fkaeotsqybievcdjwhonrrgqyvla/Build/Intermediates.noindex/shigodeki.build/Debug-iphonesimulator/shigodeki.build -D SCRIPT_INPUT_ANCESTOR_13\=/Users/delaxstudio/src -D SCRIPT_INPUT_ANCESTOR_14\=/Users/delaxstudio/src/shigodeki -D SCRIPT_INPUT_ANCESTOR_15\=/Users/delaxstudio/src/shigodeki/iOS -D SCRIPT_INPUT_ANCESTOR_16\=/Users/delaxstudio/src/shigodeki/iOS/Firebase -D SCRIPT_INPUT_ANCESTOR_17\=/Users/delaxstudio/src/shigodeki/iOS/Firebase/Config -D SCRIPT_INPUT_ANCESTOR_18\=/Users/delaxstudio/src/shigodeki/iOS/Firebase/Scripts -D SCRIPT_OUTPUT_ANCESTOR_0\=/ -D SCRIPT_OUTPUT_ANCESTOR_1\=/Users -D SCRIPT_OUTPUT_ANCESTOR_2\=/Users/delaxstudio -D SCRIPT_OUTPUT_ANCESTOR_3\=/Users/delaxstudio/Library -D SCRIPT_OUTPUT_ANCESTOR_4\=/Users/delaxstudio/Library/Developer -D SCRIPT_OUTPUT_ANCESTOR_5\=/Users/delaxstudio/Library/Developer/Xcode -D SCRIPT_OUTPUT_ANCESTOR_6\=/Users/delaxstudio/Library/Developer/Xcode/DerivedData -D SCRIPT_OUTPUT_ANCESTOR_7\=/Users/delaxstudio/Library/Developer/Xcode/DerivedData/shigodeki-fkaeotsqybievcdjwhonrrgqyvla -D SCRIPT_OUTPUT_ANCESTOR_8\=/Users/delaxstudio/Library/Developer/Xcode/DerivedData/shigodeki-fkaeotsqybievcdjwhonrrgqyvla/Build -D SCRIPT_OUTPUT_ANCESTOR_9\=/Users/delaxstudio/Library/Developer/Xcode/DerivedData/shigodeki-fkaeotsqybievcdjwhonrrgqyvla/Build/Products -D SCRIPT_OUTPUT_ANCESTOR_10\=/Users/delaxstudio/Library/Developer/Xcode/DerivedData/shigodeki-fkaeotsqybievcdjwhonrrgqyvla/Build/Products/Debug-iphonesimulator -D SCRIPT_OUTPUT_ANCESTOR_11\=/Users/delaxstudio/Library/Developer/Xcode/DerivedData/shigodeki-fkaeotsqybievcdjwhonrrgqyvla/Build/Products/Debug-iphonesimulator/shigodeki.app -D SRCROOT\=/Users/delaxstudio/src/shigodeki/iOS -D PROJECT_DIR\=/Users/delaxstudio/src/shigodeki/iOS -D OBJROOT\=/Users/delaxstudio/Library/Developer/Xcode/DerivedData/shigodeki-fkaeotsqybievcdjwhonrrgqyvla/Build/Intermediates.noindex -D SYMROOT\=/Users/delaxstudio/Library/Developer/Xcode/DerivedData/shigodeki-fkaeotsqybievcdjwhonrrgqyvla/Build/Products -D DSTROOT\=/tmp/shigodeki.dst -D SHARED_PRECOMPS_DIR\=/Users/delaxstudio/Library/Developer/Xcode/DerivedData/shigodeki-fkaeotsqybievcdjwhonrrgqyvla/Build/Intermediates.noindex/PrecompiledHeaders -D CACHE_ROOT\=/var/folders/h8/l8lh6yjj6db_rkz_6dhpn7880000gn/C/com.apple.DeveloperTools/26.2-17C52/Xcode -D CONFIGURATION_BUILD_DIR\=/Users/delaxstudio/Library/Developer/Xcode/DerivedData/shigodeki-fkaeotsqybievcdjwhonrrgqyvla/Build/Products/Debug-iphonesimulator -D CONFIGURATION_TEMP_DIR\=/Users/delaxstudio/Library/Developer/Xcode/DerivedData/shigodeki-fkaeotsqybievcdjwhonrrgqyvla/Build/Intermediates.noindex/shigodeki.build/Debug-iphonesimulator -D LOCROOT\=/Users/delaxstudio/src/shigodeki/iOS -D LOCSYMROOT\=/Users/delaxstudio/src/shigodeki/iOS -D INDEX_PRECOMPS_DIR\=/Users/delaxstudio/Library/Developer/Xcode/DerivedData/shigodeki-fkaeotsqybievcdjwhonrrgqyvla/Index.noindex/PrecompiledHeaders -D INDEX_DATA_STORE_DIR\=/Users/delaxstudio/Library/Developer/Xcode/DerivedData/shigodeki-fkaeotsqybievcdjwhonrrgqyvla/Index.noindex/DataStore -D TEMP_DIR\=/Users/delaxstudio/Library/Developer/Xcode/DerivedData/shigodeki-fkaeotsqybievcdjwhonrrgqyvla/Build/Intermediates.noindex/shigodeki.build/Debug-iphonesimulator/shigodeki.build -D TARGET_TEMP_DIR\=/Users/delaxstudio/Library/Developer/Xcode/DerivedData/shigodeki-fkaeotsqybievcdjwhonrrgqyvla/Build/Intermediates.noindex/shigodeki.build/Debug-iphonesimulator/shigodeki.build -D DERIVED_FILE_DIR\=/Users/delaxstudio/Library/Developer/Xcode/DerivedData/shigodeki-fkaeotsqybievcdjwhonrrgqyvla/Build/Intermediates.noindex/shigodeki.build/Debug-iphonesimulator/shigodeki.build/DerivedSources -f /Users/delaxstudio/Library/Developer/Xcode/DerivedData/shigodeki-fkaeotsqybievcdjwhonrrgqyvla/Build/Intermediates.noindex/shigodeki.build/Debug-iphonesimulator/shigodeki.build/728f05dfcf5fdc34d7d29b961e62a8db.sb /bin/sh -c /Users/delaxstudio/Library/Developer/Xcode/DerivedData/shigodeki-fkaeotsqybievcdjwhonrrgqyvla/Build/Intermediates.noindex/shigodeki.build/Debug-iphonesimulator/shigodeki.build/Script-DE5F1B672E5FCAE600A91735.sh
Using Firebase configuration for Development
Copied Firebase config to /Users/delaxstudio/Library/Developer/Xcode/DerivedData/shigodeki-fkaeotsqybievcdjwhonrrgqyvla/Build/Products/Debug-iphonesimulator/shigodeki.app/GoogleService-Info.plist

CopySwiftLibs /Users/delaxstudio/Library/Developer/Xcode/DerivedData/shigodeki-fkaeotsqybievcdjwhonrrgqyvla/Build/Products/Debug-iphonesimulator/shigodeki.app (in target 'shigodeki' from project 'shigodeki')
    cd /Users/delaxstudio/src/shigodeki/iOS
    builtin-swiftStdLibTool --copy --verbose --sign - --scan-executable /Users/delaxstudio/Library/Developer/Xcode/DerivedData/shigodeki-fkaeotsqybievcdjwhonrrgqyvla/Build/Products/Debug-iphonesimulator/shigodeki.app/shigodeki.debug.dylib --scan-folder /Users/delaxstudio/Library/Developer/Xcode/DerivedData/shigodeki-fkaeotsqybievcdjwhonrrgqyvla/Build/Products/Debug-iphonesimulator/shigodeki.app/Frameworks --scan-folder /Users/delaxstudio/Library/Developer/Xcode/DerivedData/shigodeki-fkaeotsqybievcdjwhonrrgqyvla/Build/Products/Debug-iphonesimulator/shigodeki.app/PlugIns --scan-folder /Users/delaxstudio/Library/Developer/Xcode/DerivedData/shigodeki-fkaeotsqybievcdjwhonrrgqyvla/Build/Products/Debug-iphonesimulator/shigodeki.app/SystemExtensions --scan-folder /Users/delaxstudio/Library/Developer/Xcode/DerivedData/shigodeki-fkaeotsqybievcdjwhonrrgqyvla/Build/Products/Debug-iphonesimulator/shigodeki.app/Extensions --platform iphonesimulator --toolchain /Applications/Xcode.app/Contents/Developer/Toolchains/XcodeDefault.xctoolchain --destination /Users/delaxstudio/Library/Developer/Xcode/DerivedData/shigodeki-fkaeotsqybievcdjwhonrrgqyvla/Build/Products/Debug-iphonesimulator/shigodeki.app/Frameworks --strip-bitcode --strip-bitcode-tool /Applications/Xcode.app/Contents/Developer/Toolchains/XcodeDefault.xctoolchain/usr/bin/bitcode_strip --emit-dependency-info /Users/delaxstudio/Library/Developer/Xcode/DerivedData/shigodeki-fkaeotsqybievcdjwhonrrgqyvla/Build/Intermediates.noindex/shigodeki.build/Debug-iphonesimulator/shigodeki.build/SwiftStdLibToolInputDependencies.dep --filter-for-swift-os --back-deploy-swift-span

ExtractAppIntentsMetadata (in target 'shigodeki' from project 'shigodeki')
    cd /Users/delaxstudio/src/shigodeki/iOS
    /Applications/Xcode.app/Contents/Developer/Toolchains/XcodeDefault.xctoolchain/usr/bin/appintentsmetadataprocessor --toolchain-dir /Applications/Xcode.app/Contents/Developer/Toolchains/XcodeDefault.xctoolchain --module-name shigodeki --sdk-root /Applications/Xcode.app/Contents/Developer/Platforms/iPhoneSimulator.platform/Developer/SDKs/iPhoneSimulator26.2.sdk --xcode-version 17C52 --platform-family iOS --deployment-target 18.5 --bundle-identifier com.hiroshikodera.shigodeki.dev --output /Users/delaxstudio/Library/Developer/Xcode/DerivedData/shigodeki-fkaeotsqybievcdjwhonrrgqyvla/Build/Products/Debug-iphonesimulator/shigodeki.app --target-triple arm64-apple-ios18.5-simulator --target-triple x86_64-apple-ios18.5-simulator --binary-file /Users/delaxstudio/Library/Developer/Xcode/DerivedData/shigodeki-fkaeotsqybievcdjwhonrrgqyvla/Build/Products/Debug-iphonesimulator/shigodeki.app/shigodeki --dependency-file /Users/delaxstudio/Library/Developer/Xcode/DerivedData/shigodeki-fkaeotsqybievcdjwhonrrgqyvla/Build/Intermediates.noindex/shigodeki.build/Debug-iphonesimulator/shigodeki.build/Objects-normal/arm64/shigodeki_dependency_info.dat --dependency-file /Users/delaxstudio/Library/Developer/Xcode/DerivedData/shigodeki-fkaeotsqybievcdjwhonrrgqyvla/Build/Intermediates.noindex/shigodeki.build/Debug-iphonesimulator/shigodeki.build/Objects-normal/x86_64/shigodeki_dependency_info.dat --stringsdata-file /Users/delaxstudio/Library/Developer/Xcode/DerivedData/shigodeki-fkaeotsqybievcdjwhonrrgqyvla/Build/Intermediates.noindex/shigodeki.build/Debug-iphonesimulator/shigodeki.build/Objects-normal/arm64/ExtractedAppShortcutsMetadata.stringsdata --stringsdata-file /Users/delaxstudio/Library/Developer/Xcode/DerivedData/shigodeki-fkaeotsqybievcdjwhonrrgqyvla/Build/Intermediates.noindex/shigodeki.build/Debug-iphonesimulator/shigodeki.build/Objects-normal/x86_64/ExtractedAppShortcutsMetadata.stringsdata --source-file-list /Users/delaxstudio/Library/Developer/Xcode/DerivedData/shigodeki-fkaeotsqybievcdjwhonrrgqyvla/Build/Intermediates.noindex/shigodeki.build/Debug-iphonesimulator/shigodeki.build/Objects-normal/arm64/shigodeki.SwiftFileList --source-file-list /Users/delaxstudio/Library/Developer/Xcode/DerivedData/shigodeki-fkaeotsqybievcdjwhonrrgqyvla/Build/Intermediates.noindex/shigodeki.build/Debug-iphonesimulator/shigodeki.build/Objects-normal/x86_64/shigodeki.SwiftFileList --metadata-file-list /Users/delaxstudio/Library/Developer/Xcode/DerivedData/shigodeki-fkaeotsqybievcdjwhonrrgqyvla/Build/Intermediates.noindex/shigodeki.build/Debug-iphonesimulator/shigodeki.build/shigodeki.DependencyMetadataFileList --static-metadata-file-list /Users/delaxstudio/Library/Developer/Xcode/DerivedData/shigodeki-fkaeotsqybievcdjwhonrrgqyvla/Build/Intermediates.noindex/shigodeki.build/Debug-iphonesimulator/shigodeki.build/shigodeki.DependencyStaticMetadataFileList --swift-const-vals-list /Users/delaxstudio/Library/Developer/Xcode/DerivedData/shigodeki-fkaeotsqybievcdjwhonrrgqyvla/Build/Intermediates.noindex/shigodeki.build/Debug-iphonesimulator/shigodeki.build/Objects-normal/arm64/shigodeki.SwiftConstValuesFileList --swift-const-vals-list /Users/delaxstudio/Library/Developer/Xcode/DerivedData/shigodeki-fkaeotsqybievcdjwhonrrgqyvla/Build/Intermediates.noindex/shigodeki.build/Debug-iphonesimulator/shigodeki.build/Objects-normal/x86_64/shigodeki.SwiftConstValuesFileList --compile-time-extraction --deployment-aware-processing --validate-assistant-intents --no-app-shortcuts-localization
2026-01-18 10:57:38.692 appintentsmetadataprocessor[20176:7268217] Starting appintentsmetadataprocessor export
2026-01-18 10:57:38.695 appintentsmetadataprocessor[20176:7268217] warning: Metadata extraction skipped. No AppIntents.framework dependency found.

AppIntentsSSUTraining (in target 'shigodeki' from project 'shigodeki')
    cd /Users/delaxstudio/src/shigodeki/iOS
    /Applications/Xcode.app/Contents/Developer/Toolchains/XcodeDefault.xctoolchain/usr/bin/appintentsnltrainingprocessor --infoplist-path /Users/delaxstudio/Library/Developer/Xcode/DerivedData/shigodeki-fkaeotsqybievcdjwhonrrgqyvla/Build/Products/Debug-iphonesimulator/shigodeki.app/Info.plist --temp-dir-path /Users/delaxstudio/Library/Developer/Xcode/DerivedData/shigodeki-fkaeotsqybievcdjwhonrrgqyvla/Build/Intermediates.noindex/shigodeki.build/Debug-iphonesimulator/shigodeki.build/ssu --bundle-id com.hiroshikodera.shigodeki.dev --product-path /Users/delaxstudio/Library/Developer/Xcode/DerivedData/shigodeki-fkaeotsqybievcdjwhonrrgqyvla/Build/Products/Debug-iphonesimulator/shigodeki.app --extracted-metadata-path /Users/delaxstudio/Library/Developer/Xcode/DerivedData/shigodeki-fkaeotsqybievcdjwhonrrgqyvla/Build/Products/Debug-iphonesimulator/shigodeki.app/Metadata.appintents --metadata-file-list /Users/delaxstudio/Library/Developer/Xcode/DerivedData/shigodeki-fkaeotsqybievcdjwhonrrgqyvla/Build/Intermediates.noindex/shigodeki.build/Debug-iphonesimulator/shigodeki.build/shigodeki.DependencyMetadataFileList --archive-ssu-assets
2026-01-18 10:57:38.717 appintentsnltrainingprocessor[20177:7268218] Parsing options for appintentsnltrainingprocessor
2026-01-18 10:57:38.718 appintentsnltrainingprocessor[20177:7268218] No AppShortcuts found - Skipping.

CodeSign /Users/delaxstudio/Library/Developer/Xcode/DerivedData/shigodeki-fkaeotsqybievcdjwhonrrgqyvla/Build/Products/Debug-iphonesimulator/shigodeki.app/shigodeki.debug.dylib (in target 'shigodeki' from project 'shigodeki')
    cd /Users/delaxstudio/src/shigodeki/iOS
    
    Signing Identity:     "Sign to Run Locally"
    
    /usr/bin/codesign --force --sign - --timestamp\=none --generate-entitlement-der /Users/delaxstudio/Library/Developer/Xcode/DerivedData/shigodeki-fkaeotsqybievcdjwhonrrgqyvla/Build/Products/Debug-iphonesimulator/shigodeki.app/shigodeki.debug.dylib

CodeSign /Users/delaxstudio/Library/Developer/Xcode/DerivedData/shigodeki-fkaeotsqybievcdjwhonrrgqyvla/Build/Products/Debug-iphonesimulator/shigodeki.app/__preview.dylib (in target 'shigodeki' from project 'shigodeki')
    cd /Users/delaxstudio/src/shigodeki/iOS
    
    Signing Identity:     "Sign to Run Locally"
    
    /usr/bin/codesign --force --sign - --timestamp\=none --generate-entitlement-der /Users/delaxstudio/Library/Developer/Xcode/DerivedData/shigodeki-fkaeotsqybievcdjwhonrrgqyvla/Build/Products/Debug-iphonesimulator/shigodeki.app/__preview.dylib

CodeSign /Users/delaxstudio/Library/Developer/Xcode/DerivedData/shigodeki-fkaeotsqybievcdjwhonrrgqyvla/Build/Products/Debug-iphonesimulator/shigodeki.app (in target 'shigodeki' from project 'shigodeki')
    cd /Users/delaxstudio/src/shigodeki/iOS
    
    Signing Identity:     "Sign to Run Locally"
    
    /usr/bin/codesign --force --sign - --entitlements /Users/delaxstudio/Library/Developer/Xcode/DerivedData/shigodeki-fkaeotsqybievcdjwhonrrgqyvla/Build/Intermediates.noindex/shigodeki.build/Debug-iphonesimulator/shigodeki.build/shigodeki.app.xcent --timestamp\=none --generate-entitlement-der /Users/delaxstudio/Library/Developer/Xcode/DerivedData/shigodeki-fkaeotsqybievcdjwhonrrgqyvla/Build/Products/Debug-iphonesimulator/shigodeki.app

RegisterExecutionPolicyException /Users/delaxstudio/Library/Developer/Xcode/DerivedData/shigodeki-fkaeotsqybievcdjwhonrrgqyvla/Build/Products/Debug-iphonesimulator/shigodeki.app (in target 'shigodeki' from project 'shigodeki')
    cd /Users/delaxstudio/src/shigodeki/iOS
    builtin-RegisterExecutionPolicyException /Users/delaxstudio/Library/Developer/Xcode/DerivedData/shigodeki-fkaeotsqybievcdjwhonrrgqyvla/Build/Products/Debug-iphonesimulator/shigodeki.app

Validate /Users/delaxstudio/Library/Developer/Xcode/DerivedData/shigodeki-fkaeotsqybievcdjwhonrrgqyvla/Build/Products/Debug-iphonesimulator/shigodeki.app (in target 'shigodeki' from project 'shigodeki')
    cd /Users/delaxstudio/src/shigodeki/iOS
    builtin-validationUtility /Users/delaxstudio/Library/Developer/Xcode/DerivedData/shigodeki-fkaeotsqybievcdjwhonrrgqyvla/Build/Products/Debug-iphonesimulator/shigodeki.app -shallow-bundle -infoplist-subpath Info.plist

Touch /Users/delaxstudio/Library/Developer/Xcode/DerivedData/shigodeki-fkaeotsqybievcdjwhonrrgqyvla/Build/Products/Debug-iphonesimulator/shigodeki.app (in target 'shigodeki' from project 'shigodeki')
    cd /Users/delaxstudio/src/shigodeki/iOS
    /usr/bin/touch -c /Users/delaxstudio/Library/Developer/Xcode/DerivedData/shigodeki-fkaeotsqybievcdjwhonrrgqyvla/Build/Products/Debug-iphonesimulator/shigodeki.app

** BUILD SUCCEEDED **

