WARNING: A terminally deprecated method in sun.misc.Unsafe has been called
WARNING: sun.misc.Unsafe::allocateMemory has been called by io.netty.util.internal.PlatformDependent0$2 (file:/Users/delaxstudio/.cache/firebase/emulators/cloud-firestore-emulator-v1.20.2.jar)
WARNING: Please consider reporting this to the maintainers of class io.netty.util.internal.PlatformDependent0$2
WARNING: sun.misc.Unsafe::allocateMemory will be removed in a future release
Jan 18, 2026 10:16:13 AM com.google.cloud.datastore.emulator.firestore.websocket.WebSocketServer start
INFO: Started WebSocket server on ws://127.0.0.1:9150
API endpoint: http://127.0.0.1:8080
If you are using a library that supports the FIRESTORE_EMULATOR_HOST environment variable, run:

   export FIRESTORE_EMULATOR_HOST=127.0.0.1:8080

If you are running a Firestore in Datastore Mode project, run:

   export DATASTORE_EMULATOR_HOST=127.0.0.1:8080

Note: Support for Datastore Mode is in preview. If you encounter any bugs please file at https://github.com/firebase/firebase-tools/issues.
Dev App Server is now running.

Jan 18, 2026 10:16:24 AM io.gapi.emulators.netty.HttpVersionRoutingHandler channelRead
INFO: Detected non-HTTP/2 connection.
Jan 18, 2026 10:16:24 AM io.gapi.emulators.netty.HttpVersionRoutingHandler channelRead
INFO: Detected HTTP/2 connection.
Multiple projectIds are not recommended in single project mode. Requested project ID shigodeki-family-test-1768698984595, but the emulator is configured for shigodeki-dev. To opt-out of single project mode add/set the '"singleProjectMode": false' property in the firebase.json emulators config.
Jan 18, 2026 10:16:25 AM io.gapi.emulators.netty.HttpVersionRoutingHandler channelRead
INFO: Detected HTTP/2 connection.
Multiple projectIds are not recommended in single project mode. Requested project ID shigodeki-family-test-1768698984595, but the emulator is configured for shigodeki-dev. To opt-out of single project mode add/set the '"singleProjectMode": false' property in the firebase.json emulators config.
Jan 18, 2026 10:16:25 AM io.gapi.emulators.netty.HttpVersionRoutingHandler channelRead
INFO: Detected HTTP/2 connection.
Multiple projectIds are not recommended in single project mode. Requested project ID shigodeki-family-test-1768698984595, but the emulator is configured for shigodeki-dev. To opt-out of single project mode add/set the '"singleProjectMode": false' property in the firebase.json emulators config.
Multiple projectIds are not recommended in single project mode. Requested project ID shigodeki-family-test-1768698984595, but the emulator is configured for shigodeki-dev. To opt-out of single project mode add/set the '"singleProjectMode": false' property in the firebase.json emulators config.
Multiple projectIds are not recommended in single project mode. Requested project ID shigodeki-family-test-1768698984595, but the emulator is configured for shigodeki-dev. To opt-out of single project mode add/set the '"singleProjectMode": false' property in the firebase.json emulators config.
Multiple projectIds are not recommended in single project mode. Requested project ID shigodeki-family-test-1768698984595, but the emulator is configured for shigodeki-dev. To opt-out of single project mode add/set the '"singleProjectMode": false' property in the firebase.json emulators config.
Multiple projectIds are not recommended in single project mode. Requested project ID shigodeki-family-test-1768698984595, but the emulator is configured for shigodeki-dev. To opt-out of single project mode add/set the '"singleProjectMode": false' property in the firebase.json emulators config.
Multiple projectIds are not recommended in single project mode. Requested project ID shigodeki-family-test-1768698984595, but the emulator is configured for shigodeki-dev. To opt-out of single project mode add/set the '"singleProjectMode": false' property in the firebase.json emulators config.
Multiple projectIds are not recommended in single project mode. Requested project ID shigodeki-family-test-1768698984595, but the emulator is configured for shigodeki-dev. To opt-out of single project mode add/set the '"singleProjectMode": false' property in the firebase.json emulators config.
Multiple projectIds are not recommended in single project mode. Requested project ID shigodeki-family-test-1768698984595, but the emulator is configured for shigodeki-dev. To opt-out of single project mode add/set the '"singleProjectMode": false' property in the firebase.json emulators config.
Multiple projectIds are not recommended in single project mode. Requested project ID shigodeki-family-test-1768698984595, but the emulator is configured for shigodeki-dev. To opt-out of single project mode add/set the '"singleProjectMode": false' property in the firebase.json emulators config.
Multiple projectIds are not recommended in single project mode. Requested project ID shigodeki-family-test-1768698984595, but the emulator is configured for shigodeki-dev. To opt-out of single project mode add/set the '"singleProjectMode": false' property in the firebase.json emulators config.
Multiple projectIds are not recommended in single project mode. Requested project ID shigodeki-family-test-1768698984595, but the emulator is configured for shigodeki-dev. To opt-out of single project mode add/set the '"singleProjectMode": false' property in the firebase.json emulators config.
Jan 18, 2026 10:16:28 AM io.gapi.emulators.netty.HttpVersionRoutingHandler channelRead
INFO: Detected non-HTTP/2 connection.
Multiple projectIds are not recommended in single project mode. Requested project ID shigodeki-family-test-1768698988734, but the emulator is configured for shigodeki-dev. To opt-out of single project mode add/set the '"singleProjectMode": false' property in the firebase.json emulators config.
Jan 18, 2026 10:16:28 AM io.gapi.emulators.netty.HttpVersionRoutingHandler channelRead
INFO: Detected HTTP/2 connection.
Multiple projectIds are not recommended in single project mode. Requested project ID shigodeki-family-test-1768698988734, but the emulator is configured for shigodeki-dev. To opt-out of single project mode add/set the '"singleProjectMode": false' property in the firebase.json emulators config.
Jan 18, 2026 10:16:28 AM io.gapi.emulators.netty.HttpVersionRoutingHandler channelRead
INFO: Detected HTTP/2 connection.
Multiple projectIds are not recommended in single project mode. Requested project ID shigodeki-family-test-1768698988734, but the emulator is configured for shigodeki-dev. To opt-out of single project mode add/set the '"singleProjectMode": false' property in the firebase.json emulators config.
Multiple projectIds are not recommended in single project mode. Requested project ID shigodeki-family-test-1768698988734, but the emulator is configured for shigodeki-dev. To opt-out of single project mode add/set the '"singleProjectMode": false' property in the firebase.json emulators config.
Multiple projectIds are not recommended in single project mode. Requested project ID shigodeki-family-test-1768698988734, but the emulator is configured for shigodeki-dev. To opt-out of single project mode add/set the '"singleProjectMode": false' property in the firebase.json emulators config.
Multiple projectIds are not recommended in single project mode. Requested project ID shigodeki-family-test-1768698988734, but the emulator is configured for shigodeki-dev. To opt-out of single project mode add/set the '"singleProjectMode": false' property in the firebase.json emulators config.
Multiple projectIds are not recommended in single project mode. Requested project ID shigodeki-family-test-1768698988734, but the emulator is configured for shigodeki-dev. To opt-out of single project mode add/set the '"singleProjectMode": false' property in the firebase.json emulators config.
Multiple projectIds are not recommended in single project mode. Requested project ID shigodeki-family-test-1768698988734, but the emulator is configured for shigodeki-dev. To opt-out of single project mode add/set the '"singleProjectMode": false' property in the firebase.json emulators config.
Multiple projectIds are not recommended in single project mode. Requested project ID shigodeki-family-test-1768698988734, but the emulator is configured for shigodeki-dev. To opt-out of single project mode add/set the '"singleProjectMode": false' property in the firebase.json emulators config.
Multiple projectIds are not recommended in single project mode. Requested project ID shigodeki-family-test-1768698988734, but the emulator is configured for shigodeki-dev. To opt-out of single project mode add/set the '"singleProjectMode": false' property in the firebase.json emulators config.
Multiple projectIds are not recommended in single project mode. Requested project ID shigodeki-family-test-1768698988734, but the emulator is configured for shigodeki-dev. To opt-out of single project mode add/set the '"singleProjectMode": false' property in the firebase.json emulators config.
Multiple projectIds are not recommended in single project mode. Requested project ID shigodeki-family-test-1768698988734, but the emulator is configured for shigodeki-dev. To opt-out of single project mode add/set the '"singleProjectMode": false' property in the firebase.json emulators config.
Multiple projectIds are not recommended in single project mode. Requested project ID shigodeki-family-test-1768698988734, but the emulator is configured for shigodeki-dev. To opt-out of single project mode add/set the '"singleProjectMode": false' property in the firebase.json emulators config.
Multiple projectIds are not recommended in single project mode. Requested project ID shigodeki-test, but the emulator is configured for shigodeki-dev. To opt-out of single project mode add/set the '"singleProjectMode": false' property in the firebase.json emulators config.
Multiple projectIds are not recommended in single project mode. Requested project ID shigodeki-test, but the emulator is configured for shigodeki-dev. To opt-out of single project mode add/set the '"singleProjectMode": false' property in the firebase.json emulators config.
Jan 18, 2026 10:16:29 AM io.gapi.emulators.netty.HttpVersionRoutingHandler channelRead
INFO: Detected HTTP/2 connection.
Multiple projectIds are not recommended in single project mode. Requested project ID shigodeki-test, but the emulator is configured for shigodeki-dev. To opt-out of single project mode add/set the '"singleProjectMode": false' property in the firebase.json emulators config.
Multiple projectIds are not recommended in single project mode. Requested project ID shigodeki-test, but the emulator is configured for shigodeki-dev. To opt-out of single project mode add/set the '"singleProjectMode": false' property in the firebase.json emulators config.
Multiple projectIds are not recommended in single project mode. Requested project ID shigodeki-test, but the emulator is configured for shigodeki-dev. To opt-out of single project mode add/set the '"singleProjectMode": false' property in the firebase.json emulators config.
Multiple projectIds are not recommended in single project mode. Requested project ID shigodeki-test, but the emulator is configured for shigodeki-dev. To opt-out of single project mode add/set the '"singleProjectMode": false' property in the firebase.json emulators config.
Multiple projectIds are not recommended in single project mode. Requested project ID shigodeki-test, but the emulator is configured for shigodeki-dev. To opt-out of single project mode add/set the '"singleProjectMode": false' property in the firebase.json emulators config.
Multiple projectIds are not recommended in single project mode. Requested project ID shigodeki-test, but the emulator is configured for shigodeki-dev. To opt-out of single project mode add/set the '"singleProjectMode": false' property in the firebase.json emulators config.
Multiple projectIds are not recommended in single project mode. Requested project ID shigodeki-test, but the emulator is configured for shigodeki-dev. To opt-out of single project mode add/set the '"singleProjectMode": false' property in the firebase.json emulators config.
Multiple projectIds are not recommended in single project mode. Requested project ID shigodeki-test, but the emulator is configured for shigodeki-dev. To opt-out of single project mode add/set the '"singleProjectMode": false' property in the firebase.json emulators config.
Multiple projectIds are not recommended in single project mode. Requested project ID shigodeki-test, but the emulator is configured for shigodeki-dev. To opt-out of single project mode add/set the '"singleProjectMode": false' property in the firebase.json emulators config.
Multiple projectIds are not recommended in single project mode. Requested project ID shigodeki-test, but the emulator is configured for shigodeki-dev. To opt-out of single project mode add/set the '"singleProjectMode": false' property in the firebase.json emulators config.
Multiple projectIds are not recommended in single project mode. Requested project ID shigodeki-test, but the emulator is configured for shigodeki-dev. To opt-out of single project mode add/set the '"singleProjectMode": false' property in the firebase.json emulators config.
Jan 18, 2026 10:16:29 AM io.gapi.emulators.netty.HttpVersionRoutingHandler channelRead
INFO: Detected HTTP/2 connection.
Multiple projectIds are not recommended in single project mode. Requested project ID shigodeki-test, but the emulator is configured for shigodeki-dev. To opt-out of single project mode add/set the '"singleProjectMode": false' property in the firebase.json emulators config.
Multiple projectIds are not recommended in single project mode. Requested project ID shigodeki-test, but the emulator is configured for shigodeki-dev. To opt-out of single project mode add/set the '"singleProjectMode": false' property in the firebase.json emulators config.
Multiple projectIds are not recommended in single project mode. Requested project ID shigodeki-test, but the emulator is configured for shigodeki-dev. To opt-out of single project mode add/set the '"singleProjectMode": false' property in the firebase.json emulators config.
Multiple projectIds are not recommended in single project mode. Requested project ID shigodeki-test, but the emulator is configured for shigodeki-dev. To opt-out of single project mode add/set the '"singleProjectMode": false' property in the firebase.json emulators config.
Multiple projectIds are not recommended in single project mode. Requested project ID shigodeki-test, but the emulator is configured for shigodeki-dev. To opt-out of single project mode add/set the '"singleProjectMode": false' property in the firebase.json emulators config.
Multiple projectIds are not recommended in single project mode. Requested project ID shigodeki-test, but the emulator is configured for shigodeki-dev. To opt-out of single project mode add/set the '"singleProjectMode": false' property in the firebase.json emulators config.
Multiple projectIds are not recommended in single project mode. Requested project ID shigodeki-test, but the emulator is configured for shigodeki-dev. To opt-out of single project mode add/set the '"singleProjectMode": false' property in the firebase.json emulators config.
Multiple projectIds are not recommended in single project mode. Requested project ID shigodeki-test, but the emulator is configured for shigodeki-dev. To opt-out of single project mode add/set the '"singleProjectMode": false' property in the firebase.json emulators config.
Multiple projectIds are not recommended in single project mode. Requested project ID shigodeki-test, but the emulator is configured for shigodeki-dev. To opt-out of single project mode add/set the '"singleProjectMode": false' property in the firebase.json emulators config.
Multiple projectIds are not recommended in single project mode. Requested project ID shigodeki-test, but the emulator is configured for shigodeki-dev. To opt-out of single project mode add/set the '"singleProjectMode": false' property in the firebase.json emulators config.
Multiple projectIds are not recommended in single project mode. Requested project ID shigodeki-test, but the emulator is configured for shigodeki-dev. To opt-out of single project mode add/set the '"singleProjectMode": false' property in the firebase.json emulators config.
Multiple projectIds are not recommended in single project mode. Requested project ID shigodeki-test, but the emulator is configured for shigodeki-dev. To opt-out of single project mode add/set the '"singleProjectMode": false' property in the firebase.json emulators config.
Multiple projectIds are not recommended in single project mode. Requested project ID shigodeki-test, but the emulator is configured for shigodeki-dev. To opt-out of single project mode add/set the '"singleProjectMode": false' property in the firebase.json emulators config.
Multiple projectIds are not recommended in single project mode. Requested project ID shigodeki-test, but the emulator is configured for shigodeki-dev. To opt-out of single project mode add/set the '"singleProjectMode": false' property in the firebase.json emulators config.
Multiple projectIds are not recommended in single project mode. Requested project ID shigodeki-test, but the emulator is configured for shigodeki-dev. To opt-out of single project mode add/set the '"singleProjectMode": false' property in the firebase.json emulators config.
Jan 18, 2026 10:16:53 AM io.gapi.emulators.netty.HttpVersionRoutingHandler channelRead
INFO: Detected non-HTTP/2 connection.
Multiple projectIds are not recommended in single project mode. Requested project ID shigodeki-family-test-1768699013151, but the emulator is configured for shigodeki-dev. To opt-out of single project mode add/set the '"singleProjectMode": false' property in the firebase.json emulators config.
Jan 18, 2026 10:16:53 AM io.gapi.emulators.netty.HttpVersionRoutingHandler channelRead
INFO: Detected HTTP/2 connection.
Multiple projectIds are not recommended in single project mode. Requested project ID shigodeki-family-test-1768699013151, but the emulator is configured for shigodeki-dev. To opt-out of single project mode add/set the '"singleProjectMode": false' property in the firebase.json emulators config.
Jan 18, 2026 10:16:53 AM io.gapi.emulators.netty.HttpVersionRoutingHandler channelRead
INFO: Detected HTTP/2 connection.
Multiple projectIds are not recommended in single project mode. Requested project ID shigodeki-family-test-1768699013151, but the emulator is configured for shigodeki-dev. To opt-out of single project mode add/set the '"singleProjectMode": false' property in the firebase.json emulators config.
Multiple projectIds are not recommended in single project mode. Requested project ID shigodeki-family-test-1768699013151, but the emulator is configured for shigodeki-dev. To opt-out of single project mode add/set the '"singleProjectMode": false' property in the firebase.json emulators config.
Multiple projectIds are not recommended in single project mode. Requested project ID shigodeki-family-test-1768699013151, but the emulator is configured for shigodeki-dev. To opt-out of single project mode add/set the '"singleProjectMode": false' property in the firebase.json emulators config.
Multiple projectIds are not recommended in single project mode. Requested project ID shigodeki-family-test-1768699013151, but the emulator is configured for shigodeki-dev. To opt-out of single project mode add/set the '"singleProjectMode": false' property in the firebase.json emulators config.
Multiple projectIds are not recommended in single project mode. Requested project ID shigodeki-family-test-1768699013151, but the emulator is configured for shigodeki-dev. To opt-out of single project mode add/set the '"singleProjectMode": false' property in the firebase.json emulators config.
Multiple projectIds are not recommended in single project mode. Requested project ID shigodeki-family-test-1768699013151, but the emulator is configured for shigodeki-dev. To opt-out of single project mode add/set the '"singleProjectMode": false' property in the firebase.json emulators config.
Multiple projectIds are not recommended in single project mode. Requested project ID shigodeki-family-test-1768699013151, but the emulator is configured for shigodeki-dev. To opt-out of single project mode add/set the '"singleProjectMode": false' property in the firebase.json emulators config.
Multiple projectIds are not recommended in single project mode. Requested project ID shigodeki-family-test-1768699013151, but the emulator is configured for shigodeki-dev. To opt-out of single project mode add/set the '"singleProjectMode": false' property in the firebase.json emulators config.
Multiple projectIds are not recommended in single project mode. Requested project ID shigodeki-family-test-1768699013151, but the emulator is configured for shigodeki-dev. To opt-out of single project mode add/set the '"singleProjectMode": false' property in the firebase.json emulators config.
Multiple projectIds are not recommended in single project mode. Requested project ID shigodeki-family-test-1768699013151, but the emulator is configured for shigodeki-dev. To opt-out of single project mode add/set the '"singleProjectMode": false' property in the firebase.json emulators config.
Multiple projectIds are not recommended in single project mode. Requested project ID shigodeki-family-test-1768699013151, but the emulator is configured for shigodeki-dev. To opt-out of single project mode add/set the '"singleProjectMode": false' property in the firebase.json emulators config.
Multiple projectIds are not recommended in single project mode. Requested project ID shigodeki-test-1768699013390, but the emulator is configured for shigodeki-dev. To opt-out of single project mode add/set the '"singleProjectMode": false' property in the firebase.json emulators config.
Jan 18, 2026 10:16:53 AM io.gapi.emulators.netty.HttpVersionRoutingHandler channelRead
INFO: Detected HTTP/2 connection.
Multiple projectIds are not recommended in single project mode. Requested project ID shigodeki-test-1768699013390, but the emulator is configured for shigodeki-dev. To opt-out of single project mode add/set the '"singleProjectMode": false' property in the firebase.json emulators config.
Jan 18, 2026 10:16:53 AM io.gapi.emulators.netty.HttpVersionRoutingHandler channelRead
INFO: Detected HTTP/2 connection.
Multiple projectIds are not recommended in single project mode. Requested project ID shigodeki-test-1768699013390, but the emulator is configured for shigodeki-dev. To opt-out of single project mode add/set the '"singleProjectMode": false' property in the firebase.json emulators config.
Multiple projectIds are not recommended in single project mode. Requested project ID shigodeki-test-1768699013390, but the emulator is configured for shigodeki-dev. To opt-out of single project mode add/set the '"singleProjectMode": false' property in the firebase.json emulators config.
Multiple projectIds are not recommended in single project mode. Requested project ID shigodeki-test-1768699013390, but the emulator is configured for shigodeki-dev. To opt-out of single project mode add/set the '"singleProjectMode": false' property in the firebase.json emulators config.
Multiple projectIds are not recommended in single project mode. Requested project ID shigodeki-test-1768699013390, but the emulator is configured for shigodeki-dev. To opt-out of single project mode add/set the '"singleProjectMode": false' property in the firebase.json emulators config.
Multiple projectIds are not recommended in single project mode. Requested project ID shigodeki-test-1768699013390, but the emulator is configured for shigodeki-dev. To opt-out of single project mode add/set the '"singleProjectMode": false' property in the firebase.json emulators config.
Multiple projectIds are not recommended in single project mode. Requested project ID shigodeki-test-1768699013390, but the emulator is configured for shigodeki-dev. To opt-out of single project mode add/set the '"singleProjectMode": false' property in the firebase.json emulators config.
Multiple projectIds are not recommended in single project mode. Requested project ID shigodeki-test-1768699013390, but the emulator is configured for shigodeki-dev. To opt-out of single project mode add/set the '"singleProjectMode": false' property in the firebase.json emulators config.
Multiple projectIds are not recommended in single project mode. Requested project ID shigodeki-test-1768699013390, but the emulator is configured for shigodeki-dev. To opt-out of single project mode add/set the '"singleProjectMode": false' property in the firebase.json emulators config.
Multiple projectIds are not recommended in single project mode. Requested project ID shigodeki-test-1768699013390, but the emulator is configured for shigodeki-dev. To opt-out of single project mode add/set the '"singleProjectMode": false' property in the firebase.json emulators config.
Multiple projectIds are not recommended in single project mode. Requested project ID shigodeki-test-1768699013390, but the emulator is configured for shigodeki-dev. To opt-out of single project mode add/set the '"singleProjectMode": false' property in the firebase.json emulators config.
Multiple projectIds are not recommended in single project mode. Requested project ID shigodeki-test-1768699013390, but the emulator is configured for shigodeki-dev. To opt-out of single project mode add/set the '"singleProjectMode": false' property in the firebase.json emulators config.
Multiple projectIds are not recommended in single project mode. Requested project ID shigodeki-test-1768699013153, but the emulator is configured for shigodeki-dev. To opt-out of single project mode add/set the '"singleProjectMode": false' property in the firebase.json emulators config.
Multiple projectIds are not recommended in single project mode. Requested project ID shigodeki-test-1768699013153, but the emulator is configured for shigodeki-dev. To opt-out of single project mode add/set the '"singleProjectMode": false' property in the firebase.json emulators config.
Jan 18, 2026 10:16:53 AM io.gapi.emulators.netty.HttpVersionRoutingHandler channelRead
INFO: Detected HTTP/2 connection.
Multiple projectIds are not recommended in single project mode. Requested project ID shigodeki-test-1768699013153, but the emulator is configured for shigodeki-dev. To opt-out of single project mode add/set the '"singleProjectMode": false' property in the firebase.json emulators config.
Multiple projectIds are not recommended in single project mode. Requested project ID shigodeki-test-1768699013153, but the emulator is configured for shigodeki-dev. To opt-out of single project mode add/set the '"singleProjectMode": false' property in the firebase.json emulators config.
Multiple projectIds are not recommended in single project mode. Requested project ID shigodeki-test-1768699013153, but the emulator is configured for shigodeki-dev. To opt-out of single project mode add/set the '"singleProjectMode": false' property in the firebase.json emulators config.
Multiple projectIds are not recommended in single project mode. Requested project ID shigodeki-test-1768699013153, but the emulator is configured for shigodeki-dev. To opt-out of single project mode add/set the '"singleProjectMode": false' property in the firebase.json emulators config.
Multiple projectIds are not recommended in single project mode. Requested project ID shigodeki-test-1768699013153, but the emulator is configured for shigodeki-dev. To opt-out of single project mode add/set the '"singleProjectMode": false' property in the firebase.json emulators config.
Multiple projectIds are not recommended in single project mode. Requested project ID shigodeki-test-1768699013153, but the emulator is configured for shigodeki-dev. To opt-out of single project mode add/set the '"singleProjectMode": false' property in the firebase.json emulators config.
Multiple projectIds are not recommended in single project mode. Requested project ID shigodeki-test-1768699013153, but the emulator is configured for shigodeki-dev. To opt-out of single project mode add/set the '"singleProjectMode": false' property in the firebase.json emulators config.
Multiple projectIds are not recommended in single project mode. Requested project ID shigodeki-test-1768699013153, but the emulator is configured for shigodeki-dev. To opt-out of single project mode add/set the '"singleProjectMode": false' property in the firebase.json emulators config.
Multiple projectIds are not recommended in single project mode. Requested project ID shigodeki-test-1768699013153, but the emulator is configured for shigodeki-dev. To opt-out of single project mode add/set the '"singleProjectMode": false' property in the firebase.json emulators config.
Multiple projectIds are not recommended in single project mode. Requested project ID shigodeki-test, but the emulator is configured for shigodeki-dev. To opt-out of single project mode add/set the '"singleProjectMode": false' property in the firebase.json emulators config.
Multiple projectIds are not recommended in single project mode. Requested project ID shigodeki-test, but the emulator is configured for shigodeki-dev. To opt-out of single project mode add/set the '"singleProjectMode": false' property in the firebase.json emulators config.
Jan 18, 2026 10:16:53 AM io.gapi.emulators.netty.HttpVersionRoutingHandler channelRead
INFO: Detected HTTP/2 connection.
Multiple projectIds are not recommended in single project mode. Requested project ID shigodeki-test, but the emulator is configured for shigodeki-dev. To opt-out of single project mode add/set the '"singleProjectMode": false' property in the firebase.json emulators config.
Multiple projectIds are not recommended in single project mode. Requested project ID shigodeki-test, but the emulator is configured for shigodeki-dev. To opt-out of single project mode add/set the '"singleProjectMode": false' property in the firebase.json emulators config.
Multiple projectIds are not recommended in single project mode. Requested project ID shigodeki-test, but the emulator is configured for shigodeki-dev. To opt-out of single project mode add/set the '"singleProjectMode": false' property in the firebase.json emulators config.
Multiple projectIds are not recommended in single project mode. Requested project ID shigodeki-test, but the emulator is configured for shigodeki-dev. To opt-out of single project mode add/set the '"singleProjectMode": false' property in the firebase.json emulators config.
Multiple projectIds are not recommended in single project mode. Requested project ID shigodeki-test, but the emulator is configured for shigodeki-dev. To opt-out of single project mode add/set the '"singleProjectMode": false' property in the firebase.json emulators config.
Multiple projectIds are not recommended in single project mode. Requested project ID shigodeki-test, but the emulator is configured for shigodeki-dev. To opt-out of single project mode add/set the '"singleProjectMode": false' property in the firebase.json emulators config.
Multiple projectIds are not recommended in single project mode. Requested project ID shigodeki-test, but the emulator is configured for shigodeki-dev. To opt-out of single project mode add/set the '"singleProjectMode": false' property in the firebase.json emulators config.
Multiple projectIds are not recommended in single project mode. Requested project ID shigodeki-test, but the emulator is configured for shigodeki-dev. To opt-out of single project mode add/set the '"singleProjectMode": false' property in the firebase.json emulators config.
Multiple projectIds are not recommended in single project mode. Requested project ID shigodeki-test, but the emulator is configured for shigodeki-dev. To opt-out of single project mode add/set the '"singleProjectMode": false' property in the firebase.json emulators config.
Multiple projectIds are not recommended in single project mode. Requested project ID shigodeki-test, but the emulator is configured for shigodeki-dev. To opt-out of single project mode add/set the '"singleProjectMode": false' property in the firebase.json emulators config.
Multiple projectIds are not recommended in single project mode. Requested project ID shigodeki-test, but the emulator is configured for shigodeki-dev. To opt-out of single project mode add/set the '"singleProjectMode": false' property in the firebase.json emulators config.
Multiple projectIds are not recommended in single project mode. Requested project ID shigodeki-test, but the emulator is configured for shigodeki-dev. To opt-out of single project mode add/set the '"singleProjectMode": false' property in the firebase.json emulators config.
Multiple projectIds are not recommended in single project mode. Requested project ID shigodeki-test, but the emulator is configured for shigodeki-dev. To opt-out of single project mode add/set the '"singleProjectMode": false' property in the firebase.json emulators config.
Multiple projectIds are not recommended in single project mode. Requested project ID shigodeki-test, but the emulator is configured for shigodeki-dev. To opt-out of single project mode add/set the '"singleProjectMode": false' property in the firebase.json emulators config.
Multiple projectIds are not recommended in single project mode. Requested project ID shigodeki-test, but the emulator is configured for shigodeki-dev. To opt-out of single project mode add/set the '"singleProjectMode": false' property in the firebase.json emulators config.
Jan 18, 2026 10:17:10 AM io.gapi.emulators.netty.HttpVersionRoutingHandler channelRead
INFO: Detected non-HTTP/2 connection.
Jan 18, 2026 10:17:15 AM io.gapi.emulators.netty.HttpVersionRoutingHandler channelRead
INFO: Detected non-HTTP/2 connection.
Multiple projectIds are not recommended in single project mode. Requested project ID shigodeki-family-test-1768699035882, but the emulator is configured for shigodeki-dev. To opt-out of single project mode add/set the '"singleProjectMode": false' property in the firebase.json emulators config.
Jan 18, 2026 10:17:15 AM io.gapi.emulators.netty.HttpVersionRoutingHandler channelRead
INFO: Detected HTTP/2 connection.
Multiple projectIds are not recommended in single project mode. Requested project ID shigodeki-family-test-1768699035882, but the emulator is configured for shigodeki-dev. To opt-out of single project mode add/set the '"singleProjectMode": false' property in the firebase.json emulators config.
Jan 18, 2026 10:17:16 AM io.gapi.emulators.netty.HttpVersionRoutingHandler channelRead
INFO: Detected HTTP/2 connection.
Multiple projectIds are not recommended in single project mode. Requested project ID shigodeki-family-test-1768699035882, but the emulator is configured for shigodeki-dev. To opt-out of single project mode add/set the '"singleProjectMode": false' property in the firebase.json emulators config.
Multiple projectIds are not recommended in single project mode. Requested project ID shigodeki-family-test-1768699035882, but the emulator is configured for shigodeki-dev. To opt-out of single project mode add/set the '"singleProjectMode": false' property in the firebase.json emulators config.
Multiple projectIds are not recommended in single project mode. Requested project ID shigodeki-family-test-1768699035882, but the emulator is configured for shigodeki-dev. To opt-out of single project mode add/set the '"singleProjectMode": false' property in the firebase.json emulators config.
Multiple projectIds are not recommended in single project mode. Requested project ID shigodeki-family-test-1768699035882, but the emulator is configured for shigodeki-dev. To opt-out of single project mode add/set the '"singleProjectMode": false' property in the firebase.json emulators config.
Multiple projectIds are not recommended in single project mode. Requested project ID shigodeki-family-test-1768699035882, but the emulator is configured for shigodeki-dev. To opt-out of single project mode add/set the '"singleProjectMode": false' property in the firebase.json emulators config.
Multiple projectIds are not recommended in single project mode. Requested project ID shigodeki-family-test-1768699035882, but the emulator is configured for shigodeki-dev. To opt-out of single project mode add/set the '"singleProjectMode": false' property in the firebase.json emulators config.
Multiple projectIds are not recommended in single project mode. Requested project ID shigodeki-family-test-1768699035882, but the emulator is configured for shigodeki-dev. To opt-out of single project mode add/set the '"singleProjectMode": false' property in the firebase.json emulators config.
Multiple projectIds are not recommended in single project mode. Requested project ID shigodeki-family-test-1768699035882, but the emulator is configured for shigodeki-dev. To opt-out of single project mode add/set the '"singleProjectMode": false' property in the firebase.json emulators config.
Multiple projectIds are not recommended in single project mode. Requested project ID shigodeki-family-test-1768699035882, but the emulator is configured for shigodeki-dev. To opt-out of single project mode add/set the '"singleProjectMode": false' property in the firebase.json emulators config.
Multiple projectIds are not recommended in single project mode. Requested project ID shigodeki-family-test-1768699035882, but the emulator is configured for shigodeki-dev. To opt-out of single project mode add/set the '"singleProjectMode": false' property in the firebase.json emulators config.
Multiple projectIds are not recommended in single project mode. Requested project ID shigodeki-family-test-1768699035882, but the emulator is configured for shigodeki-dev. To opt-out of single project mode add/set the '"singleProjectMode": false' property in the firebase.json emulators config.
Multiple projectIds are not recommended in single project mode. Requested project ID shigodeki-test-1768699036110, but the emulator is configured for shigodeki-dev. To opt-out of single project mode add/set the '"singleProjectMode": false' property in the firebase.json emulators config.
Jan 18, 2026 10:17:16 AM io.gapi.emulators.netty.HttpVersionRoutingHandler channelRead
INFO: Detected HTTP/2 connection.
Multiple projectIds are not recommended in single project mode. Requested project ID shigodeki-test-1768699036110, but the emulator is configured for shigodeki-dev. To opt-out of single project mode add/set the '"singleProjectMode": false' property in the firebase.json emulators config.
Jan 18, 2026 10:17:16 AM io.gapi.emulators.netty.HttpVersionRoutingHandler channelRead
INFO: Detected HTTP/2 connection.
Multiple projectIds are not recommended in single project mode. Requested project ID shigodeki-test-1768699036110, but the emulator is configured for shigodeki-dev. To opt-out of single project mode add/set the '"singleProjectMode": false' property in the firebase.json emulators config.
Multiple projectIds are not recommended in single project mode. Requested project ID shigodeki-test-1768699036110, but the emulator is configured for shigodeki-dev. To opt-out of single project mode add/set the '"singleProjectMode": false' property in the firebase.json emulators config.
Multiple projectIds are not recommended in single project mode. Requested project ID shigodeki-test-1768699036110, but the emulator is configured for shigodeki-dev. To opt-out of single project mode add/set the '"singleProjectMode": false' property in the firebase.json emulators config.
Multiple projectIds are not recommended in single project mode. Requested project ID shigodeki-test-1768699036110, but the emulator is configured for shigodeki-dev. To opt-out of single project mode add/set the '"singleProjectMode": false' property in the firebase.json emulators config.
Jan 18, 2026 10:17:16 AM com.google.cloud.datastore.emulator.impl.util.WrappedStreamObserver onError
WARNING: Operation failed: 
evaluation error at L87:24 for 'create' @ L87, evaluation error at L99:32 for 'update' @ L99, false for 'create' @ L87
com.google.cloud.datastore.core.exception.DatastoreException: 
evaluation error at L87:24 for 'create' @ L87, evaluation error at L99:32 for 'update' @ L99, false for 'create' @ L87
	at com.google.cloud.datastore.core.exception.DatastoreException$Builder.build(DatastoreException.java:139)
	at com.google.cloud.datastore.emulator.impl.rules.DefaultEmulatorRulesAuthorizer.verboseError(DefaultEmulatorRulesAuthorizer.java:318)
	at com.google.cloud.datastore.emulator.impl.rules.DefaultEmulatorRulesAuthorizer.withVerboseErrors(DefaultEmulatorRulesAuthorizer.java:295)
	at com.google.cloud.datastore.emulator.impl.rules.DefaultEmulatorRulesAuthorizer.checkCommit(DefaultEmulatorRulesAuthorizer.java:114)
	at com.google.cloud.datastore.emulator.impl.firestore.FirestoreEmulatorHelper.commitHelper(FirestoreEmulatorHelper.java:365)
	at com.google.cloud.datastore.emulator.impl.firestore.FirestoreEmulatorHelper.internalCommit(FirestoreEmulatorHelper.java:319)
	at com.google.cloud.datastore.emulator.impl.firestore.CloudFirestoreV1.internalCommit(CloudFirestoreV1.java:1170)
	at com.google.cloud.datastore.emulator.impl.firestore.CloudFirestoreV1.write(CloudFirestoreV1.java:1158)
	at com.google.cloud.datastore.emulator.impl.firestore.CloudFirestoreV1WriteStream.handleRequest(CloudFirestoreV1WriteStream.java:222)
	at com.google.cloud.datastore.emulator.impl.firestore.CloudFirestoreV1WriteStream.write(CloudFirestoreV1WriteStream.java:144)
	at com.google.cloud.datastore.emulator.impl.firestore.CloudFirestoreV1WriteStream.onNext(CloudFirestoreV1WriteStream.java:99)
	at com.google.cloud.datastore.emulator.impl.firestore.CloudFirestoreV1WriteStream.onNext(CloudFirestoreV1WriteStream.java:27)
	at io.grpc.stub.ServerCalls$StreamingServerCallHandler$StreamingServerCallListener.onMessage(ServerCalls.java:262)
	at io.grpc.ForwardingServerCallListener.onMessage(ForwardingServerCallListener.java:33)
	at io.grpc.Contexts$ContextualizedServerCallListener.onMessage(Contexts.java:76)
	at io.grpc.ForwardingServerCallListener.onMessage(ForwardingServerCallListener.java:33)
	at io.grpc.Contexts$ContextualizedServerCallListener.onMessage(Contexts.java:76)
	at io.grpc.internal.ServerCallImpl$ServerStreamListenerImpl.messagesAvailableInternal(ServerCallImpl.java:334)
	at io.grpc.internal.ServerCallImpl$ServerStreamListenerImpl.messagesAvailable(ServerCallImpl.java:319)
	at io.grpc.internal.ServerImpl$JumpToApplicationThreadServerStreamListener$1MessagesAvailable.runInContext(ServerImpl.java:834)
	at io.grpc.internal.ContextRunnable.run(ContextRunnable.java:37)
	at io.grpc.internal.SerializingExecutor.run(SerializingExecutor.java:133)
	at java.base/java.util.concurrent.ThreadPoolExecutor.runWorker(ThreadPoolExecutor.java:1090)
	at java.base/java.util.concurrent.ThreadPoolExecutor$Worker.run(ThreadPoolExecutor.java:614)
	at java.base/java.lang.Thread.run(Thread.java:1474)

Multiple projectIds are not recommended in single project mode. Requested project ID shigodeki-test-1768699036110, but the emulator is configured for shigodeki-dev. To opt-out of single project mode add/set the '"singleProjectMode": false' property in the firebase.json emulators config.
Multiple projectIds are not recommended in single project mode. Requested project ID shigodeki-test-1768699036110, but the emulator is configured for shigodeki-dev. To opt-out of single project mode add/set the '"singleProjectMode": false' property in the firebase.json emulators config.
Multiple projectIds are not recommended in single project mode. Requested project ID shigodeki-test-1768699036110, but the emulator is configured for shigodeki-dev. To opt-out of single project mode add/set the '"singleProjectMode": false' property in the firebase.json emulators config.
Multiple projectIds are not recommended in single project mode. Requested project ID shigodeki-test-1768699036110, but the emulator is configured for shigodeki-dev. To opt-out of single project mode add/set the '"singleProjectMode": false' property in the firebase.json emulators config.
Multiple projectIds are not recommended in single project mode. Requested project ID shigodeki-test-1768699036110, but the emulator is configured for shigodeki-dev. To opt-out of single project mode add/set the '"singleProjectMode": false' property in the firebase.json emulators config.
Multiple projectIds are not recommended in single project mode. Requested project ID shigodeki-test-1768699036110, but the emulator is configured for shigodeki-dev. To opt-out of single project mode add/set the '"singleProjectMode": false' property in the firebase.json emulators config.
Multiple projectIds are not recommended in single project mode. Requested project ID shigodeki-test-1768699036110, but the emulator is configured for shigodeki-dev. To opt-out of single project mode add/set the '"singleProjectMode": false' property in the firebase.json emulators config.
Multiple projectIds are not recommended in single project mode. Requested project ID shigodeki-test-1768699035884, but the emulator is configured for shigodeki-dev. To opt-out of single project mode add/set the '"singleProjectMode": false' property in the firebase.json emulators config.
Multiple projectIds are not recommended in single project mode. Requested project ID shigodeki-test-1768699035884, but the emulator is configured for shigodeki-dev. To opt-out of single project mode add/set the '"singleProjectMode": false' property in the firebase.json emulators config.
Jan 18, 2026 10:17:16 AM io.gapi.emulators.netty.HttpVersionRoutingHandler channelRead
INFO: Detected HTTP/2 connection.
Multiple projectIds are not recommended in single project mode. Requested project ID shigodeki-test-1768699035884, but the emulator is configured for shigodeki-dev. To opt-out of single project mode add/set the '"singleProjectMode": false' property in the firebase.json emulators config.
Multiple projectIds are not recommended in single project mode. Requested project ID shigodeki-test-1768699035884, but the emulator is configured for shigodeki-dev. To opt-out of single project mode add/set the '"singleProjectMode": false' property in the firebase.json emulators config.
Multiple projectIds are not recommended in single project mode. Requested project ID shigodeki-test-1768699035884, but the emulator is configured for shigodeki-dev. To opt-out of single project mode add/set the '"singleProjectMode": false' property in the firebase.json emulators config.
Multiple projectIds are not recommended in single project mode. Requested project ID shigodeki-test-1768699035884, but the emulator is configured for shigodeki-dev. To opt-out of single project mode add/set the '"singleProjectMode": false' property in the firebase.json emulators config.
Multiple projectIds are not recommended in single project mode. Requested project ID shigodeki-test-1768699035884, but the emulator is configured for shigodeki-dev. To opt-out of single project mode add/set the '"singleProjectMode": false' property in the firebase.json emulators config.
Multiple projectIds are not recommended in single project mode. Requested project ID shigodeki-test-1768699035884, but the emulator is configured for shigodeki-dev. To opt-out of single project mode add/set the '"singleProjectMode": false' property in the firebase.json emulators config.
Multiple projectIds are not recommended in single project mode. Requested project ID shigodeki-test-1768699035884, but the emulator is configured for shigodeki-dev. To opt-out of single project mode add/set the '"singleProjectMode": false' property in the firebase.json emulators config.
Multiple projectIds are not recommended in single project mode. Requested project ID shigodeki-test-1768699035884, but the emulator is configured for shigodeki-dev. To opt-out of single project mode add/set the '"singleProjectMode": false' property in the firebase.json emulators config.
Multiple projectIds are not recommended in single project mode. Requested project ID shigodeki-test-1768699035884, but the emulator is configured for shigodeki-dev. To opt-out of single project mode add/set the '"singleProjectMode": false' property in the firebase.json emulators config.
Multiple projectIds are not recommended in single project mode. Requested project ID shigodeki-test, but the emulator is configured for shigodeki-dev. To opt-out of single project mode add/set the '"singleProjectMode": false' property in the firebase.json emulators config.
Multiple projectIds are not recommended in single project mode. Requested project ID shigodeki-test, but the emulator is configured for shigodeki-dev. To opt-out of single project mode add/set the '"singleProjectMode": false' property in the firebase.json emulators config.
Jan 18, 2026 10:17:16 AM io.gapi.emulators.netty.HttpVersionRoutingHandler channelRead
INFO: Detected HTTP/2 connection.
Multiple projectIds are not recommended in single project mode. Requested project ID shigodeki-test, but the emulator is configured for shigodeki-dev. To opt-out of single project mode add/set the '"singleProjectMode": false' property in the firebase.json emulators config.
Multiple projectIds are not recommended in single project mode. Requested project ID shigodeki-test, but the emulator is configured for shigodeki-dev. To opt-out of single project mode add/set the '"singleProjectMode": false' property in the firebase.json emulators config.
Multiple projectIds are not recommended in single project mode. Requested project ID shigodeki-test, but the emulator is configured for shigodeki-dev. To opt-out of single project mode add/set the '"singleProjectMode": false' property in the firebase.json emulators config.
Multiple projectIds are not recommended in single project mode. Requested project ID shigodeki-test, but the emulator is configured for shigodeki-dev. To opt-out of single project mode add/set the '"singleProjectMode": false' property in the firebase.json emulators config.
Multiple projectIds are not recommended in single project mode. Requested project ID shigodeki-test, but the emulator is configured for shigodeki-dev. To opt-out of single project mode add/set the '"singleProjectMode": false' property in the firebase.json emulators config.
Multiple projectIds are not recommended in single project mode. Requested project ID shigodeki-test, but the emulator is configured for shigodeki-dev. To opt-out of single project mode add/set the '"singleProjectMode": false' property in the firebase.json emulators config.
Multiple projectIds are not recommended in single project mode. Requested project ID shigodeki-test, but the emulator is configured for shigodeki-dev. To opt-out of single project mode add/set the '"singleProjectMode": false' property in the firebase.json emulators config.
Multiple projectIds are not recommended in single project mode. Requested project ID shigodeki-test, but the emulator is configured for shigodeki-dev. To opt-out of single project mode add/set the '"singleProjectMode": false' property in the firebase.json emulators config.
Multiple projectIds are not recommended in single project mode. Requested project ID shigodeki-test, but the emulator is configured for shigodeki-dev. To opt-out of single project mode add/set the '"singleProjectMode": false' property in the firebase.json emulators config.
Multiple projectIds are not recommended in single project mode. Requested project ID shigodeki-test, but the emulator is configured for shigodeki-dev. To opt-out of single project mode add/set the '"singleProjectMode": false' property in the firebase.json emulators config.
Multiple projectIds are not recommended in single project mode. Requested project ID shigodeki-test, but the emulator is configured for shigodeki-dev. To opt-out of single project mode add/set the '"singleProjectMode": false' property in the firebase.json emulators config.
Multiple projectIds are not recommended in single project mode. Requested project ID shigodeki-test, but the emulator is configured for shigodeki-dev. To opt-out of single project mode add/set the '"singleProjectMode": false' property in the firebase.json emulators config.
Multiple projectIds are not recommended in single project mode. Requested project ID shigodeki-test, but the emulator is configured for shigodeki-dev. To opt-out of single project mode add/set the '"singleProjectMode": false' property in the firebase.json emulators config.
Multiple projectIds are not recommended in single project mode. Requested project ID shigodeki-test, but the emulator is configured for shigodeki-dev. To opt-out of single project mode add/set the '"singleProjectMode": false' property in the firebase.json emulators config.
Multiple projectIds are not recommended in single project mode. Requested project ID shigodeki-test, but the emulator is configured for shigodeki-dev. To opt-out of single project mode add/set the '"singleProjectMode": false' property in the firebase.json emulators config.
Jan 18, 2026 10:17:43 AM io.gapi.emulators.netty.HttpVersionRoutingHandler channelRead
INFO: Detected non-HTTP/2 connection.
Multiple projectIds are not recommended in single project mode. Requested project ID shigodeki-test-1768699063632, but the emulator is configured for shigodeki-dev. To opt-out of single project mode add/set the '"singleProjectMode": false' property in the firebase.json emulators config.
Jan 18, 2026 10:17:43 AM io.gapi.emulators.netty.HttpVersionRoutingHandler channelRead
INFO: Detected HTTP/2 connection.
Multiple projectIds are not recommended in single project mode. Requested project ID shigodeki-test-1768699063632, but the emulator is configured for shigodeki-dev. To opt-out of single project mode add/set the '"singleProjectMode": false' property in the firebase.json emulators config.
Jan 18, 2026 10:17:43 AM io.gapi.emulators.netty.HttpVersionRoutingHandler channelRead
INFO: Detected HTTP/2 connection.
Multiple projectIds are not recommended in single project mode. Requested project ID shigodeki-test-1768699063632, but the emulator is configured for shigodeki-dev. To opt-out of single project mode add/set the '"singleProjectMode": false' property in the firebase.json emulators config.
Multiple projectIds are not recommended in single project mode. Requested project ID shigodeki-test-1768699063632, but the emulator is configured for shigodeki-dev. To opt-out of single project mode add/set the '"singleProjectMode": false' property in the firebase.json emulators config.
Multiple projectIds are not recommended in single project mode. Requested project ID shigodeki-test-1768699063632, but the emulator is configured for shigodeki-dev. To opt-out of single project mode add/set the '"singleProjectMode": false' property in the firebase.json emulators config.
Multiple projectIds are not recommended in single project mode. Requested project ID shigodeki-test-1768699063632, but the emulator is configured for shigodeki-dev. To opt-out of single project mode add/set the '"singleProjectMode": false' property in the firebase.json emulators config.
Jan 18, 2026 10:17:43 AM com.google.cloud.datastore.emulator.impl.util.WrappedStreamObserver onError
WARNING: Operation failed: 
evaluation error at L87:24 for 'create' @ L87, evaluation error at L99:32 for 'update' @ L99, false for 'create' @ L87
com.google.cloud.datastore.core.exception.DatastoreException: 
evaluation error at L87:24 for 'create' @ L87, evaluation error at L99:32 for 'update' @ L99, false for 'create' @ L87
	at com.google.cloud.datastore.core.exception.DatastoreException$Builder.build(DatastoreException.java:139)
	at com.google.cloud.datastore.emulator.impl.rules.DefaultEmulatorRulesAuthorizer.verboseError(DefaultEmulatorRulesAuthorizer.java:318)
	at com.google.cloud.datastore.emulator.impl.rules.DefaultEmulatorRulesAuthorizer.withVerboseErrors(DefaultEmulatorRulesAuthorizer.java:295)
	at com.google.cloud.datastore.emulator.impl.rules.DefaultEmulatorRulesAuthorizer.checkCommit(DefaultEmulatorRulesAuthorizer.java:114)
	at com.google.cloud.datastore.emulator.impl.firestore.FirestoreEmulatorHelper.commitHelper(FirestoreEmulatorHelper.java:365)
	at com.google.cloud.datastore.emulator.impl.firestore.FirestoreEmulatorHelper.internalCommit(FirestoreEmulatorHelper.java:319)
	at com.google.cloud.datastore.emulator.impl.firestore.CloudFirestoreV1.internalCommit(CloudFirestoreV1.java:1170)
	at com.google.cloud.datastore.emulator.impl.firestore.CloudFirestoreV1.write(CloudFirestoreV1.java:1158)
	at com.google.cloud.datastore.emulator.impl.firestore.CloudFirestoreV1WriteStream.handleRequest(CloudFirestoreV1WriteStream.java:222)
	at com.google.cloud.datastore.emulator.impl.firestore.CloudFirestoreV1WriteStream.write(CloudFirestoreV1WriteStream.java:144)
	at com.google.cloud.datastore.emulator.impl.firestore.CloudFirestoreV1WriteStream.onNext(CloudFirestoreV1WriteStream.java:99)
	at com.google.cloud.datastore.emulator.impl.firestore.CloudFirestoreV1WriteStream.onNext(CloudFirestoreV1WriteStream.java:27)
	at io.grpc.stub.ServerCalls$StreamingServerCallHandler$StreamingServerCallListener.onMessage(ServerCalls.java:262)
	at io.grpc.ForwardingServerCallListener.onMessage(ForwardingServerCallListener.java:33)
	at io.grpc.Contexts$ContextualizedServerCallListener.onMessage(Contexts.java:76)
	at io.grpc.ForwardingServerCallListener.onMessage(ForwardingServerCallListener.java:33)
	at io.grpc.Contexts$ContextualizedServerCallListener.onMessage(Contexts.java:76)
	at io.grpc.internal.ServerCallImpl$ServerStreamListenerImpl.messagesAvailableInternal(ServerCallImpl.java:334)
	at io.grpc.internal.ServerCallImpl$ServerStreamListenerImpl.messagesAvailable(ServerCallImpl.java:319)
	at io.grpc.internal.ServerImpl$JumpToApplicationThreadServerStreamListener$1MessagesAvailable.runInContext(ServerImpl.java:834)
	at io.grpc.internal.ContextRunnable.run(ContextRunnable.java:37)
	at io.grpc.internal.SerializingExecutor.run(SerializingExecutor.java:133)
	at java.base/java.util.concurrent.ThreadPoolExecutor.runWorker(ThreadPoolExecutor.java:1090)
	at java.base/java.util.concurrent.ThreadPoolExecutor$Worker.run(ThreadPoolExecutor.java:614)
	at java.base/java.lang.Thread.run(Thread.java:1474)

Multiple projectIds are not recommended in single project mode. Requested project ID shigodeki-test-1768699063632, but the emulator is configured for shigodeki-dev. To opt-out of single project mode add/set the '"singleProjectMode": false' property in the firebase.json emulators config.
Multiple projectIds are not recommended in single project mode. Requested project ID shigodeki-test-1768699063632, but the emulator is configured for shigodeki-dev. To opt-out of single project mode add/set the '"singleProjectMode": false' property in the firebase.json emulators config.
Multiple projectIds are not recommended in single project mode. Requested project ID shigodeki-test-1768699063632, but the emulator is configured for shigodeki-dev. To opt-out of single project mode add/set the '"singleProjectMode": false' property in the firebase.json emulators config.
Multiple projectIds are not recommended in single project mode. Requested project ID shigodeki-test-1768699063632, but the emulator is configured for shigodeki-dev. To opt-out of single project mode add/set the '"singleProjectMode": false' property in the firebase.json emulators config.
Multiple projectIds are not recommended in single project mode. Requested project ID shigodeki-test-1768699063632, but the emulator is configured for shigodeki-dev. To opt-out of single project mode add/set the '"singleProjectMode": false' property in the firebase.json emulators config.
Multiple projectIds are not recommended in single project mode. Requested project ID shigodeki-test-1768699063632, but the emulator is configured for shigodeki-dev. To opt-out of single project mode add/set the '"singleProjectMode": false' property in the firebase.json emulators config.
Multiple projectIds are not recommended in single project mode. Requested project ID shigodeki-test-1768699063632, but the emulator is configured for shigodeki-dev. To opt-out of single project mode add/set the '"singleProjectMode": false' property in the firebase.json emulators config.
Jan 18, 2026 10:18:03 AM io.gapi.emulators.netty.HttpVersionRoutingHandler channelRead
INFO: Detected non-HTTP/2 connection.
Multiple projectIds are not recommended in single project mode. Requested project ID shigodeki-test-1768699083029, but the emulator is configured for shigodeki-dev. To opt-out of single project mode add/set the '"singleProjectMode": false' property in the firebase.json emulators config.
Jan 18, 2026 10:18:03 AM io.gapi.emulators.netty.HttpVersionRoutingHandler channelRead
INFO: Detected HTTP/2 connection.
Multiple projectIds are not recommended in single project mode. Requested project ID shigodeki-test-1768699083029, but the emulator is configured for shigodeki-dev. To opt-out of single project mode add/set the '"singleProjectMode": false' property in the firebase.json emulators config.
Jan 18, 2026 10:18:03 AM io.gapi.emulators.netty.HttpVersionRoutingHandler channelRead
INFO: Detected HTTP/2 connection.
Multiple projectIds are not recommended in single project mode. Requested project ID shigodeki-test-1768699083029, but the emulator is configured for shigodeki-dev. To opt-out of single project mode add/set the '"singleProjectMode": false' property in the firebase.json emulators config.
Multiple projectIds are not recommended in single project mode. Requested project ID shigodeki-test-1768699083029, but the emulator is configured for shigodeki-dev. To opt-out of single project mode add/set the '"singleProjectMode": false' property in the firebase.json emulators config.
Multiple projectIds are not recommended in single project mode. Requested project ID shigodeki-test-1768699083029, but the emulator is configured for shigodeki-dev. To opt-out of single project mode add/set the '"singleProjectMode": false' property in the firebase.json emulators config.
Multiple projectIds are not recommended in single project mode. Requested project ID shigodeki-test-1768699083029, but the emulator is configured for shigodeki-dev. To opt-out of single project mode add/set the '"singleProjectMode": false' property in the firebase.json emulators config.
Jan 18, 2026 10:18:03 AM com.google.cloud.datastore.emulator.impl.util.WrappedStreamObserver onError
WARNING: Operation failed: 
evaluation error at L87:24 for 'create' @ L87, evaluation error at L99:32 for 'update' @ L99, false for 'create' @ L87
com.google.cloud.datastore.core.exception.DatastoreException: 
evaluation error at L87:24 for 'create' @ L87, evaluation error at L99:32 for 'update' @ L99, false for 'create' @ L87
	at com.google.cloud.datastore.core.exception.DatastoreException$Builder.build(DatastoreException.java:139)
	at com.google.cloud.datastore.emulator.impl.rules.DefaultEmulatorRulesAuthorizer.verboseError(DefaultEmulatorRulesAuthorizer.java:318)
	at com.google.cloud.datastore.emulator.impl.rules.DefaultEmulatorRulesAuthorizer.withVerboseErrors(DefaultEmulatorRulesAuthorizer.java:295)
	at com.google.cloud.datastore.emulator.impl.rules.DefaultEmulatorRulesAuthorizer.checkCommit(DefaultEmulatorRulesAuthorizer.java:114)
	at com.google.cloud.datastore.emulator.impl.firestore.FirestoreEmulatorHelper.commitHelper(FirestoreEmulatorHelper.java:365)
	at com.google.cloud.datastore.emulator.impl.firestore.FirestoreEmulatorHelper.internalCommit(FirestoreEmulatorHelper.java:319)
	at com.google.cloud.datastore.emulator.impl.firestore.CloudFirestoreV1.internalCommit(CloudFirestoreV1.java:1170)
	at com.google.cloud.datastore.emulator.impl.firestore.CloudFirestoreV1.write(CloudFirestoreV1.java:1158)
	at com.google.cloud.datastore.emulator.impl.firestore.CloudFirestoreV1WriteStream.handleRequest(CloudFirestoreV1WriteStream.java:222)
	at com.google.cloud.datastore.emulator.impl.firestore.CloudFirestoreV1WriteStream.write(CloudFirestoreV1WriteStream.java:144)
	at com.google.cloud.datastore.emulator.impl.firestore.CloudFirestoreV1WriteStream.onNext(CloudFirestoreV1WriteStream.java:99)
	at com.google.cloud.datastore.emulator.impl.firestore.CloudFirestoreV1WriteStream.onNext(CloudFirestoreV1WriteStream.java:27)
	at io.grpc.stub.ServerCalls$StreamingServerCallHandler$StreamingServerCallListener.onMessage(ServerCalls.java:262)
	at io.grpc.ForwardingServerCallListener.onMessage(ForwardingServerCallListener.java:33)
	at io.grpc.Contexts$ContextualizedServerCallListener.onMessage(Contexts.java:76)
	at io.grpc.ForwardingServerCallListener.onMessage(ForwardingServerCallListener.java:33)
	at io.grpc.Contexts$ContextualizedServerCallListener.onMessage(Contexts.java:76)
	at io.grpc.internal.ServerCallImpl$ServerStreamListenerImpl.messagesAvailableInternal(ServerCallImpl.java:334)
	at io.grpc.internal.ServerCallImpl$ServerStreamListenerImpl.messagesAvailable(ServerCallImpl.java:319)
	at io.grpc.internal.ServerImpl$JumpToApplicationThreadServerStreamListener$1MessagesAvailable.runInContext(ServerImpl.java:834)
	at io.grpc.internal.ContextRunnable.run(ContextRunnable.java:37)
	at io.grpc.internal.SerializingExecutor.run(SerializingExecutor.java:133)
	at java.base/java.util.concurrent.ThreadPoolExecutor.runWorker(ThreadPoolExecutor.java:1090)
	at java.base/java.util.concurrent.ThreadPoolExecutor$Worker.run(ThreadPoolExecutor.java:614)
	at java.base/java.lang.Thread.run(Thread.java:1474)

Multiple projectIds are not recommended in single project mode. Requested project ID shigodeki-test-1768699083029, but the emulator is configured for shigodeki-dev. To opt-out of single project mode add/set the '"singleProjectMode": false' property in the firebase.json emulators config.
Multiple projectIds are not recommended in single project mode. Requested project ID shigodeki-test-1768699083029, but the emulator is configured for shigodeki-dev. To opt-out of single project mode add/set the '"singleProjectMode": false' property in the firebase.json emulators config.
Multiple projectIds are not recommended in single project mode. Requested project ID shigodeki-test-1768699083029, but the emulator is configured for shigodeki-dev. To opt-out of single project mode add/set the '"singleProjectMode": false' property in the firebase.json emulators config.
Multiple projectIds are not recommended in single project mode. Requested project ID shigodeki-test-1768699083029, but the emulator is configured for shigodeki-dev. To opt-out of single project mode add/set the '"singleProjectMode": false' property in the firebase.json emulators config.
Multiple projectIds are not recommended in single project mode. Requested project ID shigodeki-test-1768699083029, but the emulator is configured for shigodeki-dev. To opt-out of single project mode add/set the '"singleProjectMode": false' property in the firebase.json emulators config.
Multiple projectIds are not recommended in single project mode. Requested project ID shigodeki-test-1768699083029, but the emulator is configured for shigodeki-dev. To opt-out of single project mode add/set the '"singleProjectMode": false' property in the firebase.json emulators config.
Multiple projectIds are not recommended in single project mode. Requested project ID shigodeki-test-1768699083029, but the emulator is configured for shigodeki-dev. To opt-out of single project mode add/set the '"singleProjectMode": false' property in the firebase.json emulators config.
Multiple projectIds are not recommended in single project mode. Requested project ID shigodeki-test-1768699083029, but the emulator is configured for shigodeki-dev. To opt-out of single project mode add/set the '"singleProjectMode": false' property in the firebase.json emulators config.
Multiple projectIds are not recommended in single project mode. Requested project ID shigodeki-test-1768699083029, but the emulator is configured for shigodeki-dev. To opt-out of single project mode add/set the '"singleProjectMode": false' property in the firebase.json emulators config.
Jan 18, 2026 10:18:06 AM io.gapi.emulators.netty.HttpVersionRoutingHandler channelRead
INFO: Detected non-HTTP/2 connection.
Multiple projectIds are not recommended in single project mode. Requested project ID shigodeki-family-test-1768699086470, but the emulator is configured for shigodeki-dev. To opt-out of single project mode add/set the '"singleProjectMode": false' property in the firebase.json emulators config.
Jan 18, 2026 10:18:06 AM io.gapi.emulators.netty.HttpVersionRoutingHandler channelRead
INFO: Detected HTTP/2 connection.
Multiple projectIds are not recommended in single project mode. Requested project ID shigodeki-family-test-1768699086470, but the emulator is configured for shigodeki-dev. To opt-out of single project mode add/set the '"singleProjectMode": false' property in the firebase.json emulators config.
Jan 18, 2026 10:18:06 AM io.gapi.emulators.netty.HttpVersionRoutingHandler channelRead
INFO: Detected HTTP/2 connection.
Multiple projectIds are not recommended in single project mode. Requested project ID shigodeki-family-test-1768699086470, but the emulator is configured for shigodeki-dev. To opt-out of single project mode add/set the '"singleProjectMode": false' property in the firebase.json emulators config.
Multiple projectIds are not recommended in single project mode. Requested project ID shigodeki-family-test-1768699086470, but the emulator is configured for shigodeki-dev. To opt-out of single project mode add/set the '"singleProjectMode": false' property in the firebase.json emulators config.
Multiple projectIds are not recommended in single project mode. Requested project ID shigodeki-family-test-1768699086470, but the emulator is configured for shigodeki-dev. To opt-out of single project mode add/set the '"singleProjectMode": false' property in the firebase.json emulators config.
Multiple projectIds are not recommended in single project mode. Requested project ID shigodeki-family-test-1768699086470, but the emulator is configured for shigodeki-dev. To opt-out of single project mode add/set the '"singleProjectMode": false' property in the firebase.json emulators config.
Multiple projectIds are not recommended in single project mode. Requested project ID shigodeki-family-test-1768699086470, but the emulator is configured for shigodeki-dev. To opt-out of single project mode add/set the '"singleProjectMode": false' property in the firebase.json emulators config.
Multiple projectIds are not recommended in single project mode. Requested project ID shigodeki-family-test-1768699086470, but the emulator is configured for shigodeki-dev. To opt-out of single project mode add/set the '"singleProjectMode": false' property in the firebase.json emulators config.
Multiple projectIds are not recommended in single project mode. Requested project ID shigodeki-family-test-1768699086470, but the emulator is configured for shigodeki-dev. To opt-out of single project mode add/set the '"singleProjectMode": false' property in the firebase.json emulators config.
Multiple projectIds are not recommended in single project mode. Requested project ID shigodeki-family-test-1768699086470, but the emulator is configured for shigodeki-dev. To opt-out of single project mode add/set the '"singleProjectMode": false' property in the firebase.json emulators config.
Multiple projectIds are not recommended in single project mode. Requested project ID shigodeki-family-test-1768699086470, but the emulator is configured for shigodeki-dev. To opt-out of single project mode add/set the '"singleProjectMode": false' property in the firebase.json emulators config.
Multiple projectIds are not recommended in single project mode. Requested project ID shigodeki-family-test-1768699086470, but the emulator is configured for shigodeki-dev. To opt-out of single project mode add/set the '"singleProjectMode": false' property in the firebase.json emulators config.
Multiple projectIds are not recommended in single project mode. Requested project ID shigodeki-family-test-1768699086470, but the emulator is configured for shigodeki-dev. To opt-out of single project mode add/set the '"singleProjectMode": false' property in the firebase.json emulators config.
Multiple projectIds are not recommended in single project mode. Requested project ID shigodeki-test-1768699086687, but the emulator is configured for shigodeki-dev. To opt-out of single project mode add/set the '"singleProjectMode": false' property in the firebase.json emulators config.
Jan 18, 2026 10:18:06 AM io.gapi.emulators.netty.HttpVersionRoutingHandler channelRead
INFO: Detected HTTP/2 connection.
Multiple projectIds are not recommended in single project mode. Requested project ID shigodeki-test-1768699086687, but the emulator is configured for shigodeki-dev. To opt-out of single project mode add/set the '"singleProjectMode": false' property in the firebase.json emulators config.
Jan 18, 2026 10:18:06 AM io.gapi.emulators.netty.HttpVersionRoutingHandler channelRead
INFO: Detected HTTP/2 connection.
Multiple projectIds are not recommended in single project mode. Requested project ID shigodeki-test-1768699086687, but the emulator is configured for shigodeki-dev. To opt-out of single project mode add/set the '"singleProjectMode": false' property in the firebase.json emulators config.
Multiple projectIds are not recommended in single project mode. Requested project ID shigodeki-test-1768699086687, but the emulator is configured for shigodeki-dev. To opt-out of single project mode add/set the '"singleProjectMode": false' property in the firebase.json emulators config.
Multiple projectIds are not recommended in single project mode. Requested project ID shigodeki-test-1768699086687, but the emulator is configured for shigodeki-dev. To opt-out of single project mode add/set the '"singleProjectMode": false' property in the firebase.json emulators config.
Multiple projectIds are not recommended in single project mode. Requested project ID shigodeki-test-1768699086687, but the emulator is configured for shigodeki-dev. To opt-out of single project mode add/set the '"singleProjectMode": false' property in the firebase.json emulators config.
Jan 18, 2026 10:18:06 AM com.google.cloud.datastore.emulator.impl.util.WrappedStreamObserver onError
WARNING: Operation failed: 
evaluation error at L87:24 for 'create' @ L87, evaluation error at L99:32 for 'update' @ L99, false for 'create' @ L87
com.google.cloud.datastore.core.exception.DatastoreException: 
evaluation error at L87:24 for 'create' @ L87, evaluation error at L99:32 for 'update' @ L99, false for 'create' @ L87
	at com.google.cloud.datastore.core.exception.DatastoreException$Builder.build(DatastoreException.java:139)
	at com.google.cloud.datastore.emulator.impl.rules.DefaultEmulatorRulesAuthorizer.verboseError(DefaultEmulatorRulesAuthorizer.java:318)
	at com.google.cloud.datastore.emulator.impl.rules.DefaultEmulatorRulesAuthorizer.withVerboseErrors(DefaultEmulatorRulesAuthorizer.java:295)
	at com.google.cloud.datastore.emulator.impl.rules.DefaultEmulatorRulesAuthorizer.checkCommit(DefaultEmulatorRulesAuthorizer.java:114)
	at com.google.cloud.datastore.emulator.impl.firestore.FirestoreEmulatorHelper.commitHelper(FirestoreEmulatorHelper.java:365)
	at com.google.cloud.datastore.emulator.impl.firestore.FirestoreEmulatorHelper.internalCommit(FirestoreEmulatorHelper.java:319)
	at com.google.cloud.datastore.emulator.impl.firestore.CloudFirestoreV1.internalCommit(CloudFirestoreV1.java:1170)
	at com.google.cloud.datastore.emulator.impl.firestore.CloudFirestoreV1.write(CloudFirestoreV1.java:1158)
	at com.google.cloud.datastore.emulator.impl.firestore.CloudFirestoreV1WriteStream.handleRequest(CloudFirestoreV1WriteStream.java:222)
	at com.google.cloud.datastore.emulator.impl.firestore.CloudFirestoreV1WriteStream.write(CloudFirestoreV1WriteStream.java:144)
	at com.google.cloud.datastore.emulator.impl.firestore.CloudFirestoreV1WriteStream.onNext(CloudFirestoreV1WriteStream.java:99)
	at com.google.cloud.datastore.emulator.impl.firestore.CloudFirestoreV1WriteStream.onNext(CloudFirestoreV1WriteStream.java:27)
	at io.grpc.stub.ServerCalls$StreamingServerCallHandler$StreamingServerCallListener.onMessage(ServerCalls.java:262)
	at io.grpc.ForwardingServerCallListener.onMessage(ForwardingServerCallListener.java:33)
	at io.grpc.Contexts$ContextualizedServerCallListener.onMessage(Contexts.java:76)
	at io.grpc.ForwardingServerCallListener.onMessage(ForwardingServerCallListener.java:33)
	at io.grpc.Contexts$ContextualizedServerCallListener.onMessage(Contexts.java:76)
	at io.grpc.internal.ServerCallImpl$ServerStreamListenerImpl.messagesAvailableInternal(ServerCallImpl.java:334)
	at io.grpc.internal.ServerCallImpl$ServerStreamListenerImpl.messagesAvailable(ServerCallImpl.java:319)
	at io.grpc.internal.ServerImpl$JumpToApplicationThreadServerStreamListener$1MessagesAvailable.runInContext(ServerImpl.java:834)
	at io.grpc.internal.ContextRunnable.run(ContextRunnable.java:37)
	at io.grpc.internal.SerializingExecutor.run(SerializingExecutor.java:133)
	at java.base/java.util.concurrent.ThreadPoolExecutor.runWorker(ThreadPoolExecutor.java:1090)
	at java.base/java.util.concurrent.ThreadPoolExecutor$Worker.run(ThreadPoolExecutor.java:614)
	at java.base/java.lang.Thread.run(Thread.java:1474)

Multiple projectIds are not recommended in single project mode. Requested project ID shigodeki-test-1768699086687, but the emulator is configured for shigodeki-dev. To opt-out of single project mode add/set the '"singleProjectMode": false' property in the firebase.json emulators config.
Multiple projectIds are not recommended in single project mode. Requested project ID shigodeki-test-1768699086687, but the emulator is configured for shigodeki-dev. To opt-out of single project mode add/set the '"singleProjectMode": false' property in the firebase.json emulators config.
Multiple projectIds are not recommended in single project mode. Requested project ID shigodeki-test-1768699086687, but the emulator is configured for shigodeki-dev. To opt-out of single project mode add/set the '"singleProjectMode": false' property in the firebase.json emulators config.
Multiple projectIds are not recommended in single project mode. Requested project ID shigodeki-test-1768699086687, but the emulator is configured for shigodeki-dev. To opt-out of single project mode add/set the '"singleProjectMode": false' property in the firebase.json emulators config.
Multiple projectIds are not recommended in single project mode. Requested project ID shigodeki-test-1768699086687, but the emulator is configured for shigodeki-dev. To opt-out of single project mode add/set the '"singleProjectMode": false' property in the firebase.json emulators config.
Multiple projectIds are not recommended in single project mode. Requested project ID shigodeki-test-1768699086687, but the emulator is configured for shigodeki-dev. To opt-out of single project mode add/set the '"singleProjectMode": false' property in the firebase.json emulators config.
Multiple projectIds are not recommended in single project mode. Requested project ID shigodeki-test-1768699086687, but the emulator is configured for shigodeki-dev. To opt-out of single project mode add/set the '"singleProjectMode": false' property in the firebase.json emulators config.
Multiple projectIds are not recommended in single project mode. Requested project ID shigodeki-test-1768699086687, but the emulator is configured for shigodeki-dev. To opt-out of single project mode add/set the '"singleProjectMode": false' property in the firebase.json emulators config.
Multiple projectIds are not recommended in single project mode. Requested project ID shigodeki-test-1768699086687, but the emulator is configured for shigodeki-dev. To opt-out of single project mode add/set the '"singleProjectMode": false' property in the firebase.json emulators config.
Multiple projectIds are not recommended in single project mode. Requested project ID shigodeki-test-1768699086472, but the emulator is configured for shigodeki-dev. To opt-out of single project mode add/set the '"singleProjectMode": false' property in the firebase.json emulators config.
Multiple projectIds are not recommended in single project mode. Requested project ID shigodeki-test-1768699086472, but the emulator is configured for shigodeki-dev. To opt-out of single project mode add/set the '"singleProjectMode": false' property in the firebase.json emulators config.
Jan 18, 2026 10:18:06 AM io.gapi.emulators.netty.HttpVersionRoutingHandler channelRead
INFO: Detected HTTP/2 connection.
Multiple projectIds are not recommended in single project mode. Requested project ID shigodeki-test-1768699086472, but the emulator is configured for shigodeki-dev. To opt-out of single project mode add/set the '"singleProjectMode": false' property in the firebase.json emulators config.
Multiple projectIds are not recommended in single project mode. Requested project ID shigodeki-test-1768699086472, but the emulator is configured for shigodeki-dev. To opt-out of single project mode add/set the '"singleProjectMode": false' property in the firebase.json emulators config.
Multiple projectIds are not recommended in single project mode. Requested project ID shigodeki-test-1768699086472, but the emulator is configured for shigodeki-dev. To opt-out of single project mode add/set the '"singleProjectMode": false' property in the firebase.json emulators config.
Multiple projectIds are not recommended in single project mode. Requested project ID shigodeki-test-1768699086472, but the emulator is configured for shigodeki-dev. To opt-out of single project mode add/set the '"singleProjectMode": false' property in the firebase.json emulators config.
Multiple projectIds are not recommended in single project mode. Requested project ID shigodeki-test-1768699086472, but the emulator is configured for shigodeki-dev. To opt-out of single project mode add/set the '"singleProjectMode": false' property in the firebase.json emulators config.
Multiple projectIds are not recommended in single project mode. Requested project ID shigodeki-test-1768699086472, but the emulator is configured for shigodeki-dev. To opt-out of single project mode add/set the '"singleProjectMode": false' property in the firebase.json emulators config.
Multiple projectIds are not recommended in single project mode. Requested project ID shigodeki-test-1768699086472, but the emulator is configured for shigodeki-dev. To opt-out of single project mode add/set the '"singleProjectMode": false' property in the firebase.json emulators config.
Multiple projectIds are not recommended in single project mode. Requested project ID shigodeki-test-1768699086472, but the emulator is configured for shigodeki-dev. To opt-out of single project mode add/set the '"singleProjectMode": false' property in the firebase.json emulators config.
Multiple projectIds are not recommended in single project mode. Requested project ID shigodeki-test-1768699086472, but the emulator is configured for shigodeki-dev. To opt-out of single project mode add/set the '"singleProjectMode": false' property in the firebase.json emulators config.
Multiple projectIds are not recommended in single project mode. Requested project ID shigodeki-test, but the emulator is configured for shigodeki-dev. To opt-out of single project mode add/set the '"singleProjectMode": false' property in the firebase.json emulators config.
Multiple projectIds are not recommended in single project mode. Requested project ID shigodeki-test, but the emulator is configured for shigodeki-dev. To opt-out of single project mode add/set the '"singleProjectMode": false' property in the firebase.json emulators config.
Jan 18, 2026 10:18:06 AM io.gapi.emulators.netty.HttpVersionRoutingHandler channelRead
INFO: Detected HTTP/2 connection.
Multiple projectIds are not recommended in single project mode. Requested project ID shigodeki-test, but the emulator is configured for shigodeki-dev. To opt-out of single project mode add/set the '"singleProjectMode": false' property in the firebase.json emulators config.
Multiple projectIds are not recommended in single project mode. Requested project ID shigodeki-test, but the emulator is configured for shigodeki-dev. To opt-out of single project mode add/set the '"singleProjectMode": false' property in the firebase.json emulators config.
Multiple projectIds are not recommended in single project mode. Requested project ID shigodeki-test, but the emulator is configured for shigodeki-dev. To opt-out of single project mode add/set the '"singleProjectMode": false' property in the firebase.json emulators config.
Multiple projectIds are not recommended in single project mode. Requested project ID shigodeki-test, but the emulator is configured for shigodeki-dev. To opt-out of single project mode add/set the '"singleProjectMode": false' property in the firebase.json emulators config.
Multiple projectIds are not recommended in single project mode. Requested project ID shigodeki-test, but the emulator is configured for shigodeki-dev. To opt-out of single project mode add/set the '"singleProjectMode": false' property in the firebase.json emulators config.
Multiple projectIds are not recommended in single project mode. Requested project ID shigodeki-test, but the emulator is configured for shigodeki-dev. To opt-out of single project mode add/set the '"singleProjectMode": false' property in the firebase.json emulators config.
Multiple projectIds are not recommended in single project mode. Requested project ID shigodeki-test, but the emulator is configured for shigodeki-dev. To opt-out of single project mode add/set the '"singleProjectMode": false' property in the firebase.json emulators config.
Multiple projectIds are not recommended in single project mode. Requested project ID shigodeki-test, but the emulator is configured for shigodeki-dev. To opt-out of single project mode add/set the '"singleProjectMode": false' property in the firebase.json emulators config.
Multiple projectIds are not recommended in single project mode. Requested project ID shigodeki-test, but the emulator is configured for shigodeki-dev. To opt-out of single project mode add/set the '"singleProjectMode": false' property in the firebase.json emulators config.
Multiple projectIds are not recommended in single project mode. Requested project ID shigodeki-test, but the emulator is configured for shigodeki-dev. To opt-out of single project mode add/set the '"singleProjectMode": false' property in the firebase.json emulators config.
Multiple projectIds are not recommended in single project mode. Requested project ID shigodeki-test, but the emulator is configured for shigodeki-dev. To opt-out of single project mode add/set the '"singleProjectMode": false' property in the firebase.json emulators config.
Multiple projectIds are not recommended in single project mode. Requested project ID shigodeki-test, but the emulator is configured for shigodeki-dev. To opt-out of single project mode add/set the '"singleProjectMode": false' property in the firebase.json emulators config.
Multiple projectIds are not recommended in single project mode. Requested project ID shigodeki-test, but the emulator is configured for shigodeki-dev. To opt-out of single project mode add/set the '"singleProjectMode": false' property in the firebase.json emulators config.
Multiple projectIds are not recommended in single project mode. Requested project ID shigodeki-test, but the emulator is configured for shigodeki-dev. To opt-out of single project mode add/set the '"singleProjectMode": false' property in the firebase.json emulators config.
Multiple projectIds are not recommended in single project mode. Requested project ID shigodeki-test, but the emulator is configured for shigodeki-dev. To opt-out of single project mode add/set the '"singleProjectMode": false' property in the firebase.json emulators config.
Jan 18, 2026 10:18:40 AM io.gapi.emulators.netty.HttpVersionRoutingHandler channelRead
INFO: Detected non-HTTP/2 connection.
Multiple projectIds are not recommended in single project mode. Requested project ID shigodeki-family-test-1768699120862, but the emulator is configured for shigodeki-dev. To opt-out of single project mode add/set the '"singleProjectMode": false' property in the firebase.json emulators config.
Jan 18, 2026 10:18:40 AM io.gapi.emulators.netty.HttpVersionRoutingHandler channelRead
INFO: Detected HTTP/2 connection.
Multiple projectIds are not recommended in single project mode. Requested project ID shigodeki-family-test-1768699120862, but the emulator is configured for shigodeki-dev. To opt-out of single project mode add/set the '"singleProjectMode": false' property in the firebase.json emulators config.
Jan 18, 2026 10:18:40 AM io.gapi.emulators.netty.HttpVersionRoutingHandler channelRead
INFO: Detected HTTP/2 connection.
Multiple projectIds are not recommended in single project mode. Requested project ID shigodeki-family-test-1768699120862, but the emulator is configured for shigodeki-dev. To opt-out of single project mode add/set the '"singleProjectMode": false' property in the firebase.json emulators config.
Multiple projectIds are not recommended in single project mode. Requested project ID shigodeki-family-test-1768699120862, but the emulator is configured for shigodeki-dev. To opt-out of single project mode add/set the '"singleProjectMode": false' property in the firebase.json emulators config.
Multiple projectIds are not recommended in single project mode. Requested project ID shigodeki-family-test-1768699120862, but the emulator is configured for shigodeki-dev. To opt-out of single project mode add/set the '"singleProjectMode": false' property in the firebase.json emulators config.
Multiple projectIds are not recommended in single project mode. Requested project ID shigodeki-family-test-1768699120862, but the emulator is configured for shigodeki-dev. To opt-out of single project mode add/set the '"singleProjectMode": false' property in the firebase.json emulators config.
Multiple projectIds are not recommended in single project mode. Requested project ID shigodeki-family-test-1768699120862, but the emulator is configured for shigodeki-dev. To opt-out of single project mode add/set the '"singleProjectMode": false' property in the firebase.json emulators config.
Multiple projectIds are not recommended in single project mode. Requested project ID shigodeki-family-test-1768699120862, but the emulator is configured for shigodeki-dev. To opt-out of single project mode add/set the '"singleProjectMode": false' property in the firebase.json emulators config.
Multiple projectIds are not recommended in single project mode. Requested project ID shigodeki-family-test-1768699120862, but the emulator is configured for shigodeki-dev. To opt-out of single project mode add/set the '"singleProjectMode": false' property in the firebase.json emulators config.
Multiple projectIds are not recommended in single project mode. Requested project ID shigodeki-family-test-1768699120862, but the emulator is configured for shigodeki-dev. To opt-out of single project mode add/set the '"singleProjectMode": false' property in the firebase.json emulators config.
Multiple projectIds are not recommended in single project mode. Requested project ID shigodeki-family-test-1768699120862, but the emulator is configured for shigodeki-dev. To opt-out of single project mode add/set the '"singleProjectMode": false' property in the firebase.json emulators config.
Multiple projectIds are not recommended in single project mode. Requested project ID shigodeki-family-test-1768699120862, but the emulator is configured for shigodeki-dev. To opt-out of single project mode add/set the '"singleProjectMode": false' property in the firebase.json emulators config.
Multiple projectIds are not recommended in single project mode. Requested project ID shigodeki-family-test-1768699120862, but the emulator is configured for shigodeki-dev. To opt-out of single project mode add/set the '"singleProjectMode": false' property in the firebase.json emulators config.
Multiple projectIds are not recommended in single project mode. Requested project ID shigodeki-test-1768699121075, but the emulator is configured for shigodeki-dev. To opt-out of single project mode add/set the '"singleProjectMode": false' property in the firebase.json emulators config.
Jan 18, 2026 10:18:41 AM io.gapi.emulators.netty.HttpVersionRoutingHandler channelRead
INFO: Detected HTTP/2 connection.
Multiple projectIds are not recommended in single project mode. Requested project ID shigodeki-test-1768699121075, but the emulator is configured for shigodeki-dev. To opt-out of single project mode add/set the '"singleProjectMode": false' property in the firebase.json emulators config.
Jan 18, 2026 10:18:41 AM io.gapi.emulators.netty.HttpVersionRoutingHandler channelRead
INFO: Detected HTTP/2 connection.
Multiple projectIds are not recommended in single project mode. Requested project ID shigodeki-test-1768699121075, but the emulator is configured for shigodeki-dev. To opt-out of single project mode add/set the '"singleProjectMode": false' property in the firebase.json emulators config.
Multiple projectIds are not recommended in single project mode. Requested project ID shigodeki-test-1768699121075, but the emulator is configured for shigodeki-dev. To opt-out of single project mode add/set the '"singleProjectMode": false' property in the firebase.json emulators config.
Multiple projectIds are not recommended in single project mode. Requested project ID shigodeki-test-1768699121075, but the emulator is configured for shigodeki-dev. To opt-out of single project mode add/set the '"singleProjectMode": false' property in the firebase.json emulators config.
Multiple projectIds are not recommended in single project mode. Requested project ID shigodeki-test-1768699121075, but the emulator is configured for shigodeki-dev. To opt-out of single project mode add/set the '"singleProjectMode": false' property in the firebase.json emulators config.
Jan 18, 2026 10:18:41 AM com.google.cloud.datastore.emulator.impl.util.WrappedStreamObserver onError
WARNING: Operation failed: 
evaluation error at L87:24 for 'create' @ L87, evaluation error at L99:32 for 'update' @ L99, false for 'create' @ L87
com.google.cloud.datastore.core.exception.DatastoreException: 
evaluation error at L87:24 for 'create' @ L87, evaluation error at L99:32 for 'update' @ L99, false for 'create' @ L87
	at com.google.cloud.datastore.core.exception.DatastoreException$Builder.build(DatastoreException.java:139)
	at com.google.cloud.datastore.emulator.impl.rules.DefaultEmulatorRulesAuthorizer.verboseError(DefaultEmulatorRulesAuthorizer.java:318)
	at com.google.cloud.datastore.emulator.impl.rules.DefaultEmulatorRulesAuthorizer.withVerboseErrors(DefaultEmulatorRulesAuthorizer.java:295)
	at com.google.cloud.datastore.emulator.impl.rules.DefaultEmulatorRulesAuthorizer.checkCommit(DefaultEmulatorRulesAuthorizer.java:114)
	at com.google.cloud.datastore.emulator.impl.firestore.FirestoreEmulatorHelper.commitHelper(FirestoreEmulatorHelper.java:365)
	at com.google.cloud.datastore.emulator.impl.firestore.FirestoreEmulatorHelper.internalCommit(FirestoreEmulatorHelper.java:319)
	at com.google.cloud.datastore.emulator.impl.firestore.CloudFirestoreV1.internalCommit(CloudFirestoreV1.java:1170)
	at com.google.cloud.datastore.emulator.impl.firestore.CloudFirestoreV1.write(CloudFirestoreV1.java:1158)
	at com.google.cloud.datastore.emulator.impl.firestore.CloudFirestoreV1WriteStream.handleRequest(CloudFirestoreV1WriteStream.java:222)
	at com.google.cloud.datastore.emulator.impl.firestore.CloudFirestoreV1WriteStream.write(CloudFirestoreV1WriteStream.java:144)
	at com.google.cloud.datastore.emulator.impl.firestore.CloudFirestoreV1WriteStream.onNext(CloudFirestoreV1WriteStream.java:99)
	at com.google.cloud.datastore.emulator.impl.firestore.CloudFirestoreV1WriteStream.onNext(CloudFirestoreV1WriteStream.java:27)
	at io.grpc.stub.ServerCalls$StreamingServerCallHandler$StreamingServerCallListener.onMessage(ServerCalls.java:262)
	at io.grpc.ForwardingServerCallListener.onMessage(ForwardingServerCallListener.java:33)
	at io.grpc.Contexts$ContextualizedServerCallListener.onMessage(Contexts.java:76)
	at io.grpc.ForwardingServerCallListener.onMessage(ForwardingServerCallListener.java:33)
	at io.grpc.Contexts$ContextualizedServerCallListener.onMessage(Contexts.java:76)
	at io.grpc.internal.ServerCallImpl$ServerStreamListenerImpl.messagesAvailableInternal(ServerCallImpl.java:334)
	at io.grpc.internal.ServerCallImpl$ServerStreamListenerImpl.messagesAvailable(ServerCallImpl.java:319)
	at io.grpc.internal.ServerImpl$JumpToApplicationThreadServerStreamListener$1MessagesAvailable.runInContext(ServerImpl.java:834)
	at io.grpc.internal.ContextRunnable.run(ContextRunnable.java:37)
	at io.grpc.internal.SerializingExecutor.run(SerializingExecutor.java:133)
	at java.base/java.util.concurrent.ThreadPoolExecutor.runWorker(ThreadPoolExecutor.java:1090)
	at java.base/java.util.concurrent.ThreadPoolExecutor$Worker.run(ThreadPoolExecutor.java:614)
	at java.base/java.lang.Thread.run(Thread.java:1474)

Multiple projectIds are not recommended in single project mode. Requested project ID shigodeki-test-1768699121075, but the emulator is configured for shigodeki-dev. To opt-out of single project mode add/set the '"singleProjectMode": false' property in the firebase.json emulators config.
Multiple projectIds are not recommended in single project mode. Requested project ID shigodeki-test-1768699121075, but the emulator is configured for shigodeki-dev. To opt-out of single project mode add/set the '"singleProjectMode": false' property in the firebase.json emulators config.
Multiple projectIds are not recommended in single project mode. Requested project ID shigodeki-test-1768699121075, but the emulator is configured for shigodeki-dev. To opt-out of single project mode add/set the '"singleProjectMode": false' property in the firebase.json emulators config.
Multiple projectIds are not recommended in single project mode. Requested project ID shigodeki-test-1768699121075, but the emulator is configured for shigodeki-dev. To opt-out of single project mode add/set the '"singleProjectMode": false' property in the firebase.json emulators config.
Multiple projectIds are not recommended in single project mode. Requested project ID shigodeki-test-1768699121075, but the emulator is configured for shigodeki-dev. To opt-out of single project mode add/set the '"singleProjectMode": false' property in the firebase.json emulators config.
Multiple projectIds are not recommended in single project mode. Requested project ID shigodeki-test-1768699121075, but the emulator is configured for shigodeki-dev. To opt-out of single project mode add/set the '"singleProjectMode": false' property in the firebase.json emulators config.
Multiple projectIds are not recommended in single project mode. Requested project ID shigodeki-test-1768699121075, but the emulator is configured for shigodeki-dev. To opt-out of single project mode add/set the '"singleProjectMode": false' property in the firebase.json emulators config.
Multiple projectIds are not recommended in single project mode. Requested project ID shigodeki-test-1768699121075, but the emulator is configured for shigodeki-dev. To opt-out of single project mode add/set the '"singleProjectMode": false' property in the firebase.json emulators config.
Multiple projectIds are not recommended in single project mode. Requested project ID shigodeki-test-1768699121075, but the emulator is configured for shigodeki-dev. To opt-out of single project mode add/set the '"singleProjectMode": false' property in the firebase.json emulators config.
Multiple projectIds are not recommended in single project mode. Requested project ID shigodeki-test-1768699120864, but the emulator is configured for shigodeki-dev. To opt-out of single project mode add/set the '"singleProjectMode": false' property in the firebase.json emulators config.
Multiple projectIds are not recommended in single project mode. Requested project ID shigodeki-test-1768699120864, but the emulator is configured for shigodeki-dev. To opt-out of single project mode add/set the '"singleProjectMode": false' property in the firebase.json emulators config.
Jan 18, 2026 10:18:41 AM io.gapi.emulators.netty.HttpVersionRoutingHandler channelRead
INFO: Detected HTTP/2 connection.
Multiple projectIds are not recommended in single project mode. Requested project ID shigodeki-test-1768699120864, but the emulator is configured for shigodeki-dev. To opt-out of single project mode add/set the '"singleProjectMode": false' property in the firebase.json emulators config.
Multiple projectIds are not recommended in single project mode. Requested project ID shigodeki-test-1768699120864, but the emulator is configured for shigodeki-dev. To opt-out of single project mode add/set the '"singleProjectMode": false' property in the firebase.json emulators config.
Multiple projectIds are not recommended in single project mode. Requested project ID shigodeki-test-1768699120864, but the emulator is configured for shigodeki-dev. To opt-out of single project mode add/set the '"singleProjectMode": false' property in the firebase.json emulators config.
Multiple projectIds are not recommended in single project mode. Requested project ID shigodeki-test-1768699120864, but the emulator is configured for shigodeki-dev. To opt-out of single project mode add/set the '"singleProjectMode": false' property in the firebase.json emulators config.
Multiple projectIds are not recommended in single project mode. Requested project ID shigodeki-test-1768699120864, but the emulator is configured for shigodeki-dev. To opt-out of single project mode add/set the '"singleProjectMode": false' property in the firebase.json emulators config.
Multiple projectIds are not recommended in single project mode. Requested project ID shigodeki-test-1768699120864, but the emulator is configured for shigodeki-dev. To opt-out of single project mode add/set the '"singleProjectMode": false' property in the firebase.json emulators config.
Multiple projectIds are not recommended in single project mode. Requested project ID shigodeki-test-1768699120864, but the emulator is configured for shigodeki-dev. To opt-out of single project mode add/set the '"singleProjectMode": false' property in the firebase.json emulators config.
Multiple projectIds are not recommended in single project mode. Requested project ID shigodeki-test-1768699120864, but the emulator is configured for shigodeki-dev. To opt-out of single project mode add/set the '"singleProjectMode": false' property in the firebase.json emulators config.
Multiple projectIds are not recommended in single project mode. Requested project ID shigodeki-test-1768699120864, but the emulator is configured for shigodeki-dev. To opt-out of single project mode add/set the '"singleProjectMode": false' property in the firebase.json emulators config.
Multiple projectIds are not recommended in single project mode. Requested project ID shigodeki-test-1768699120864, but the emulator is configured for shigodeki-dev. To opt-out of single project mode add/set the '"singleProjectMode": false' property in the firebase.json emulators config.
Multiple projectIds are not recommended in single project mode. Requested project ID shigodeki-test-1768699120864, but the emulator is configured for shigodeki-dev. To opt-out of single project mode add/set the '"singleProjectMode": false' property in the firebase.json emulators config.
Multiple projectIds are not recommended in single project mode. Requested project ID shigodeki-test, but the emulator is configured for shigodeki-dev. To opt-out of single project mode add/set the '"singleProjectMode": false' property in the firebase.json emulators config.
Multiple projectIds are not recommended in single project mode. Requested project ID shigodeki-test, but the emulator is configured for shigodeki-dev. To opt-out of single project mode add/set the '"singleProjectMode": false' property in the firebase.json emulators config.
Jan 18, 2026 10:18:41 AM io.gapi.emulators.netty.HttpVersionRoutingHandler channelRead
INFO: Detected HTTP/2 connection.
Multiple projectIds are not recommended in single project mode. Requested project ID shigodeki-test, but the emulator is configured for shigodeki-dev. To opt-out of single project mode add/set the '"singleProjectMode": false' property in the firebase.json emulators config.
Multiple projectIds are not recommended in single project mode. Requested project ID shigodeki-test, but the emulator is configured for shigodeki-dev. To opt-out of single project mode add/set the '"singleProjectMode": false' property in the firebase.json emulators config.
Multiple projectIds are not recommended in single project mode. Requested project ID shigodeki-test, but the emulator is configured for shigodeki-dev. To opt-out of single project mode add/set the '"singleProjectMode": false' property in the firebase.json emulators config.
Multiple projectIds are not recommended in single project mode. Requested project ID shigodeki-test, but the emulator is configured for shigodeki-dev. To opt-out of single project mode add/set the '"singleProjectMode": false' property in the firebase.json emulators config.
Multiple projectIds are not recommended in single project mode. Requested project ID shigodeki-test, but the emulator is configured for shigodeki-dev. To opt-out of single project mode add/set the '"singleProjectMode": false' property in the firebase.json emulators config.
Multiple projectIds are not recommended in single project mode. Requested project ID shigodeki-test, but the emulator is configured for shigodeki-dev. To opt-out of single project mode add/set the '"singleProjectMode": false' property in the firebase.json emulators config.
Multiple projectIds are not recommended in single project mode. Requested project ID shigodeki-test, but the emulator is configured for shigodeki-dev. To opt-out of single project mode add/set the '"singleProjectMode": false' property in the firebase.json emulators config.
Multiple projectIds are not recommended in single project mode. Requested project ID shigodeki-test, but the emulator is configured for shigodeki-dev. To opt-out of single project mode add/set the '"singleProjectMode": false' property in the firebase.json emulators config.
Multiple projectIds are not recommended in single project mode. Requested project ID shigodeki-test, but the emulator is configured for shigodeki-dev. To opt-out of single project mode add/set the '"singleProjectMode": false' property in the firebase.json emulators config.
Multiple projectIds are not recommended in single project mode. Requested project ID shigodeki-test, but the emulator is configured for shigodeki-dev. To opt-out of single project mode add/set the '"singleProjectMode": false' property in the firebase.json emulators config.
Multiple projectIds are not recommended in single project mode. Requested project ID shigodeki-test, but the emulator is configured for shigodeki-dev. To opt-out of single project mode add/set the '"singleProjectMode": false' property in the firebase.json emulators config.
Multiple projectIds are not recommended in single project mode. Requested project ID shigodeki-test, but the emulator is configured for shigodeki-dev. To opt-out of single project mode add/set the '"singleProjectMode": false' property in the firebase.json emulators config.
Multiple projectIds are not recommended in single project mode. Requested project ID shigodeki-test, but the emulator is configured for shigodeki-dev. To opt-out of single project mode add/set the '"singleProjectMode": false' property in the firebase.json emulators config.
Multiple projectIds are not recommended in single project mode. Requested project ID shigodeki-test, but the emulator is configured for shigodeki-dev. To opt-out of single project mode add/set the '"singleProjectMode": false' property in the firebase.json emulators config.
Multiple projectIds are not recommended in single project mode. Requested project ID shigodeki-test, but the emulator is configured for shigodeki-dev. To opt-out of single project mode add/set the '"singleProjectMode": false' property in the firebase.json emulators config.
*** shutting down gRPC server since JVM is shutting down
*** server shut down
260119 21:31:18.760:I 3 [main] [com.google.cloud.datastore.emulator.firestore.websocket.WebSocketServer.stop:80] Stopping WebSocket server...
